fecha,valor
2003-01-02,16444
2003-01-03,16491
2003-01-06,16514
2003-01-07,16554
2003-01-08,16597
2003-01-09,16615
2003-01-10,16618
2003-01-13,16540
2003-01-14,16486
2003-01-15,16438
2003-01-16,16399
2003-01-17,16407
2003-01-20,16362
2003-01-21,16353
2003-01-22,16363
2003-01-23,16317
2003-01-24,16266
2003-01-27,16170
2003-01-28,16085
2003-01-29,16065
2003-01-30,16075
2003-01-31,16175
2003-02-03,16260
2003-02-04,16313
2003-02-05,16410
2003-02-06,16537
2003-02-07,16699
2003-02-10,16732
2003-02-11,16703
2003-02-12,16631
2003-02-13,16626
2003-02-14,16641
2003-02-17,16582
2003-02-18,16544
2003-02-19,16566
2003-02-20,16594
2003-02-21,16619
2003-02-24,16580
2003-02-25,16461
2003-02-26,16409
2003-02-27,16440
2003-02-28,16532
2003-03-03,16687
2003-03-04,16764
2003-03-05,16867
2003-03-06,17003
2003-03-07,17192
2003-03-10,17258
2003-03-11,17259
2003-03-12,17227
2003-03-13,17203
2003-03-14,17200
2003-03-17,17110
2003-03-18,17044
2003-03-19,16982
2003-03-20,17020
2003-03-21,17063
2003-03-24,16971
2003-03-25,16893
2003-03-26,16854
2003-03-27,16897
2003-03-28,17017
2003-04-01,17127
2003-04-02,17189
2003-04-03,17309
2003-04-04,17468
2003-04-07,17604
2003-04-08,17624
2003-04-09,17658
2003-04-10,17689
2003-04-11,17768
2003-04-14,17740
2003-04-15,17722
2003-04-16,17775
2003-04-21,17584
2003-04-22,17538
2003-04-23,17483
2003-04-24,17435
2003-04-25,17440
2003-04-28,17342
2003-04-29,17306
2003-04-30,17394
2003-05-02,17673
2003-05-05,17862
2003-05-06,17882
2003-05-07,18004
2003-05-08,18136
2003-05-09,18285
2003-05-12,18270
2003-05-13,18192
2003-05-14,18154
2003-05-15,18149
2003-05-16,18172
2003-05-19,18085
2003-05-20,18106
2003-05-21,18153
2003-05-22,18174
2003-05-23,18202
2003-05-26,18090
2003-05-27,18009
2003-05-28,18011
2003-05-29,18048
2003-05-30,18183
2003-06-02,18419
2003-06-03,18550
2003-06-04,18661
2003-06-05,18872
2003-06-06,19136
2003-06-09,19245
2003-06-10,19265
2003-06-11,19181
2003-06-12,19170
2003-06-13,19244
2003-06-17,19155
2003-06-18,19074
2003-06-19,19075
2003-06-20,19183
2003-06-23,19183
2003-06-24,19161
2003-06-25,19125
2003-06-26,19133
2003-06-27,19298
2003-06-30,19489
2003-07-01,19742
2003-07-02,19969
2003-07-03,20225
2003-07-04,20544
2003-07-07,20851
2003-07-08,20919
2003-07-10,21083
2003-07-11,21157
2003-07-14,21091
2003-07-15,21010
2003-07-16,20998
2003-07-17,21084
2003-07-18,21162
2003-07-21,21159
2003-07-22,21168
2003-07-23,21116
2003-07-24,21110
2003-07-25,21120
2003-07-28,21027
2003-07-29,20992
2003-07-30,21006
2003-07-31,21074
2003-08-01,21387
2003-08-04,21577
2003-08-05,21664
2003-08-06,21806
2003-08-07,22001
2003-08-08,22249
2003-08-11,22267
2003-08-12,22158
2003-08-13,22083
2003-08-14,22050
2003-08-15,22095
2003-08-19,21866
2003-08-20,21827
2003-08-21,21866
2003-08-22,21917
2003-08-25,21857
2003-08-26,21770
2003-08-27,21784
2003-08-28,21845
2003-08-29,22010
2003-09-01,22222
2003-09-02,22386
2003-09-03,22517
2003-09-04,22720
2003-09-05,23121
2003-09-08,23211
2003-09-09,23163
2003-09-10,23007
2003-09-11,23034
2003-09-12,23017
2003-09-15,22820
2003-09-16,22710
2003-09-17,22642
2003-09-18,22643
2003-09-19,22722
2003-09-22,22555
2003-09-23,22448
2003-09-24,22340
2003-09-25,22288
2003-09-26,22312
2003-09-29,22240
2003-09-30,22302
2003-10-01,22503
2003-10-02,22738
2003-10-03,22990
2003-10-06,23145
2003-10-07,23275
2003-10-08,23367
2003-10-09,23455
2003-10-10,23522
2003-10-14,23226
2003-10-15,23095
2003-10-16,22992
2003-10-17,22949
2003-10-20,22803
2003-10-21,22720
2003-10-22,22644
2003-10-23,22652
2003-10-24,22667
2003-10-27,22537
2003-10-28,22459
2003-10-29,22417
2003-10-30,22471
2003-10-31,22656
2003-11-03,22917
2003-11-04,23024
2003-11-05,23296
2003-11-07,23619
2003-11-10,23769
2003-11-11,23644
2003-11-12,23527
2003-11-13,23539
2003-11-14,23606
2003-11-17,23455
2003-11-18,23408
2003-11-19,23360
2003-11-20,23438
2003-11-21,23535
2003-11-24,23420
2003-11-25,23424
2003-11-26,23377
2003-11-27,23368
2003-11-28,23522
2003-12-01,23803
2003-12-02,24005
2003-12-03,24212
2003-12-04,24448
2003-12-05,24962
2003-12-09,24908
2003-12-10,24965
2003-12-11,25028
2003-12-12,25114
2003-12-15,25042
2003-12-16,25037
2003-12-17,25104
2003-12-18,25309
2003-12-19,25629
2003-12-22,25896
2003-12-23,26236
2003-12-24,26289
2003-12-26,26525
2003-12-29,26554
2003-12-30,26709
2003-12-31,26631
2004-01-02,26535
2004-01-05,26445
2004-01-06,26413
2004-01-07,26477
2004-01-08,26713
2004-01-09,26738
2004-01-12,26533
2004-01-13,26207
2004-01-14,26128
2004-01-15,26053
2004-01-16,25848
2004-01-19,25756
2004-01-20,25594
2004-01-21,25480
2004-01-22,25426
2004-01-23,25414
2004-01-26,25307
2004-01-27,25225
2004-01-28,25215
2004-01-29,25326
2004-01-30,25524
2004-02-02,25790
2004-02-03,25917
2004-02-04,26057
2004-02-05,26357
2004-02-06,26675
2004-02-09,26703
2004-02-10,26578
2004-02-11,26411
2004-02-12,26298
2004-02-13,26243
2004-02-16,26017
2004-02-17,25854
2004-02-18,25757
2004-02-19,25681
2004-02-20,25745
2004-02-23,25614
2004-02-24,25545
2004-02-25,25501
2004-02-26,25557
2004-02-27,25741
2004-03-01,26005
2004-03-02,26164
2004-03-03,26291
2004-03-04,26562
2004-03-05,26941
2004-03-08,27049
2004-03-09,26949
2004-03-10,26793
2004-03-11,26710
2004-03-12,26644
2004-03-15,26384
2004-03-16,26225
2004-03-17,26051
2004-03-18,25950
2004-03-19,25963
2004-03-22,25805
2004-03-23,25701
2004-03-24,25638
2004-03-25,25590
2004-03-26,25649
2004-03-29,25646
2004-03-30,25595
2004-03-31,25695
2004-04-01,26061
2004-04-02,26532
2004-04-06,26839
2004-04-07,27021
2004-04-12,26690
2004-04-13,26532
2004-04-14,26393
2004-04-15,26250
2004-04-16,26147
2004-04-19,25946
2004-04-20,25896
2004-04-21,25852
2004-04-22,25865
2004-04-23,25911
2004-04-26,25773
2004-04-27,25740
2004-04-28,25685
2004-04-29,25814
2004-04-30,26025
2004-05-03,26393
2004-05-04,26584
2004-05-05,26847
2004-05-06,27077
2004-05-07,27506
2004-05-10,27480
2004-05-11,27343
2004-05-12,27210
2004-05-13,27085
2004-05-14,27034
2004-05-17,26858
2004-05-18,26748
2004-05-19,26653
2004-05-20,26627
2004-05-21,26712
2004-05-24,26632
2004-05-26,26524
2004-05-27,26498
2004-05-28,26607
2004-05-31,26683
2004-06-01,26880
2004-06-02,27052
2004-06-03,27357
2004-06-04,27801
2004-06-07,27972
2004-06-08,27863
2004-06-09,27733
2004-06-10,27673
2004-06-11,27741
2004-06-14,27521
2004-06-15,27355
2004-06-16,27219
2004-06-17,27197
2004-06-18,27325
2004-06-22,27201
2004-06-23,27097
2004-06-24,27115
2004-06-25,27195
2004-06-28,27143
2004-06-29,27484
2004-06-30,27440
2004-07-01,27771
2004-07-02,28339
2004-07-05,28977
2004-07-06,29119
2004-07-07,29335
2004-07-08,29596
2004-07-12,29350
2004-07-13,29182
2004-07-14,29038
2004-07-15,28913
2004-07-16,28843
2004-07-19,28618
2004-07-20,28496
2004-07-21,28465
2004-07-22,28431
2004-07-23,28490
2004-07-26,28324
2004-07-27,28225
2004-07-28,28195
2004-07-29,28308
2004-07-30,28532
2004-08-02,28747
2004-08-03,28955
2004-08-04,29152
2004-08-05,29427
2004-08-06,29816
2004-08-09,29752
2004-08-10,29562
2004-08-11,29363
2004-08-12,29220
2004-08-13,29137
2004-08-17,28747
2004-08-18,28510
2004-08-19,28460
2004-08-20,28490
2004-08-23,28331
2004-08-24,28237
2004-08-25,28168
2004-08-26,28169
2004-08-27,28198
2004-08-30,28229
2004-08-31,28251
2004-09-01,28574
2004-09-02,28878
2004-09-03,29256
2004-09-06,29440
2004-09-07,29530
2004-09-08,29518
2004-09-09,29447
2004-09-10,29392
2004-09-13,29089
2004-09-14,28878
2004-09-15,28667
2004-09-16,28560
2004-09-17,28538
2004-09-20,28367
2004-09-21,28265
2004-09-22,28213
2004-09-23,28231
2004-09-24,28250
2004-09-27,28084
2004-09-28,28048
2004-09-29,28095
2004-09-30,28176
2004-10-01,28692
2004-10-04,28911
2004-10-05,29103
2004-10-06,29317
2004-10-07,29565
2004-10-08,29684
2004-10-12,29314
2004-10-13,28945
2004-10-14,28822
2004-10-15,28687
2004-10-18,28461
2004-10-19,28287
2004-10-20,28256
2004-10-21,28277
2004-10-22,28327
2004-10-25,28085
2004-10-26,28027
2004-10-27,28044
2004-10-28,28201
2004-10-29,28447
2004-11-01,28805
2004-11-02,28993
2004-11-03,29159
2004-11-04,29467
2004-11-05,29883
2004-11-08,29850
2004-11-09,29749
2004-11-10,29543
2004-11-11,29407
2004-11-12,29319
2004-11-15,29028
2004-11-16,28884
2004-11-17,28797
2004-11-18,28775
2004-11-19,28840
2004-11-22,28740
2004-11-23,28655
2004-11-24,28587
2004-11-25,28689
2004-11-26,28811
2004-11-29,28770
2004-11-30,28789
2004-12-01,29292
2004-12-02,29636
2004-12-03,30223
2004-12-06,30714
2004-12-07,31049
2004-12-09,31086
2004-12-10,31230
2004-12-13,31048
2004-12-14,30892
2004-12-15,30884
2004-12-16,31049
2004-12-17,31522
2004-12-20,31785
2004-12-21,32199
2004-12-22,32573
2004-12-23,33161
2004-12-24,33193
2004-12-27,33368
2004-12-28,33400
2004-12-29,33507
2004-12-30,33734
2004-12-31,33825
2005-01-03,33751
2005-01-04,33713
2005-01-05,33666
2005-01-06,33748
2005-01-07,33799
2005-01-10,33565
2005-01-11,33252
2005-01-12,32987
2005-01-13,32717
2005-01-14,32511
2005-01-17,32220
2005-01-18,32035
2005-01-19,31959
2005-01-20,31904
2005-01-21,31911
2005-01-24,31771
2005-01-25,31663
2005-01-26,31581
2005-01-27,31638
2005-01-28,31801
2005-01-31,31831
2005-02-01,32015
2005-02-02,32194
2005-02-03,32377
2005-02-04,32844
2005-02-07,32920
2005-02-08,32841
2005-02-09,32710
2005-02-10,32575
2005-02-11,32487
2005-02-14,32202
2005-02-15,31972
2005-02-16,31853
2005-02-17,31841
2005-02-18,31831
2005-02-21,31767
2005-02-22,31681
2005-02-23,31649
2005-02-24,31736
2005-02-25,31893
2005-02-28,32009
2005-03-01,32273
2005-03-02,32509
2005-03-03,32807
2005-03-04,33201
2005-03-07,33358
2005-03-08,33286
2005-03-09,33164
2005-03-10,33129
2005-03-11,33072
2005-03-14,32778
2005-03-15,32575
2005-03-16,32380
2005-03-17,32258
2005-03-18,32342
2005-03-21,32271
2005-03-22,32215
2005-03-23,32245
2005-03-28,31959
2005-03-29,31834
2005-03-30,31905
2005-03-31,32086
2005-04-01,32525
2005-04-04,32822
2005-04-05,32957
2005-04-06,33211
2005-04-07,33449
2005-04-08,33769
2005-04-11,33482
2005-04-12,33232
2005-04-13,33015
2005-04-14,32919
2005-04-15,32879
2005-04-18,32658
2005-04-19,32492
2005-04-20,32386
2005-04-21,32422
2005-04-22,32543
2005-04-25,32425
2005-04-26,32336
2005-04-27,32319
2005-04-28,32455
2005-04-29,32840
2005-05-02,33189
2005-05-03,33297
2005-05-04,33537
2005-05-05,33799
2005-05-06,34321
2005-05-09,34213
2005-05-10,34039
2005-05-11,33902
2005-05-12,33873
2005-05-13,33857
2005-05-16,33597
2005-05-17,33417
2005-05-18,33348
2005-05-19,33414
2005-05-20,33472
2005-05-23,33315
2005-05-24,33327
2005-05-26,33306
2005-05-27,33281
2005-05-30,33261
2005-05-31,33406
2005-06-01,33660
2005-06-02,34066
2005-06-03,34539
2005-06-06,34815
2005-06-07,34942
2005-06-08,34969
2005-06-09,35021
2005-06-10,35078
2005-06-13,34832
2005-06-14,34670
2005-06-15,34550
2005-06-16,34587
2005-06-17,34685
2005-06-21,34459
2005-06-22,34398
2005-06-23,34438
2005-06-24,34543
2005-06-27,34415
2005-06-28,34555
2005-06-29,34720
2005-06-30,35136
2005-07-01,35665
2005-07-04,36096
2005-07-05,36249
2005-07-06,36681
2005-07-07,37085
2005-07-08,37420
2005-07-11,37323
2005-07-12,37114
2005-07-13,36978
2005-07-14,36892
2005-07-15,36849
2005-07-18,36599
2005-07-19,36406
2005-07-20,36318
2005-07-21,36290
2005-07-22,36334
2005-07-25,36240
2005-07-26,36110
2005-07-27,36105
2005-07-28,36149
2005-07-29,36462
2005-08-01,36683
2005-08-02,36846
2005-08-03,37033
2005-08-04,37398
2005-08-05,37795
2005-08-08,37827
2005-08-09,37549
2005-08-10,37481
2005-08-11,37404
2005-08-12,37411
2005-08-16,37051
2005-08-17,36779
2005-08-18,36752
2005-08-19,36871
2005-08-22,36689
2005-08-23,36561
2005-08-24,36476
2005-08-25,36545
2005-08-26,36669
2005-08-29,36487
2005-08-30,36509
2005-08-31,36712
2005-09-01,37009
2005-09-02,37468
2005-09-05,37742
2005-09-06,37901
2005-09-07,38054
2005-09-08,38150
2005-09-09,38136
2005-09-12,37877
2005-09-13,37601
2005-09-14,37483
2005-09-15,37439
2005-09-16,37475
2005-09-19,37191
2005-09-20,37048
2005-09-21,37050
2005-09-22,37102
2005-09-23,37215
2005-09-26,37014
2005-09-27,36906
2005-09-28,36924
2005-09-29,37101
2005-09-30,37436
2005-10-03,37754
2005-10-04,37908
2005-10-05,38162
2005-10-06,38637
2005-10-07,38922
2005-10-11,38730
2005-10-12,38474
2005-10-13,38410
2005-10-14,38509
2005-10-17,38197
2005-10-18,38021
2005-10-19,37924
2005-10-20,38016
2005-10-21,38154
2005-10-24,38063
2005-10-25,37895
2005-10-26,37919
2005-10-27,38034
2005-10-28,38204
2005-10-31,38374
2005-11-01,38502
2005-11-02,38811
2005-11-03,39120
2005-11-04,39633
2005-11-07,39851
2005-11-08,39709
2005-11-09,39512
2005-11-10,39462
2005-11-11,39462
2005-11-14,39160
2005-11-15,38953
2005-11-16,38847
2005-11-17,38830
2005-11-18,38885
2005-11-21,38707
2005-11-22,38564
2005-11-23,38512
2005-11-24,38567
2005-11-25,38665
2005-11-28,38528
2005-11-29,38486
2005-11-30,38727
2005-12-01,39069
2005-12-02,39707
2005-12-05,40099
2005-12-06,40361
2005-12-07,40784
2005-12-09,40998
2005-12-12,40799
2005-12-13,40566
2005-12-14,40470
2005-12-15,40527
2005-12-16,40719
2005-12-19,40778
2005-12-20,40932
2005-12-21,41469
2005-12-22,42216
2005-12-23,42783
2005-12-26,42742
2005-12-27,42838
2005-12-28,42955
2005-12-29,43416
2005-12-30,43742
2005-12-31,43497
2006-01-02,43597
2006-01-03,43542
2006-01-04,43480
2006-01-05,43744
2006-01-06,44011
2006-01-09,43805
2006-01-10,43496
2006-01-11,43202
2006-01-12,43060
2006-01-13,42940
2006-01-16,42641
2006-01-17,42341
2006-01-18,42181
2006-01-19,42118
2006-01-20,42098
2006-01-23,41888
2006-01-24,41731
2006-01-25,41666
2006-01-26,41698
2006-01-27,41799
2006-01-30,41832
2006-01-31,41923
2006-02-01,42113
2006-02-02,42373
2006-02-03,42665
2006-02-06,42919
2006-02-07,42937
2006-02-08,42901
2006-02-09,42882
2006-02-10,42868
2006-02-13,42481
2006-02-14,42243
2006-02-15,42086
2006-02-16,41995
2006-02-17,42041
2006-02-20,41813
2006-02-21,41659
2006-02-22,41603
2006-02-23,41678
2006-02-24,41762
2006-02-27,41714
2006-02-28,41841
2006-03-01,41976
2006-03-02,42414
2006-03-03,42733
2006-03-06,43051
2006-03-07,43094
2006-03-08,43078
2006-03-09,42980
2006-03-10,42966
2006-03-13,42554
2006-03-14,42246
2006-03-15,42088
2006-03-16,41969
2006-03-17,41999
2006-03-20,41750
2006-03-21,41648
2006-03-22,41630
2006-03-23,41816
2006-03-27,41700
2006-03-28,41384
2006-03-29,41371
2006-03-30,41575
2006-03-31,41997
2006-04-03,42406
2006-04-04,42489
2006-04-05,42720
2006-04-06,43152
2006-04-07,43575
2006-04-10,43470
2006-04-11,43240
2006-04-12,43142
2006-04-17,42521
2006-04-18,42191
2006-04-19,42044
2006-04-20,42073
2006-04-21,42190
2006-04-24,41990
2006-04-25,41869
2006-04-26,41821
2006-04-27,42000
2006-04-28,42443
2006-05-02,42738
2006-05-03,42835
2006-05-04,43049
2006-05-05,43690
2006-05-08,43808
2006-05-09,43586
2006-05-10,43441
2006-05-11,43341
2006-05-12,43395
2006-05-15,43046
2006-05-16,42787
2006-05-17,42690
2006-05-18,42663
2006-05-19,42806
2006-05-22,42660
2006-05-23,42498
2006-05-24,42537
2006-05-26,42597
2006-05-29,42403
2006-05-30,42398
2006-05-31,42692
2006-06-01,43047
2006-06-02,43576
2006-06-05,43918
2006-06-06,44061
2006-06-07,44251
2006-06-08,44333
2006-06-09,44440
2006-06-12,44234
2006-06-13,43952
2006-06-14,43823
2006-06-15,43823
2006-06-16,43868
2006-06-20,43591
2006-06-21,43382
2006-06-22,43432
2006-06-23,43677
2006-06-26,43611
2006-06-27,43542
2006-06-28,43770
2006-06-29,44100
2006-06-30,44692
2006-07-03,45251
2006-07-04,45542
2006-07-05,45924
2006-07-06,46415
2006-07-07,46879
2006-07-10,46806
2006-07-11,46567
2006-07-12,46439
2006-07-13,46391
2006-07-14,46380
2006-07-17,46099
2006-07-18,45872
2006-07-19,45707
2006-07-20,45846
2006-07-21,46009
2006-07-24,45792
2006-07-25,45633
2006-07-26,45554
2006-07-27,45643
2006-07-28,45836
2006-07-31,46019
2006-08-01,46140
2006-08-02,46345
2006-08-03,46644
2006-08-04,47178
2006-08-07,47391
2006-08-08,47219
2006-08-09,47028
2006-08-10,46942
2006-08-11,46894
2006-08-14,46586
2006-08-15,46290
2006-08-16,46155
2006-08-17,46104
2006-08-18,46172
2006-08-22,45916
2006-08-23,45656
2006-08-24,45660
2006-08-25,45787
2006-08-28,45571
2006-08-29,45476
2006-08-30,45646
2006-08-31,45929
2006-09-01,46417
2006-09-04,46785
2006-09-05,46889
2006-09-06,47190
2006-09-07,47501
2006-09-08,47647
2006-09-11,47414
2006-09-12,47110
2006-09-13,46904
2006-09-14,46815
2006-09-15,46829
2006-09-18,46518
2006-09-19,46260
2006-09-20,46191
2006-09-21,46265
2006-09-22,46425
2006-09-25,46215
2006-09-26,46093
2006-09-27,46128
2006-09-28,46273
2006-09-29,46697
2006-10-02,47016
2006-10-03,47156
2006-10-04,47399
2006-10-05,47887
2006-10-06,48383
2006-10-09,48302
2006-10-10,48077
2006-10-11,47794
2006-10-12,47754
2006-10-13,47754
2006-10-17,47281
2006-10-18,46959
2006-10-19,46888
2006-10-20,47038
2006-10-23,46798
2006-10-24,46625
2006-10-25,46633
2006-10-26,46674
2006-10-27,46812
2006-10-30,46841
2006-10-31,46969
2006-11-01,47286
2006-11-02,47697
2006-11-03,48300
2006-11-07,48320
2006-11-08,48386
2006-11-09,48339
2006-11-10,48385
2006-11-13,48045
2006-11-14,47819
2006-11-15,47667
2006-11-16,47662
2006-11-17,47706
2006-11-20,47459
2006-11-21,47359
2006-11-22,47384
2006-11-23,47455
2006-11-24,47610
2006-11-27,47440
2006-11-28,47380
2006-11-29,47587
2006-11-30,47928
2006-12-01,48587
2006-12-04,48975
2006-12-05,49207
2006-12-06,49772
2006-12-07,50392
2006-12-11,50281
2006-12-12,50024
2006-12-13,49935
2006-12-14,50066
2006-12-15,50267
2006-12-18,50228
2006-12-19,50359
2006-12-20,50780
2006-12-21,51716
2006-12-22,52520
2006-12-26,52621
2006-12-27,52717
2006-12-28,53304
2006-12-29,53799
2007-01-02,53658
2007-01-03,53552
2007-01-04,53588
2007-01-05,54045
2007-01-08,54017
2007-01-09,53680
2007-01-10,53446
2007-01-11,53223
2007-01-12,53159
2007-01-15,52814
2007-01-16,52477
2007-01-17,52291
2007-01-18,52212
2007-01-19,52221
2007-01-22,51979
2007-01-23,51697
2007-01-24,51690
2007-01-25,51713
2007-01-26,51816
2007-01-29,51720
2007-01-30,51756
2007-01-31,51847
2007-02-01,52186
2007-02-02,52923
2007-02-05,53000
2007-02-06,53125
2007-02-07,53460
2007-02-08,53427
2007-02-09,53515
2007-02-12,53188
2007-02-13,52757
2007-02-14,52543
2007-02-15,52428
2007-02-16,52430
2007-02-19,52239
2007-02-20,52078
2007-02-21,51905
2007-02-22,52132
2007-02-23,52103
2007-02-26,51987
2007-02-27,51980
2007-02-28,52243
2007-03-01,52558
2007-03-02,53199
2007-03-05,53599
2007-03-06,53800
2007-03-07,54030
2007-03-08,54324
2007-03-09,54335
2007-03-12,53942
2007-03-13,53527
2007-03-14,53312
2007-03-15,53195
2007-03-16,53154
2007-03-19,52799
2007-03-20,52535
2007-03-21,52515
2007-03-22,52611
2007-03-23,52828
2007-03-26,52655
2007-03-27,52500
2007-03-28,52560
2007-03-29,52693
2007-03-30,53151
2007-04-03,53833
2007-04-04,54302
2007-04-09,54420
2007-04-10,54361
2007-04-11,54092
2007-04-12,54002
2007-04-13,54026
2007-04-16,53671
2007-04-17,53323
2007-04-18,53224
2007-04-19,53212
2007-04-20,53426
2007-04-23,53276
2007-04-24,53098
2007-04-25,52965
2007-04-26,53079
2007-04-27,53402
2007-04-30,53688
2007-05-02,53997
2007-05-03,54393
2007-05-04,54927
2007-05-07,55480
2007-05-08,55254
2007-05-09,55240
2007-05-10,55122
2007-05-11,55083
2007-05-14,54687
2007-05-15,54449
2007-05-16,54288
2007-05-17,54441
2007-05-18,54373
2007-05-21,54330
2007-05-22,54085
2007-05-23,54140
2007-05-24,54304
2007-05-28,54058
2007-05-29,53903
2007-05-30,54111
2007-05-31,54370
2007-06-01,55033
2007-06-04,55562
2007-06-05,55797
2007-06-06,56238
2007-06-07,56632
2007-06-08,57015
2007-06-11,56907
2007-06-12,56572
2007-06-13,56244
2007-06-14,56276
2007-06-15,56402
2007-06-19,56004
2007-06-20,55765
2007-06-21,55827
2007-06-22,56165
2007-06-25,56199
2007-06-26,56191
2007-06-27,56392
2007-06-28,56796
2007-06-29,57493
2007-07-02,58163
2007-07-03,58507
2007-07-04,59045
2007-07-05,59695
2007-07-06,60406
2007-07-10,60400
2007-07-11,60181
2007-07-12,60084
2007-07-13,60043
2007-07-16,59707
2007-07-17,59364
2007-07-18,59257
2007-07-19,59283
2007-07-20,59460
2007-07-23,59263
2007-07-24,59065
2007-07-25,59054
2007-07-26,59026
2007-07-27,59217
2007-07-30,59122
2007-07-31,59103
2007-08-01,59359
2007-08-02,59751
2007-08-03,60307
2007-08-06,60759
2007-08-07,60925
2007-08-08,60976
2007-08-09,60880
2007-08-10,60711
2007-08-13,60233
2007-08-14,59856
2007-08-15,59647
2007-08-16,59648
2007-08-17,59597
2007-08-21,59258
2007-08-22,59017
2007-08-23,59034
2007-08-24,59147
2007-08-27,59063
2007-08-28,58604
2007-08-29,58678
2007-08-30,58589
2007-08-31,58945
2007-09-03,59330
2007-09-04,59483
2007-09-05,59746
2007-09-06,60230
2007-09-07,60663
2007-09-10,60509
2007-09-11,60062
2007-09-12,59762
2007-09-13,59577
2007-09-14,59509
2007-09-17,59095
2007-09-18,58709
2007-09-19,58596
2007-09-20,58684
2007-09-21,58826
2007-09-24,58648
2007-09-25,58486
2007-09-26,58441
2007-09-27,58611
2007-09-28,59057
2007-10-01,59460
2007-10-02,59642
2007-10-03,59932
2007-10-04,60518
2007-10-05,61158
2007-10-08,61273
2007-10-09,60927
2007-10-10,60680
2007-10-11,60532
2007-10-12,60484
2007-10-16,59944
2007-10-17,59483
2007-10-18,59406
2007-10-19,59547
2007-10-22,59335
2007-10-23,59051
2007-10-24,58998
2007-10-25,58989
2007-10-26,59166
2007-10-29,59034
2007-10-30,58858
2007-10-31,58973
2007-11-01,59598
2007-11-02,60092
2007-11-05,60651
2007-11-07,60724
2007-11-08,61009
2007-11-09,61190
2007-11-12,60868
2007-11-13,60333
2007-11-14,60090
2007-11-15,60005
2007-11-16,59974
2007-11-19,59602
2007-11-20,59388
2007-11-21,59383
2007-11-22,59541
2007-11-23,59726
2007-11-26,59446
2007-11-27,59265
2007-11-28,59303
2007-11-29,59574
2007-11-30,59983
2007-12-03,60536
2007-12-04,61033
2007-12-05,61268
2007-12-06,62042
2007-12-07,62858
2007-12-10,62422
2007-12-11,62653
2007-12-12,62462
2007-12-13,62552
2007-12-14,62730
2007-12-17,62600
2007-12-18,62614
2007-12-19,63074
2007-12-20,64103
2007-12-21,65634
2007-12-26,65738
2007-12-27,66021
2007-12-28,67343
2008-01-02,66702
2008-01-03,66630
2008-01-04,66921
2008-01-07,67174
2008-01-08,66937
2008-01-09,66659
2008-01-10,66407
2008-01-11,66187
2008-01-14,65655
2008-01-15,65194
2008-01-16,64930
2008-01-17,64764
2008-01-18,64728
2008-01-21,64442
2008-01-22,64152
2008-01-23,64019
2008-01-24,64030
2008-01-25,64111
2008-01-28,63852
2008-01-29,63703
2008-01-30,63853
2008-01-31,64109
2008-02-01,64699
2008-02-04,65214
2008-02-05,65382
2008-02-06,65636
2008-02-07,65967
2008-02-08,66230
2008-02-11,65926
2008-02-12,65336
2008-02-13,64981
2008-02-14,64783
2008-02-15,64727
2008-02-18,64320
2008-02-19,63979
2008-02-20,63870
2008-02-21,63880
2008-02-22,64049
2008-02-25,63872
2008-02-26,63666
2008-02-27,63665
2008-02-28,63890
2008-02-29,64352
2008-03-03,64885
2008-03-04,65180
2008-03-05,65560
2008-03-06,66056
2008-03-07,66595
2008-03-10,66526
2008-03-11,66065
2008-03-12,65677
2008-03-13,65498
2008-03-14,65370
2008-03-17,65012
2008-03-18,64740
2008-03-19,64888
2008-03-25,64250
2008-03-26,63979
2008-03-27,63997
2008-03-28,64599
2008-03-31,64880
2008-04-01,65358
2008-04-03,65711
2008-04-04,66524
2008-04-07,67013
2008-04-08,66874
2008-04-09,66548
2008-04-10,66437
2008-04-11,66395
2008-04-14,66034
2008-04-15,65555
2008-04-16,65348
2008-04-17,65310
2008-04-18,65454
2008-04-21,65075
2008-04-22,64790
2008-04-23,64667
2008-04-24,64719
2008-04-25,64904
2008-04-28,64631
2008-04-29,64685
2008-04-30,65025
2008-05-02,65898
2008-05-05,66385
2008-05-06,66531
2008-05-07,66849
2008-05-08,67255
2008-05-09,67659
2008-05-12,67425
2008-05-13,66913
2008-05-14,66664
2008-05-15,66484
2008-05-16,66391
2008-05-19,66112
2008-05-20,65708
2008-05-21,65491
2008-05-22,65441
2008-05-23,65563
2008-05-26,65276
2008-05-27,65032
2008-05-28,64956
2008-05-29,65149
2008-05-30,65560
2008-06-02,66168
2008-06-03,66275
2008-06-04,66545
2008-06-05,67151
2008-06-06,67862
2008-06-09,67783
2008-06-10,67333
2008-06-11,66958
2008-06-12,66755
2008-06-13,66741
2008-06-17,66272
2008-06-18,65846
2008-06-19,65690
2008-06-20,65785
2008-06-23,65639
2008-06-24,65411
2008-06-25,65418
2008-06-26,65540
2008-06-27,66035
2008-06-30,66633
2008-07-01,66929
2008-07-02,67526
2008-07-03,68106
2008-07-04,69071
2008-07-07,69775
2008-07-08,69708
2008-07-10,69562
2008-07-11,69361
2008-07-14,68826
2008-07-15,68332
2008-07-16,68069
2008-07-17,67928
2008-07-18,67962
2008-07-21,67644
2008-07-22,67211
2008-07-23,67151
2008-07-24,67198
2008-07-25,67354
2008-07-28,66859
2008-07-29,66704
2008-07-30,66613
2008-07-31,66844
2008-08-01,67567
2008-08-04,68043
2008-08-05,68222
2008-08-06,68652
2008-08-07,69054
2008-08-08,69386
2008-08-11,68961
2008-08-12,68288
2008-08-13,67938
2008-08-14,67654
2008-08-15,67525
2008-08-19,66842
2008-08-20,66352
2008-08-21,66280
2008-08-22,66427
2008-08-25,66116
2008-08-26,65899
2008-08-27,65873
2008-08-28,66029
2008-08-29,66564
2008-09-01,67052
2008-09-02,67301
2008-09-03,67700
2008-09-04,68352
2008-09-05,69195
2008-09-08,69346
2008-09-09,68807
2008-09-10,68467
2008-09-11,68126
2008-09-12,67954
2008-09-15,67378
2008-09-16,66784
2008-09-17,66597
2008-09-18,66476
2008-09-19,66620
2008-09-22,66347
2008-09-23,66027
2008-09-24,65920
2008-09-25,65984
2008-09-26,66142
2008-09-29,65779
2008-09-30,65866
2008-10-01,66378
2008-10-02,67206
2008-10-03,68136
2008-10-06,69064
2008-10-07,69092
2008-10-08,69172
2008-10-09,68968
2008-10-10,68957
2008-10-14,68022
2008-10-15,67230
2008-10-16,66869
2008-10-17,66777
2008-10-20,66227
2008-10-21,65835
2008-10-22,65795
2008-10-23,66001
2008-10-24,66092
2008-10-27,65710
2008-10-28,65414
2008-10-29,65279
2008-10-30,65279
2008-10-31,65813
2008-11-03,66650
2008-11-04,67258
2008-11-05,67844
2008-11-07,68518
2008-11-10,68403
2008-11-11,67922
2008-11-12,67538
2008-11-13,67293
2008-11-14,67281
2008-11-17,66763
2008-11-18,66344
2008-11-19,66160
2008-11-20,66217
2008-11-21,66415
2008-11-24,66081
2008-11-25,65812
2008-11-26,65800
2008-11-27,65956
2008-11-28,66505
2008-12-01,67289
2008-12-02,67682
2008-12-03,68345
2008-12-04,69295
2008-12-05,70407
2008-12-09,70513
2008-12-10,70084
2008-12-11,69912
2008-12-12,69817
2008-12-15,69370
2008-12-16,69080
2008-12-17,69383
2008-12-18,69889
2008-12-19,70950
2008-12-22,71986
2008-12-23,73035
2008-12-24,73006
2008-12-26,73484
2008-12-29,73580
2008-12-30,73925
2008-12-31,74043
2009-01-02,74160
2009-01-05,74240
2009-01-06,74160
2009-01-07,74212
2009-01-08,74364
2009-01-09,74365
2009-01-12,73724
2009-01-13,72913
2009-01-14,72451
2009-01-15,72138
2009-01-16,71962
2009-01-19,71425
2009-01-20,70913
2009-01-21,70717
2009-01-22,70628
2009-01-23,70664
2009-01-26,70372
2009-01-27,70070
2009-01-28,70028
2009-01-29,70201
2009-01-30,70644
2009-02-02,71318
2009-02-03,71451
2009-02-04,71741
2009-02-05,72257
2009-02-06,72820
2009-02-09,72852
2009-02-10,72349
2009-02-11,71811
2009-02-12,71500
2009-02-13,71256
2009-02-16,70712
2009-02-17,70226
2009-02-18,69997
2009-02-19,69940
2009-02-20,70043
2009-02-23,69677
2009-02-24,69317
2009-02-25,69187
2009-02-26,69156
2009-02-27,69615
2009-03-02,70189
2009-03-03,70272
2009-03-04,70440
2009-03-05,70929
2009-03-06,71584
2009-03-09,71526
2009-03-10,70873
2009-03-11,70313
2009-03-12,69827
2009-03-13,69629
2009-03-16,68941
2009-03-17,68319
2009-03-18,68001
2009-03-19,67931
2009-03-20,68084
2009-03-23,67712
2009-03-25,67293
2009-03-26,67170
2009-03-27,67203
2009-03-30,66876
2009-03-31,66739
2009-04-01,67326
2009-04-03,68229
2009-04-06,68763
2009-04-07,68839
2009-04-08,69403
2009-04-13,68565
2009-04-14,67887
2009-04-15,67563
2009-04-16,67431
2009-04-17,67449
2009-04-20,67033
2009-04-21,66738
2009-04-22,66668
2009-04-23,66854
2009-04-24,66977
2009-04-27,66581
2009-04-28,66365
2009-04-29,66686
2009-04-30,67451
2009-05-04,68270
2009-05-05,68538
2009-05-06,68996
2009-05-07,69577
2009-05-08,70194
2009-05-11,70093
2009-05-12,69470
2009-05-13,69125
2009-05-14,69133
2009-05-15,68945
2009-05-18,68426
2009-05-19,68019
2009-05-20,67950
2009-05-21,68143
2009-05-22,68341
2009-05-26,67837
2009-05-27,67604
2009-05-28,67860
2009-05-29,68561
2009-06-01,69295
2009-06-02,69638
2009-06-03,70236
2009-06-04,71037
2009-06-05,71766
2009-06-08,72060
2009-06-09,71759
2009-06-10,71594
2009-06-11,71392
2009-06-12,71385
2009-06-16,70828
2009-06-17,70341
2009-06-18,70295
2009-06-19,70687
2009-06-22,70598
2009-06-23,70371
2009-06-24,70406
2009-06-25,70683
2009-06-26,71162
2009-06-29,71343
2009-06-30,71418
2009-07-01,72305
2009-07-02,73293
2009-07-03,74392
2009-07-06,75334
2009-07-07,75575
2009-07-08,76018
2009-07-13,75309
2009-07-14,74550
2009-07-15,74191
2009-07-16,73984
2009-07-17,73953
2009-07-20,73490
2009-07-21,73005
2009-07-22,72906
2009-07-23,72921
2009-07-24,72980
2009-07-27,72606
2009-07-28,72323
2009-07-29,72286
2009-07-30,72221
2009-07-31,72628
2009-08-03,73394
2009-08-04,73592
2009-08-05,74083
2009-08-06,74678
2009-08-07,75343
2009-08-10,75324
2009-08-11,74634
2009-08-12,74212
2009-08-13,73984
2009-08-14,73973
2009-08-18,73272
2009-08-19,72602
2009-08-20,72469
2009-08-21,72571
2009-08-24,72198
2009-08-25,71800
2009-08-26,71684
2009-08-27,71767
2009-08-28,72050
2009-08-31,72226
2009-09-01,72516
2009-09-02,73111
2009-09-03,73733
2009-09-04,74622
2009-09-07,75177
2009-09-08,74864
2009-09-09,74635
2009-09-10,74508
2009-09-11,74436
2009-09-14,73935
2009-09-15,73392
2009-09-16,73077
2009-09-17,72967
2009-09-18,72990
2009-09-21,72729
2009-09-22,72374
2009-09-23,72353
2009-09-24,72430
2009-09-25,72574
2009-09-28,72265
2009-09-29,71946
2009-09-30,72217
2009-10-01,72851
2009-10-02,73869
2009-10-05,74611
2009-10-06,74950
2009-10-07,75382
2009-10-08,75678
2009-10-09,75852
2009-10-13,75068
2009-10-14,74226
2009-10-15,73957
2009-10-16,73967
2009-10-19,73413
2009-10-20,73008
2009-10-21,72917
2009-10-22,73031
2009-10-23,73251
2009-10-26,72827
2009-10-27,72601
2009-10-28,72682
2009-10-29,72881
2009-10-30,73473
2009-11-02,74088
2009-11-03,74425
2009-11-04,75107
2009-11-05,76218
2009-11-09,76410
2009-11-10,75997
2009-11-11,75754
2009-11-12,75592
2009-11-13,75586
2009-11-16,75087
2009-11-17,74602
2009-11-18,74437
2009-11-19,74543
2009-11-20,74789
2009-11-23,74354
2009-11-24,74102
2009-11-25,74162
2009-11-26,74344
2009-11-27,74682
2009-11-30,75222
2009-12-01,75824
2009-12-02,76720
2009-12-03,77950
2009-12-04,79500
2009-12-07,80423
2009-12-09,80393
2009-12-10,80335
2009-12-11,80474
2009-12-14,80209
2009-12-15,79958
2009-12-16,80083
2009-12-17,80650
2009-12-18,81522
2009-12-21,82428
2009-12-22,83276
2009-12-23,84780
2009-12-24,84786
2009-12-28,85105
2009-12-29,85151
2009-12-30,85971
2009-12-31,85999
2010-01-04,86023
2010-01-05,86172
2010-01-06,86444
2010-01-07,86912
2010-01-08,87129
2010-01-11,86859
2010-01-12,86030
2010-01-13,85488
2010-01-14,85103
2010-01-15,84895
2010-01-18,84284
2010-01-19,83741
2010-01-20,83463
2010-01-21,83484
2010-01-22,83537
2010-01-25,83223
2010-01-26,82872
2010-01-27,82748
2010-01-28,82898
2010-01-29,83511
2010-02-01,84127
2010-02-02,84152
2010-02-03,84524
2010-02-04,85059
2010-02-05,85804
2010-02-08,85978
2010-02-09,85419
2010-02-10,84990
2010-02-11,84528
2010-02-12,84254
2010-02-15,83612
2010-02-16,82913
2010-02-17,82594
2010-02-18,82449
2010-02-19,82476
2010-02-22,82222
2010-02-23,81822
2010-02-24,81637
2010-02-25,81672
2010-02-26,82250
2010-03-01,82753
2010-03-02,82859
2010-03-03,83403
2010-03-04,84133
2010-03-05,85149
2010-03-08,85441
2010-03-09,84867
2010-03-10,84407
2010-03-11,83998
2010-03-12,83767
2010-03-15,83150
2010-03-16,82499
2010-03-17,82236
2010-03-18,82183
2010-03-19,82423
2010-03-22,82203
2010-03-23,81849
2010-03-25,81687
2010-03-26,81623
2010-03-29,81378
2010-03-30,81281
2010-03-31,81914
2010-04-05,82463
2010-04-06,82581
2010-04-07,83216
2010-04-08,83782
2010-04-09,84284
2010-04-12,83937
2010-04-13,83148
2010-04-14,82758
2010-04-15,82569
2010-04-16,82555
2010-04-19,82096
2010-04-20,81608
2010-04-21,81551
2010-04-22,81670
2010-04-23,81773
2010-04-26,81249
2010-04-27,80906
2010-04-28,80971
2010-04-29,81378
2010-04-30,82340
2010-05-03,83233
2010-05-04,83550
2010-05-05,84194
2010-05-06,85014
2010-05-07,85884
2010-05-10,85958
2010-05-11,85326
2010-05-12,84960
2010-05-13,84610
2010-05-14,84400
2010-05-17,84130
2010-05-18,83444
2010-05-19,83397
2010-05-20,83608
2010-05-21,83935
2010-05-26,83256
2010-05-27,82875
2010-05-28,83229
2010-05-31,83721
2010-06-01,84042
2010-06-02,84792
2010-06-03,85701
2010-06-04,86966
2010-06-07,87801
2010-06-08,87484
2010-06-09,87334
2010-06-10,87284
2010-06-11,87288
2010-06-14,86805
2010-06-15,86357
2010-06-16,86295
2010-06-17,86463
2010-06-18,86900
2010-06-22,86806
2010-06-23,86573
2010-06-24,86804
2010-06-25,87031
2010-06-28,87258
2010-06-29,87346
2010-06-30,88054
2010-07-01,89498
2010-07-02,90389
2010-07-05,91731
2010-07-06,92519
2010-07-07,93410
2010-07-08,94201
2010-07-12,94024
2010-07-13,93064
2010-07-14,92726
2010-07-15,92587
2010-07-16,92570
2010-07-19,92125
2010-07-20,91731
2010-07-21,91728
2010-07-22,91771
2010-07-23,91975
2010-07-26,91571
2010-07-27,91219
2010-07-28,91229
2010-07-29,91419
2010-07-30,91929
2010-08-02,92663
2010-08-03,93205
2010-08-04,93709
2010-08-05,94439
2010-08-06,95525
2010-08-09,95906
2010-08-10,95320
2010-08-11,94842
2010-08-12,94526
2010-08-13,94424
2010-08-17,93591
2010-08-18,92785
2010-08-19,92594
2010-08-20,92780
2010-08-23,92476
2010-08-24,91987
2010-08-25,91862
2010-08-26,91836
2010-08-27,92150
2010-08-30,91888
2010-08-31,92045
2010-09-01,92708
2010-09-02,93514
2010-09-03,94822
2010-09-06,96104
2010-09-07,96248
2010-09-08,96455
2010-09-09,96455
2010-09-10,96564
2010-09-13,95858
2010-09-14,95263
2010-09-15,95070
2010-09-16,94995
2010-09-17,94940
2010-09-20,94561
2010-09-21,94149
2010-09-22,94183
2010-09-23,94353
2010-09-24,94542
2010-09-27,94265
2010-09-28,93928
2010-09-29,93835
2010-09-30,94184
2010-10-01,95303
2010-10-04,96412
2010-10-05,96998
2010-10-06,97917
2010-10-07,98848
2010-10-08,99466
2010-10-12,98849
2010-10-13,97971
2010-10-14,97591
2010-10-15,97607
2010-10-18,96975
2010-10-19,96469
2010-10-20,96378
2010-10-21,96460
2010-10-22,96817
2010-10-25,96335
2010-10-26,95889
2010-10-28,96048
2010-10-29,96690
2010-11-01,97586
2010-11-02,97977
2010-11-03,98686
2010-11-04,99617
2010-11-05,100904
2010-11-08,101359
2010-11-09,100952
2010-11-10,100558
2010-11-11,100162
2010-11-12,100176
2010-11-15,99659
2010-11-16,99111
2010-11-17,98953
2010-11-18,99011
2010-11-19,99477
2010-11-23,99235
2010-11-24,98751
2010-11-25,98744
2010-11-26,98916
2010-11-29,98678
2010-11-30,98595
2010-12-01,99723
2010-12-02,100910
2010-12-03,102739
2010-12-06,104361
2010-12-07,105217
2010-12-09,105770
2010-12-10,105985
2010-12-13,105504
2010-12-14,105129
2010-12-15,105284
2010-12-16,105560
2010-12-17,106525
2010-12-20,107328
2010-12-21,108084
2010-12-22,109705
2010-12-23,111386
2010-12-27,111480
2010-12-28,111831
2010-12-29,112647
2010-12-30,113461
2011-01-03,113246
2011-01-04,113156
2011-01-05,113617
2011-01-06,114306
2011-01-07,115050
2011-01-10,114697
2011-01-11,114022
2011-01-12,113560
2011-01-13,113226
2011-01-14,113107
2011-01-17,112676
2011-01-18,112119
2011-01-19,111541
2011-01-20,111474
2011-01-21,111488
2011-01-24,110956
2011-01-25,110347
2011-01-26,110276
2011-01-27,110309
2011-01-28,110644
2011-01-31,111158
2011-02-01,111396
2011-02-02,111988
2011-02-03,112747
2011-02-04,113824
2011-02-07,114503
2011-02-08,114366
2011-02-09,114070
2011-02-10,113746
2011-02-11,113432
2011-02-14,112821
2011-02-15,112109
2011-02-16,111706
2011-02-17,111451
2011-02-18,111444
2011-02-21,111124
2011-02-22,110585
2011-02-23,110436
2011-02-24,110385
2011-02-25,110929
2011-02-28,111419
2011-03-01,111750
2011-03-02,112667
2011-03-03,113475
2011-03-04,115235
2011-03-09,115746
2011-03-10,115254
2011-03-11,115019
2011-03-14,114146
2011-03-15,113246
2011-03-16,112704
2011-03-17,112405
2011-03-18,112436
2011-03-21,112081
2011-03-22,111754
2011-03-23,111883
2011-03-28,110950
2011-03-29,110398
2011-03-30,110409
2011-03-31,111170
2011-04-01,112495
2011-04-04,113571
2011-04-05,114253
2011-04-06,115301
2011-04-07,116267
2011-04-08,117024
2011-04-11,116758
2011-04-12,115868
2011-04-13,115284
2011-04-14,114943
2011-04-15,114861
2011-04-18,114253
2011-04-19,113771
2011-04-20,113962
2011-04-25,113109
2011-04-26,112384
2011-04-27,112370
2011-04-28,112664
2011-04-29,113533
2011-05-02,114690
2011-05-03,115091
2011-05-04,115933
2011-05-05,117151
2011-05-06,118559
2011-05-09,118930
2011-05-10,118313
2011-05-11,117831
2011-05-12,117315
2011-05-13,117209
2011-05-16,116534
2011-05-17,115815
2011-05-18,115668
2011-05-19,115792
2011-05-20,116112
2011-05-23,115713
2011-05-24,115244
2011-05-26,115068
2011-05-27,115238
2011-05-30,115146
2011-05-31,115163
2011-06-01,116172
2011-06-02,117398
2011-06-03,118802
2011-06-06,120464
2011-06-07,120799
2011-06-08,121281
2011-06-09,121292
2011-06-10,121446
2011-06-13,120899
2011-06-14,120290
2011-06-15,120182
2011-06-16,120328
2011-06-17,120892
2011-06-21,120575
2011-06-22,120258
2011-06-23,120572
2011-06-24,121163
2011-06-27,121187
2011-06-28,121185
2011-06-29,121675
2011-06-30,122654
2011-07-01,124232
2011-07-04,125926
2011-07-05,126962
2011-07-06,128086
2011-07-07,129338
2011-07-08,130355
2011-07-11,130701
2011-07-12,129774
2011-07-13,129257
2011-07-14,129000
2011-07-15,129015
2011-07-18,128397
2011-07-19,127687
2011-07-20,127571
2011-07-21,127572
2011-07-22,127975
2011-07-25,127736
2011-07-26,127218
2011-07-27,127218
2011-07-28,127364
2011-07-29,127967
2011-08-01,129013
2011-08-02,129224
2011-08-03,130092
2011-08-04,131216
2011-08-05,132757
2011-08-08,133642
2011-08-09,132794
2011-08-10,132269
2011-08-11,131690
2011-08-12,131493
2011-08-15,130814
2011-08-16,130134
2011-08-17,129679
2011-08-18,129486
2011-08-19,129720
2011-08-23,129252
2011-08-24,128445
2011-08-25,128330
2011-08-26,128494
2011-08-29,128114
2011-08-30,127398
2011-08-31,127743
2011-09-01,128659
2011-09-02,130210
2011-09-05,131494
2011-09-06,132058
2011-09-07,132807
2011-09-08,133296
2011-09-09,133465
2011-09-12,132792
2011-09-13,131539
2011-09-14,130949
2011-09-15,130701
2011-09-16,130593
2011-09-19,130081
2011-09-20,129373
2011-09-21,129253
2011-09-22,129295
2011-09-23,129580
2011-09-26,129234
2011-09-27,128633
2011-09-28,128715
2011-09-29,128819
2011-09-30,129621
2011-10-03,130648
2011-10-04,131028
2011-10-05,131971
2011-10-06,133235
2011-10-07,134444
2011-10-11,134599
2011-10-12,133298
2011-10-13,132566
2011-10-14,132503
2011-10-17,131692
2011-10-18,130786
2011-10-19,130552
2011-10-20,130392
2011-10-21,130683
2011-10-24,130045
2011-10-25,129491
2011-10-26,129329
2011-10-27,129490
2011-10-28,130074
2011-10-31,130911
2011-11-01,131487
2011-11-02,132623
2011-11-03,133837
2011-11-04,135791
2011-11-07,137138
2011-11-08,137089
2011-11-09,136963
2011-11-10,136711
2011-11-11,136653
2011-11-14,136061
2011-11-15,135403
2011-11-16,135195
2011-11-17,135138
2011-11-18,135298
2011-11-21,134927
2011-11-22,134484
2011-11-23,134547
2011-11-24,134666
2011-11-25,135192
2011-11-29,134756
2011-11-30,134750
2011-12-01,136125
2011-12-02,138073
2011-12-05,140100
2011-12-06,141463
2011-12-07,143902
2011-12-12,143498
2011-12-13,142613
2011-12-14,142152
2011-12-15,142080
2011-12-16,142535
2011-12-19,142993
2011-12-20,143534
2011-12-21,145106
2011-12-22,147459
2011-12-23,148220
2011-12-27,149180
2011-12-28,149501
2011-12-29,150545
2011-12-30,151214
2012-01-03,151656
2012-01-04,151719
2012-01-05,152497
2012-01-06,153502
2012-01-09,153865
2012-01-10,152884
2012-01-11,151973
2012-01-12,151426
2012-01-13,150906
2012-01-16,150128
2012-01-17,149166
2012-01-18,148716
2012-01-19,148564
2012-01-20,148548
2012-01-23,147962
2012-01-24,147211
2012-01-25,147059
2012-01-26,146865
2012-01-27,147128
2012-01-30,147142
2012-01-31,146917
2012-02-01,147627
2012-02-02,148531
2012-02-03,149746
2012-02-06,150955
2012-02-07,150937
2012-02-08,151001
2012-02-09,150813
2012-02-10,150685
2012-02-13,149811
2012-02-14,148820
2012-02-15,148364
2012-02-16,148068
2012-02-17,148065
2012-02-22,146943
2012-02-23,146349
2012-02-24,146715
2012-02-28,146531
2012-02-29,146331
2012-03-01,147202
2012-03-02,148862
2012-03-05,150152
2012-03-06,150621
2012-03-07,151653
2012-03-08,152225
2012-03-09,152412
2012-03-12,151671
2012-03-13,150254
2012-03-14,149605
2012-03-15,149230
2012-03-16,149122
2012-03-19,148357
2012-03-20,147539
2012-03-21,147385
2012-03-22,147581
2012-03-23,147798
2012-03-26,147568
2012-03-27,147172
2012-03-28,147124
2012-03-29,147343
2012-03-30,148393
2012-04-03,149714
2012-04-04,151334
2012-04-09,152114
2012-04-10,151907
2012-04-11,151778
2012-04-12,151468
2012-04-13,151374
2012-04-16,150760
2012-04-17,149744
2012-04-18,149417
2012-04-19,149522
2012-04-20,149752
2012-04-23,149416
2012-04-24,148799
2012-04-25,148934
2012-04-26,149433
2012-04-27,150672
2012-05-02,152043
2012-05-03,152240
2012-05-04,153645
2012-05-07,155168
2012-05-08,155239
2012-05-09,155302
2012-05-10,155281
2012-05-11,155316
2012-05-14,154832
2012-05-15,154135
2012-05-16,153844
2012-05-17,154017
2012-05-18,154450
2012-05-21,154426
2012-05-22,154044
2012-05-23,154265
2012-05-24,154656
2012-05-28,154325
2012-05-29,154082
2012-05-30,154551
2012-05-31,155345
2012-06-01,157331
2012-06-04,159541
2012-06-05,160316
2012-06-06,161875
2012-06-07,163170
2012-06-08,164589
2012-06-11,164956
2012-06-12,163926
2012-06-13,163304
2012-06-14,163231
2012-06-15,164135
2012-06-18,164507
2012-06-19,163225
2012-06-21,163518
2012-06-22,163621
2012-06-25,164197
2012-06-26,164109
2012-06-27,164427
2012-06-28,165809
2012-06-29,167797
2012-07-02,170033
2012-07-03,170970
2012-07-04,172249
2012-07-05,174224
2012-07-06,176678
2012-07-10,177608
2012-07-11,176934
2012-07-12,176505
2012-07-13,176301
2012-07-16,176089
2012-07-17,175239
2012-07-18,175004
2012-07-19,175171
2012-07-20,175792
2012-07-23,175323
2012-07-24,174638
2012-07-25,174572
2012-07-26,174678
2012-07-27,175130
2012-07-30,175241
2012-07-31,175227
2012-08-01,176113
2012-08-02,177233
2012-08-03,178799
2012-08-06,180854
2012-08-07,180973
2012-08-08,181090
2012-08-09,181096
2012-08-10,181171
2012-08-13,180360
2012-08-14,179257
2012-08-15,178697
2012-08-16,178516
2012-08-17,178510
2012-08-21,177968
2012-08-22,177142
2012-08-23,177015
2012-08-24,177263
2012-08-27,176885
2012-08-28,176332
2012-08-29,176338
2012-08-30,176467
2012-08-31,177420
2012-09-03,178930
2012-09-04,179459
2012-09-05,180294
2012-09-06,181705
2012-09-07,183207
2012-09-10,183796
2012-09-11,182693
2012-09-12,181730
2012-09-13,181493
2012-09-14,181426
2012-09-17,180876
2012-09-18,179887
2012-09-19,179507
2012-09-20,179767
2012-09-21,180238
2012-09-25,179733
2012-09-26,179088
2012-09-27,179499
2012-09-28,180806
2012-10-01,181955
2012-10-02,182370
2012-10-03,183278
2012-10-04,184746
2012-10-05,186683
2012-10-09,187377
2012-10-10,186427
2012-10-11,185775
2012-10-12,185404
2012-10-15,184431
2012-10-16,183177
2012-10-17,182891
2012-10-18,182935
2012-10-19,183376
2012-10-22,183015
2012-10-23,182276
2012-10-24,182137
2012-10-25,182251
2012-10-26,182551
2012-10-29,182184
2012-10-30,181724
2012-10-31,182332
2012-11-01,183550
2012-11-02,185274
2012-11-05,187302
2012-11-07,187647
2012-11-08,188396
2012-11-09,188997
2012-11-12,188666
2012-11-13,187435
2012-11-14,186758
2012-11-15,186459
2012-11-16,186370
2012-11-19,185871
2012-11-20,185757
2012-11-21,185467
2012-11-22,185163
2012-11-23,185752
2012-11-27,185048
2012-11-28,184518
2012-11-29,185271
2012-11-30,186738
2012-12-03,188735
2012-12-04,189759
2012-12-05,191528
2012-12-06,193510
2012-12-07,195640
2012-12-10,197371
2012-12-11,196673
2012-12-12,196292
2012-12-13,196196
2012-12-14,196594
2012-12-17,196730
2012-12-18,197172
2012-12-19,198785
2012-12-20,202379
2012-12-21,205955
2012-12-26,207886
2012-12-27,208011
2012-12-28,209667
2012-12-31,209528
2013-01-02,210163
2013-01-03,210312
2013-01-04,210971
2013-01-07,212183
2013-01-08,211855
2013-01-09,211481
2013-01-10,210998
2013-01-11,210281
2013-01-14,209278
2013-01-15,207983
2013-01-16,207258
2013-01-17,206796
2013-01-18,206495
2013-01-21,205888
2013-01-22,204796
2013-01-23,204242
2013-01-24,204140
2013-01-25,204285
2013-01-28,203940
2013-01-29,203590
2013-01-30,204356
2013-02-01,206184
2013-02-04,207395
2013-02-05,207487
2013-02-06,208379
2013-02-07,209583
2013-02-08,210325
2013-02-13,209070
2013-02-14,207288
2013-02-15,206364
2013-02-18,204926
2013-02-19,203642
2013-02-21,203086
2013-02-22,202941
2013-02-25,202481
2013-02-26,201673
2013-02-27,201458
2013-02-28,202481
2013-03-01,203921
2013-03-04,205634
2013-03-05,206065
2013-03-06,206986
2013-03-07,208378
2013-03-08,209334
2013-03-11,209122
2013-03-12,207345
2013-03-13,206197
2013-03-14,205508
2013-03-15,205215
2013-03-18,204473
2013-03-19,203346
2013-03-20,202844
2013-03-21,203031
2013-03-22,203595
2013-03-25,203344
2013-03-26,203268
2013-03-27,204825
2013-04-03,205186
2013-04-04,205292
2013-04-05,206813
2013-04-08,208437
2013-04-09,208108
2013-04-10,207655
2013-04-11,207111
2013-04-12,207090
2013-04-15,206315
2013-04-16,204931
2013-04-17,204563
2013-04-18,204273
2013-04-19,204715
2013-04-22,204333
2013-04-23,203259
2013-04-24,203135
2013-04-25,203345
2013-04-26,203866
2013-04-29,203756
2013-04-30,204643
2013-05-02,206606
2013-05-03,207970
2013-05-06,210005
2013-05-07,210394
2013-05-08,211287
2013-05-09,211950
2013-05-10,212313
2013-05-13,211209
2013-05-14,209477
2013-05-15,208626
2013-05-16,208147
2013-05-17,208340
2013-05-20,207563
2013-05-21,206711
2013-05-22,206572
2013-05-23,206573
2013-05-24,207133
2013-05-27,206770
2013-05-28,206050
2013-05-29,206179
2013-05-30,206456
2013-05-31,207626
2013-06-03,209665
2013-06-04,210646
2013-06-05,212029
2013-06-06,214075
2013-06-07,216392
2013-06-10,217303
2013-06-11,215791
2013-06-12,215112
2013-06-13,214710
2013-06-14,214917
2013-06-17,214687
2013-06-18,213918
2013-06-19,214674
2013-06-24,214830
2013-06-25,214389
2013-06-26,214848
2013-06-27,215799
2013-06-28,218254
2013-07-01,220800
2013-07-02,222011
2013-07-03,223394
2013-07-04,225587
2013-07-05,228351
2013-07-08,230495
2013-07-10,230591
2013-07-11,229124
2013-07-12,228670
2013-07-15,227831
2013-07-16,226661
2013-07-17,226235
2013-07-18,226135
2013-07-19,226548
2013-07-22,226372
2013-07-23,225516
2013-07-24,225363
2013-07-25,225545
2013-07-26,225899
2013-07-29,225788
2013-07-30,225107
2013-07-31,225633
2013-08-01,226922
2013-08-02,228991
2013-08-05,231042
2013-08-06,231695
2013-08-07,232890
2013-08-08,233766
2013-08-09,234230
2013-08-12,233382
2013-08-13,231338
2013-08-14,230264
2013-08-15,229984
2013-08-16,229993
2013-08-20,228462
2013-08-21,226944
2013-08-22,226687
2013-08-23,227098
2013-08-26,226603
2013-08-27,225792
2013-08-28,225825
2013-08-29,226334
2013-08-30,227555
2013-09-02,229408
2013-09-03,229873
2013-09-04,230809
2013-09-05,232618
2013-09-06,234898
2013-09-09,235902
2013-09-10,234690
2013-09-11,233631
2013-09-12,232810
2013-09-13,232330
2013-09-16,231311
2013-09-17,230125
2013-09-18,229779
2013-09-19,229922
2013-09-20,230391
2013-09-23,230043
2013-09-24,229271
2013-09-25,228916
2013-09-26,229429
2013-09-27,230492
2013-09-30,231293
2013-10-01,231624
2013-10-02,232823
2013-10-03,234369
2013-10-04,236661
2013-10-07,238800
2013-10-08,238645
2013-10-09,238306
2013-10-10,237945
2013-10-11,237366
2013-10-15,235760
2013-10-16,234030
2013-10-17,233627
2013-10-18,233723
2013-10-21,233325
2013-10-22,232169
2013-10-23,231882
2013-10-24,231965
2013-10-25,232291
2013-10-28,231767
2013-10-29,231256
2013-10-30,231013
2013-10-31,231683
2013-11-01,233254
2013-11-04,235628
2013-11-05,236353
2013-11-07,237684
2013-11-08,239514
2013-11-11,239634
2013-11-12,237409
2013-11-13,236251
2013-11-14,235820
2013-11-15,235575
2013-11-18,234513
2013-11-19,233218
2013-11-20,232767
2013-11-21,232623
2013-11-22,232943
2013-11-26,231793
2013-11-27,230653
2013-11-28,230904
2013-11-29,232656
2013-12-02,234857
2013-12-03,235780
2013-12-04,237495
2013-12-05,240148
2013-12-06,243157
2013-12-09,244916
2013-12-10,244614
2013-12-11,244017
2013-12-12,243907
2013-12-13,244115
2013-12-16,244011
2013-12-17,244389
2013-12-18,245965
2013-12-19,248412
2013-12-20,252128
2013-12-23,255314
2013-12-26,254850
2013-12-27,255465
2013-12-30,257710
2014-01-02,256591
2014-01-03,256715
2014-01-06,257813
2014-01-07,257587
2014-01-08,257730
2014-01-09,257746
2014-01-10,257273
2014-01-13,255703
2014-01-14,253649
2014-01-15,252392
2014-01-16,251407
2014-01-17,250958
2014-01-20,249745
2014-01-21,248163
2014-01-22,247511
2014-01-23,247037
2014-01-24,246944
2014-01-27,246420
2014-01-28,245440
2014-01-29,245368
2014-01-30,245656
2014-01-31,246647
2014-02-03,247938
2014-02-04,248361
2014-02-05,249066
2014-02-06,250072
2014-02-07,251009
2014-02-10,251447
2014-02-11,249465
2014-02-12,247743
2014-02-13,246346
2014-02-14,245573
2014-02-17,244205
2014-02-18,242317
2014-02-19,241321
2014-02-20,240938
2014-02-21,240618
2014-02-24,239731
2014-02-25,238575
2014-02-26,238133
2014-02-27,238533
2014-02-28,240580
2014-03-05,242386
2014-03-06,243296
2014-03-07,244879
2014-03-10,246315
2014-03-11,245381
2014-03-12,244359
2014-03-13,243376
2014-03-14,242641
2014-03-17,241539
2014-03-18,239718
2014-03-19,238848
2014-03-20,238555
2014-03-21,238675
2014-03-25,237274
2014-03-26,235764
2014-03-27,235686
2014-03-28,236295
2014-03-31,237558
2014-04-01,238109
2014-04-03,240337
2014-04-04,242208
2014-04-07,243782
2014-04-08,243803
2014-04-09,243845
2014-04-10,243967
2014-04-11,244283
2014-04-14,242247
2014-04-15,240553
2014-04-16,239919
2014-04-21,237683
2014-04-22,235964
2014-04-23,235492
2014-04-24,235444
2014-04-25,235788
2014-04-28,235171
2014-04-29,235144
2014-04-30,237498
2014-05-05,240425
2014-05-06,240822
2014-05-07,241784
2014-05-08,243365
2014-05-09,244899
2014-05-12,244689
2014-05-13,242450
2014-05-14,241327
2014-05-15,240925
2014-05-16,240650
2014-05-19,239595
2014-05-20,238264
2014-05-21,237675
2014-05-22,237807
2014-05-23,238078
2014-05-26,237547
2014-05-27,236963
2014-05-28,237357
2014-05-29,237492
2014-05-30,239685
2014-06-02,242654
2014-06-03,243723
2014-06-04,245272
2014-06-05,248398
2014-06-06,250966
2014-06-09,252502
2014-06-10,251275
2014-06-11,250383
2014-06-12,249771
2014-06-13,249827
2014-06-16,249264
2014-06-17,248380
2014-06-18,248540
2014-06-19,249539
2014-06-23,250458
2014-06-24,250234
2014-06-25,249799
2014-06-26,250928
2014-06-27,253033
2014-06-30,256606
2014-07-01,257324
2014-07-02,260663
2014-07-03,263080
2014-07-04,266633
2014-07-07,269936
2014-07-08,270736
2014-07-10,270183
2014-07-11,269768
2014-07-14,268932
2014-07-15,267300
2014-07-16,266827
2014-07-17,266892
2014-07-18,267168
2014-07-21,267081
2014-07-22,265672
2014-07-23,265515
2014-07-24,265878
2014-07-25,266300
2014-07-28,266037
2014-07-29,265392
2014-07-30,265296
2014-07-31,266585
2014-08-01,269122
2014-08-04,271505
2014-08-05,272123
2014-08-06,273880
2014-08-07,274848
2014-08-08,276165
2014-08-11,276009
2014-08-12,273666
2014-08-13,272177
2014-08-14,271573
2014-08-15,271481
2014-08-19,269900
2014-08-20,268168
2014-08-21,267632
2014-08-22,267785
2014-08-25,267006
2014-08-26,266156
2014-08-27,266273
2014-08-28,266540
2014-08-29,269084
2014-09-01,270960
2014-09-02,271723
2014-09-03,273050
2014-09-04,275326
2014-09-05,278031
2014-09-08,279556
2014-09-09,278277
2014-09-10,277432
2014-09-11,276603
2014-09-12,275999
2014-09-15,274716
2014-09-16,273050
2014-09-17,272623
2014-09-18,272547
2014-09-19,272706
2014-09-22,272369
2014-09-23,271293
2014-09-24,271035
2014-09-25,271151
2014-09-26,271776
2014-09-29,271446
2014-09-30,271754
2014-10-01,272780
2014-10-02,274977
2014-10-03,277335
2014-10-06,279678
2014-10-07,280318
2014-10-08,281164
2014-10-09,281278
2014-10-10,281271
2014-10-14,278779
2014-10-15,276137
2014-10-16,275056
2014-10-17,274723
2014-10-20,273690
2014-10-21,272165
2014-10-22,271820
2014-10-23,271156
2014-10-24,271328
2014-10-27,270456
2014-10-28,269698
2014-10-29,269469
2014-10-30,269974
2014-10-31,271741
2014-11-03,273978
2014-11-04,275343
2014-11-05,277982
2014-11-07,280605
2014-11-10,281912
2014-11-11,280944
2014-11-12,280131
2014-11-13,279133
2014-11-14,278091
2014-11-17,277227
2014-11-18,276077
2014-11-19,275627
2014-11-20,276176
2014-11-21,276947
2014-11-25,275812
2014-11-26,275082
2014-11-27,275773
2014-11-28,277981
2014-12-01,280843
2014-12-02,282364
2014-12-03,285230
2014-12-04,289025
2014-12-05,293362
2014-12-09,295272
2014-12-10,294967
2014-12-11,294255
2014-12-12,294199
2014-12-15,293819
2014-12-16,293091
2014-12-17,294515
2014-12-18,297242
2014-12-19,302428
2014-12-22,307324
2014-12-23,311257
2014-12-24,310630
2014-12-29,313920
2014-12-30,315757
2015-01-02,315595
2015-01-05,316127
2015-01-06,315785
2015-01-07,316370
2015-01-08,317317
2015-01-09,317904
2015-01-12,317121
2015-01-13,314080
2015-01-14,312770
2015-01-15,311812
2015-01-16,311089
2015-01-19,309789
2015-01-20,308228
2015-01-21,307585
2015-01-22,307513
2015-01-23,307362
2015-01-26,306168
2015-01-27,305127
2015-01-28,305001
2015-01-29,305782
2015-01-30,307969
2015-02-02,310322
2015-02-03,310866
2015-02-04,312170
2015-02-05,314152
2015-02-06,316624
2015-02-09,317953
2015-02-10,315939
2015-02-11,314121
2015-02-12,313166
2015-02-13,312693
2015-02-18,310621
2015-02-19,307969
2015-02-20,307101
2015-02-23,306426
2015-02-24,305429
2015-02-25,305175
2015-02-26,305605
2015-02-27,307779
2015-03-02,310399
2015-03-03,310575
2015-03-04,312000
2015-03-05,314294
2015-03-06,317298
2015-03-09,318194
2015-03-10,316549
2015-03-11,315122
2015-03-12,314021
2015-03-13,313112
2015-03-16,312132
2015-03-17,310169
2015-03-18,309505
2015-03-19,309638
2015-03-20,310774
2015-03-25,308695
2015-03-26,307406
2015-03-27,308116
2015-03-30,308831
2015-03-31,310006
2015-04-01,312549
2015-04-06,314967
2015-04-07,314887
2015-04-08,316368
2015-04-09,317952
2015-04-10,319171
2015-04-13,318419
2015-04-14,316299
2015-04-15,315236
2015-04-16,315245
2015-04-17,315712
2015-04-20,315013
2015-04-21,313783
2015-04-22,313416
2015-04-23,313756
2015-04-24,314464
2015-04-27,313950
2015-04-28,313363
2015-04-29,314050
2015-04-30,317306
2015-05-04,320944
2015-05-05,321635
2015-05-06,323209
2015-05-07,325243
2015-05-08,328214
2015-05-11,328929
2015-05-12,327834
2015-05-13,324779
2015-05-14,323908
2015-05-15,323824
2015-05-18,323640
2015-05-19,322210
2015-05-20,322764
2015-05-21,323538
2015-05-22,324183
2015-05-26,323852
2015-05-27,322756
2015-05-28,320136
2015-05-29,321871
2015-06-01,323687
2015-06-02,325000
2015-06-03,327443
2015-06-04,332949
2015-06-05,337329
2015-06-08,339771
2015-06-09,339453
2015-06-10,340034
2015-06-11,338633
2015-06-12,338215
2015-06-15,337844
2015-06-16,336457
2015-06-17,336433
2015-06-18,337335
2015-06-19,339231
2015-06-22,341115
2015-06-23,341168
2015-06-24,341910
2015-06-25,343114
2015-06-26,345155
2015-06-29,346284
2015-06-30,348125
2015-07-01,351165
2015-07-02,354983
2015-07-03,358826
2015-07-06,363371
2015-07-07,364990
2015-07-08,366961
2015-07-10,369189
2015-07-13,367079
2015-07-14,366133
2015-07-15,365414
2015-07-16,365393
2015-07-17,365791
2015-07-20,366124
2015-07-21,365108
2015-07-22,365046
2015-07-23,365529
2015-07-24,366216
2015-07-27,365894
2015-07-28,365257
2015-07-29,365279
2015-07-30,365815
2015-07-31,367201
2015-08-03,370109
2015-08-04,370862
2015-08-05,372521
2015-08-06,374871
2015-08-07,377656
2015-08-10,379268
2015-08-11,377061
2015-08-12,375677
2015-08-13,374505
2015-08-14,374486
2015-08-18,373192
2015-08-19,371034
2015-08-20,370596
2015-08-21,370842
2015-08-24,370144
2015-08-25,368819
2015-08-26,368025
2015-08-27,368219
2015-08-28,369332
2015-08-31,371310
2015-09-01,371819
2015-09-02,373593
2015-09-03,375623
2015-09-04,378939
2015-09-07,381583
2015-09-08,381386
2015-09-09,381031
2015-09-10,380667
2015-09-11,380130
2015-09-14,379058
2015-09-15,377568
2015-09-16,376744
2015-09-17,376702
2015-09-18,377106
2015-09-21,377214
2015-09-22,375677
2015-09-23,375248
2015-09-24,375487
2015-09-25,376910
2015-09-28,376449
2015-09-29,376028
2015-09-30,375612
2015-10-01,377477
2015-10-02,381529
2015-10-05,384439
2015-10-06,385192
2015-10-07,387023
2015-10-08,388875
2015-10-09,389539
2015-10-13,387511
2015-10-14,384044
2015-10-15,382876
2015-10-16,382570
2015-10-19,381495
2015-10-20,379771
2015-10-21,379431
2015-10-22,379535
2015-10-23,380126
2015-10-26,379150
2015-10-27,378308
2015-10-28,378772
2015-10-29,379381
2015-10-30,381031
2015-11-02,383707
2015-11-03,384416
2015-11-04,385351
2015-11-05,389467
2015-11-09,390433
2015-11-10,389626
2015-11-11,388835
2015-11-12,387925
2015-11-13,387645
2015-11-16,386938
2015-11-17,385022
2015-11-18,384787
2015-11-19,384867
2015-11-20,385970
2015-11-23,385148
2015-11-24,383800
2015-11-25,383986
2015-11-26,385362
2015-11-30,387418
2015-12-01,388278
2015-12-02,391340
2015-12-03,395314
2015-12-04,401149
2015-12-09,404618
2015-12-10,404918
2015-12-11,405387
2015-12-14,404160
2015-12-15,401799
2015-12-16,402234
2015-12-17,403834
2015-12-18,407938
2015-12-21,412510
2015-12-22,416357
2015-12-23,421190
2015-12-24,420027
2015-12-28,422336
2015-12-29,422005
2015-12-30,424376
2015-12-31,425366
2016-01-04,425258
2016-01-05,423830
2016-01-06,423634
2016-01-07,424550
2016-01-08,425124
2016-01-11,424510
2016-01-12,420721
2016-01-13,418378
2016-01-14,416462
2016-01-15,414590
2016-01-18,412901
2016-01-19,409858
2016-01-20,408201
2016-01-21,407191
2016-01-22,406356
2016-01-25,404738
2016-01-26,402549
2016-01-27,401873
2016-01-28,402219
2016-01-29,404835
2016-02-01,407510
2016-02-02,407674
2016-02-03,408920
2016-02-04,411076
2016-02-05,414117
2016-02-10,414575
2016-02-11,411458
2016-02-12,409388
2016-02-15,406864
2016-02-16,403717
2016-02-17,402051
2016-02-18,400870
2016-02-19,400722
2016-02-22,399722
2016-02-23,397651
2016-02-24,396882
2016-02-25,396686
2016-02-26,397254
2016-02-29,399470
2016-03-01,399371
2016-03-02,402409
2016-03-03,404118
2016-03-04,407940
2016-03-07,411090
2016-03-08,410324
2016-03-09,409855
2016-03-10,408734
2016-03-11,407529
2016-03-14,405823
2016-03-15,402635
2016-03-16,400753
2016-03-17,400027
2016-03-18,399505
2016-03-21,398819
2016-03-22,397030
2016-03-23,396953
2016-03-28,394907
2016-03-29,392619
2016-03-30,392707
2016-03-31,393995
2016-04-01,396731
2016-04-04,400264
2016-04-05,400950
2016-04-06,402524
2016-04-07,405332
2016-04-08,406856
2016-04-11,406671
2016-04-12,403356
2016-04-13,401326
2016-04-14,400578
2016-04-15,398717
2016-04-18,397031
2016-04-19,395185
2016-04-20,396017
2016-04-21,396078
2016-04-22,395024
2016-04-25,392917
2016-04-26,391218
2016-04-27,391089
2016-04-28,391888
2016-04-29,394314
2016-05-02,397903
2016-05-03,398372
2016-05-04,400238
2016-05-05,403456
2016-05-06,407343
2016-05-09,409758
2016-05-10,407088
2016-05-11,405580
2016-05-12,404224
2016-05-13,403457
2016-05-16,402392
2016-05-17,399713
2016-05-18,399001
2016-05-19,399027
2016-05-20,399522
2016-05-23,398735
2016-05-24,396752
2016-05-26,396286
2016-05-27,396186
2016-05-30,395974
2016-05-31,395526
2016-06-01,397966
2016-06-02,400869
2016-06-03,404295
2016-06-06,408665
2016-06-07,409177
2016-06-08,410322
2016-06-09,410990
2016-06-10,411579
2016-06-13,410497
2016-06-14,408011
2016-06-15,407996
2016-06-16,409364
2016-06-21,409170
2016-06-22,407065
2016-06-23,408447
2016-06-24,410816
2016-06-27,411873
2016-06-28,411580
2016-06-29,413717
2016-06-30,417507
2016-07-01,422773
2016-07-04,427641
2016-07-05,429599
2016-07-06,433467
2016-07-07,437787
2016-07-11,439938
2016-07-12,437233
2016-07-13,435524
2016-07-14,434478
2016-07-15,434144
2016-07-18,433351
2016-07-19,431154
2016-07-20,430832
2016-07-21,430830
2016-07-22,431339
2016-07-25,430865
2016-07-26,428808
2016-07-27,428773
2016-07-28,429787
2016-07-29,432922
2016-08-01,436041
2016-08-02,436456
2016-08-03,438044
2016-08-04,441371
2016-08-05,444830
2016-08-08,447415
2016-08-09,445439
2016-08-10,444400
2016-08-11,443009
2016-08-12,441926
2016-08-16,440273
2016-08-17,437062
2016-08-18,436079
2016-08-19,436462
2016-08-22,435457
2016-08-23,433201
2016-08-24,432612
2016-08-25,432374
2016-08-26,432505
2016-08-29,432174
2016-08-30,430465
2016-08-31,431527
2016-09-01,434490
2016-09-02,438797
2016-09-05,442471
2016-09-06,443748
2016-09-07,446573
2016-09-08,448821
2016-09-09,449791
2016-09-12,448490
2016-09-13,444725
2016-09-14,443124
2016-09-15,442474
2016-09-16,442512
2016-09-19,441499
2016-09-20,439745
2016-09-21,438722
2016-09-22,438951
2016-09-23,439652
2016-09-26,439862
2016-09-27,439150
2016-09-28,438546
2016-09-29,438660
2016-09-30,441108
2016-10-03,444829
2016-10-04,446515
2016-10-05,448759
2016-10-06,451643
2016-10-07,455682
2016-10-11,457037
2016-10-12,453506
2016-10-13,451698
2016-10-14,451116
2016-10-17,449826
2016-10-18,447185
2016-10-19,445383
2016-10-20,444894
2016-10-21,445071
2016-10-24,444355
2016-10-25,442485
2016-10-26,442223
2016-10-27,443458
2016-10-28,444316
2016-10-31,446933
2016-11-01,448126
2016-11-02,450809
2016-11-03,453979
2016-11-04,458764
2016-11-07,463499
2016-11-08,463079
2016-11-09,462767
2016-11-10,462156
2016-11-11,461668
2016-11-14,460368
2016-11-15,457892
2016-11-16,456601
2016-11-17,456048
2016-11-18,455948
2016-11-21,455404
2016-11-22,453951
2016-11-23,454241
2016-11-24,454785
2016-11-25,456174
2016-11-29,456350
2016-11-30,456822
2016-12-01,460802
2016-12-02,466351
2016-12-05,472985
2016-12-06,477715
2016-12-07,483804
2016-12-12,486223
2016-12-13,485001
2016-12-14,485801
2016-12-15,486470
2016-12-16,489181
2016-12-19,494476
2016-12-20,498008
2016-12-21,503597
2016-12-22,512831
2016-12-23,517743
2016-12-26,519107
2016-12-27,519202
2016-12-28,520596
2016-12-29,523888
2016-12-30,527451
2017-01-02,527824
2017-01-03,527004
2017-01-04,527131
2017-01-05,529174
2017-01-06,532053
2017-01-09,532761
2017-01-10,529337
2017-01-11,526245
2017-01-12,524163
2017-01-13,521813
2017-01-16,520370
2017-01-17,517085
2017-01-18,515649
2017-01-19,514911
2017-01-20,514585
2017-01-23,513149
2017-01-24,511061
2017-01-25,510255
2017-01-26,510449
2017-01-27,510361
2017-01-30,511198
2017-01-31,511169
2017-02-01,513195
2017-02-02,515468
2017-02-03,518321
2017-02-06,522461
2017-02-07,522686
2017-02-08,523106
2017-02-09,523096
2017-02-10,522258
2017-02-13,519677
2017-02-14,516009
2017-02-15,515267
2017-02-16,515087
2017-02-17,513950
2017-02-20,512939
2017-02-21,510519
2017-02-22,510025
2017-02-23,510752
2017-02-24,512580
2017-03-01,515984
2017-03-02,516467
2017-03-03,518924
2017-03-06,524166
2017-03-07,524705
2017-03-08,525807
2017-03-09,525880
2017-03-10,526211
2017-03-13,523689
2017-03-14,518916
2017-03-15,515942
2017-03-16,514418
2017-03-17,513306
2017-03-20,511883
2017-03-21,510339
2017-03-22,510274
2017-03-23,510663
2017-03-27,509815
2017-03-28,507111
2017-03-29,506213
2017-03-30,505110
2017-03-31,506950
2017-04-03,511809
2017-04-04,513248
2017-04-05,515577
2017-04-06,517856
2017-04-07,523570
2017-04-10,525829
2017-04-11,523047
2017-04-12,521506
2017-04-17,516605
2017-04-18,512523
2017-04-19,510525
2017-04-20,510161
2017-04-21,510260
2017-04-24,510158
2017-04-25,507890
2017-04-26,507750
2017-04-27,508645
2017-04-28,513665
2017-05-02,519971
2017-05-03,519851
2017-05-04,522291
2017-05-05,526963
2017-05-08,531441
2017-05-09,529823
2017-05-10,528816
2017-05-11,526846
2017-05-12,525585
2017-05-15,523942
2017-05-16,521035
2017-05-17,520297
2017-05-18,519948
2017-05-19,520634
2017-05-22,520638
2017-05-23,519080
2017-05-24,519047
2017-05-26,519840
2017-05-29,520018
2017-05-30,520087
2017-05-31,521633
2017-06-01,525860
2017-06-02,531429
2017-06-05,537380
2017-06-06,539583
2017-06-07,542480
2017-06-08,545227
2017-06-09,547113
2017-06-12,547174
2017-06-13,543439
2017-06-14,541467
2017-06-15,541304
2017-06-16,541971
2017-06-19,543080
2017-06-21,541838
2017-06-22,541503
2017-06-23,544312
2017-06-26,546242
2017-06-27,546707
2017-06-28,549520
2017-06-29,552980
2017-06-30,560039
2017-07-03,568279
2017-07-04,571351
2017-07-05,575506
2017-07-06,580450
2017-07-07,584387
2017-07-10,588791
2017-07-11,585819
2017-07-12,583116
2017-07-13,581956
2017-07-14,581026
2017-07-17,580535
2017-07-18,577659
2017-07-19,576583
2017-07-20,576800
2017-07-21,577237
2017-07-24,577565
2017-07-25,575812
2017-07-26,574836
2017-07-27,575928
2017-07-28,578013
2017-07-31,580859
2017-08-01,581868
2017-08-02,584331
2017-08-03,587159
2017-08-04,591816
2017-08-07,597246
2017-08-08,596534
2017-08-09,595943
2017-08-10,595440
2017-08-11,594077
2017-08-14,592814
2017-08-15,589514
2017-08-16,587530
2017-08-17,586946
2017-08-18,587617
2017-08-22,586763
2017-08-23,584168
2017-08-24,583989
2017-08-25,584129
2017-08-28,583825
2017-08-29,582096
2017-08-30,582628
2017-08-31,584396
2017-09-01,588883
2017-09-04,594876
2017-09-05,595424
2017-09-06,599397
2017-09-07,603311
2017-09-08,605625
2017-09-11,605974
2017-09-12,601747
2017-09-13,599083
2017-09-14,597563
2017-09-15,597210
2017-09-18,595853
2017-09-19,592809
2017-09-20,591508
2017-09-21,590760
2017-09-22,592427
2017-09-25,593549
2017-09-26,593279
2017-09-27,592739
2017-09-28,595061
2017-09-29,598556
2017-10-02,604002
2017-10-03,605036
2017-10-04,607374
2017-10-05,611721
2017-10-06,617449
2017-10-09,621583
2017-10-10,618596
2017-10-11,616224
2017-10-12,614465
2017-10-13,614194
2017-10-17,613659
2017-10-18,609154
2017-10-19,607700
2017-10-20,608063
2017-10-23,606837
2017-10-24,605284
2017-10-25,605021
2017-10-26,605572
2017-10-27,607598
2017-10-30,609119
2017-10-31,609201
2017-11-01,612878
2017-11-02,615464
2017-11-03,621059
2017-11-07,622776
2017-11-08,624180
2017-11-09,626766
2017-11-10,629616
2017-11-13,624812
2017-11-14,620997
2017-11-15,619794
2017-11-16,619285
2017-11-17,620006
2017-11-21,618969
2017-11-22,615889
2017-11-23,614879
2017-11-24,616004
2017-11-27,615885
2017-11-28,614933
2017-11-29,616292
2017-11-30,621853
2017-12-01,626340
2017-12-04,632673
2017-12-05,634799
2017-12-06,639054
2017-12-07,645157
2017-12-11,648780
2017-12-12,644661
2017-12-13,643885
2017-12-14,644035
2017-12-15,646472
2017-12-18,649610
2017-12-19,651791
2017-12-20,658700
2017-12-21,669639
2017-12-22,681198
2017-12-26,687508
2017-12-27,690969
2017-12-28,695820
2017-12-29,700821
2018-01-02,702333
2018-01-03,701096
2018-01-04,701111
2018-01-05,703149
2018-01-08,706062
2018-01-09,702849
2018-01-10,699872
2018-01-11,696623
2018-01-12,693656
2018-01-15,690828
2018-01-16,686600
2018-01-17,684681
2018-01-18,682944
2018-01-19,681765
2018-01-22,680327
2018-01-23,676386
2018-01-24,675200
2018-01-25,674760
2018-01-26,674961
2018-01-29,675018
2018-01-30,674804
2018-01-31,675941
2018-02-01,677564
2018-02-02,680355
2018-02-05,685428
2018-02-06,686887
2018-02-07,690041
2018-02-08,693277
2018-02-09,693340
2018-02-14,684485
2018-02-15,679313
2018-02-16,676687
2018-02-19,676345
2018-02-20,673810
2018-02-21,666875
2018-02-22,666408
2018-02-23,665877
2018-02-26,664875
2018-02-27,665655
2018-02-28,666748
2018-03-01,669478
2018-03-02,674575
2018-03-05,680156
2018-03-06,681734
2018-03-07,683513
2018-03-08,685276
2018-03-09,685442
2018-03-12,683253
2018-03-13,675897
2018-03-14,671561
2018-03-15,669292
2018-03-16,667917
2018-03-19,666239
2018-03-20,662064
2018-03-21,660158
2018-03-22,660040
2018-03-23,660969
2018-03-26,661254
2018-03-27,660747
2018-03-28,665228
2018-04-03,665501
2018-04-04,663002
2018-04-05,667720
2018-04-06,669300
2018-04-09,672577
2018-04-10,670417
2018-04-11,669412
2018-04-12,665827
2018-04-13,663856
2018-04-16,662044
2018-04-17,660482
2018-04-18,658791
2018-04-19,652446
2018-04-20,651321
2018-04-23,649752
2018-04-24,647126
2018-04-25,646048
2018-04-26,648050
2018-04-27,654356
2018-05-02,658217
2018-05-03,657760
2018-05-04,662384
2018-05-07,668448
2018-05-08,668170
2018-05-09,668026
2018-05-10,666873
2018-05-11,665279
2018-05-14,662944
2018-05-15,658489
2018-05-16,655188
2018-05-17,653486
2018-05-18,652904
2018-05-21,651110
2018-05-22,647532
2018-05-23,646633
2018-05-24,646346
2018-05-28,645001
2018-05-29,642527
2018-05-30,642394
2018-05-31,644103
2018-06-01,649068
2018-06-04,655184
2018-06-05,655925
2018-06-06,658557
2018-06-07,662251
2018-06-08,665058
2018-06-11,666093
2018-06-12,660637
2018-06-13,657066
2018-06-14,656509
2018-06-15,657840
2018-06-18,656157
2018-06-19,652907
2018-06-21,652063
2018-06-22,653324
2018-06-25,656089
2018-06-26,655683
2018-06-27,657109
2018-06-28,661184
2018-06-29,670137
2018-07-02,680647
2018-07-03,682504
2018-07-04,685747
2018-07-05,690819
2018-07-06,696471
2018-07-10,700821
2018-07-11,695548
2018-07-12,691369
2018-07-13,689331
2018-07-16,686785
2018-07-17,681799
2018-07-18,678744
2018-07-19,677526
2018-07-20,677178
2018-07-23,675748
2018-07-24,672248
2018-07-25,671255
2018-07-26,670403
2018-07-27,670998
2018-07-30,671940
2018-07-31,671807
2018-08-01,673672
2018-08-02,676995
2018-08-03,681214
2018-08-06,687174
2018-08-07,685569
2018-08-08,684457
2018-08-09,684275
2018-08-10,683915
2018-08-13,681676
2018-08-14,674918
2018-08-15,671723
2018-08-16,670119
2018-08-17,669603
2018-08-21,665841
2018-08-22,661985
2018-08-23,661232
2018-08-24,661512
2018-08-27,659918
2018-08-28,657564
2018-08-29,656420
2018-08-30,656260
2018-08-31,660017
2018-09-03,665430
2018-09-04,665793
2018-09-05,667701
2018-09-06,671206
2018-09-07,674359
2018-09-10,675616
2018-09-11,670810
2018-09-12,665026
2018-09-13,661570
2018-09-14,659720
2018-09-17,657898
2018-09-18,653382
2018-09-19,651168
2018-09-20,650589
2018-09-21,649499
2018-09-24,649427
2018-09-25,649602
2018-09-26,648211
2018-09-27,647924
2018-09-28,651926
2018-10-01,655590
2018-10-02,657566
2018-10-03,658147
2018-10-04,662005
2018-10-05,666769
2018-10-08,670348
2018-10-09,665599
2018-10-10,661833
2018-10-11,657821
2018-10-12,653931
2018-10-16,649872
2018-10-17,643435
2018-10-18,640861
2018-10-19,639984
2018-10-22,636885
2018-10-23,632776
2018-10-24,631576
2018-10-25,631505
2018-10-26,631954
2018-10-29,630953
2018-10-30,627612
2018-10-31,628419
2018-11-01,632491
2018-11-02,637421
2018-11-05,644111
2018-11-07,643337
2018-11-08,645246
2018-11-09,647102
2018-11-12,644285
2018-11-13,637999
2018-11-14,635346
2018-11-15,633859
2018-11-16,632269
2018-11-20,628111
2018-11-21,623661
2018-11-22,622437
2018-11-23,621611
2018-11-26,620053
2018-11-27,618065
2018-11-28,621021
2018-11-29,628483
2018-12-03,637385
2018-12-04,639522
2018-12-05,645157
2018-12-06,652473
2018-12-07,659984
2018-12-10,668418
2018-12-11,667443
2018-12-12,668222
2018-12-13,672063
2018-12-14,676303
2018-12-17,684101
2018-12-18,688521
2018-12-19,696408
2018-12-20,709286
2018-12-21,724193
2018-12-26,730963
2018-12-27,732506
2018-12-28,740697
2019-01-02,739749
2019-01-03,737171
2019-01-04,737533
2019-01-07,741104
2019-01-08,738446
2019-01-09,735525
2019-01-10,733444
2019-01-11,729852
2019-01-14,725844
2019-01-15,719204
2019-01-16,714629
2019-01-17,711199
2019-01-18,708877
2019-01-21,707097
2019-01-22,702362
2019-01-23,698965
2019-01-24,698509
2019-01-25,697941
2019-01-28,696621
2019-01-29,694264
2019-01-30,694608
2019-01-31,696163
2019-02-01,701019
2019-02-04,706989
2019-02-05,706524
2019-02-06,709091
2019-02-07,711990
2019-02-08,714481
2019-02-11,713232
2019-02-12,706651
2019-02-13,701735
2019-02-14,699169
2019-02-15,696685
2019-02-18,694052
2019-02-19,688942
2019-02-20,686086
2019-02-21,684929
2019-02-22,686054
2019-02-25,684784
2019-02-26,682989
2019-02-27,684540
2019-02-28,689357
2019-03-01,696328
2019-03-06,705486
2019-03-07,705639
2019-03-08,709906
2019-03-11,712776
2019-03-12,708387
2019-03-13,704897
2019-03-14,702135
2019-03-15,700851
2019-03-18,697098
2019-03-19,692524
2019-03-20,690435
2019-03-21,690739
2019-03-22,691060
2019-03-25,690597
2019-03-26,688240
2019-03-27,688338
2019-03-28,690979
2019-03-29,698370
2019-04-01,706572
2019-04-03,708837
2019-04-04,710514
2019-04-05,716908
2019-04-08,723513
2019-04-09,719982
2019-04-10,717463
2019-04-11,714740
2019-04-12,712313
2019-04-15,709722
2019-04-16,704575
2019-04-17,704516
2019-04-22,698893
2019-04-23,692678
2019-04-24,691392
2019-04-25,691405
2019-04-26,694188
2019-04-29,699712
2019-04-30,703273
2019-05-02,711609
2019-05-03,716589
2019-05-06,724305
2019-05-07,725414
2019-05-08,728867
2019-05-09,730983
2019-05-10,731472
2019-05-13,728928
2019-05-14,722593
2019-05-15,717560
2019-05-16,716470
2019-05-17,716176
2019-05-20,713943
2019-05-21,709777
2019-05-22,708640
2019-05-23,709877
2019-05-24,711509
2019-05-27,713093
2019-05-28,713424
2019-05-29,713830
2019-05-30,715457
2019-05-31,717862
2019-06-03,726607
2019-06-04,729239
2019-06-05,734125
2019-06-06,740367
2019-06-07,748123
2019-06-10,752840
2019-06-11,747333
2019-06-12,744771
2019-06-13,743364
2019-06-14,745025
2019-06-18,744598
2019-06-19,743311
2019-06-21,745866
2019-06-24,748905
2019-06-25,748956
2019-06-26,752253
2019-06-27,758588
2019-06-28,770991
2019-07-01,784047
2019-07-02,787961
2019-07-03,792771
2019-07-04,800345
2019-07-05,810210
2019-07-10,812159
2019-07-11,809248
2019-07-12,805295
2019-07-15,803286
2019-07-16,797346
2019-07-17,794689
2019-07-18,793741
2019-07-19,794757
2019-07-22,793913
2019-07-23,789555
2019-07-24,788872
2019-07-25,789285
2019-07-26,790350
2019-07-29,790658
2019-07-30,789899
2019-07-31,792282
2019-08-01,797168
2019-08-02,804176
2019-08-05,812057
2019-08-06,814015
2019-08-07,815684
2019-08-08,817381
2019-08-09,816999
2019-08-12,814681
2019-08-13,807426
2019-08-14,803779
2019-08-15,802427
2019-08-16,801907
2019-08-20,796013
2019-08-21,791671
2019-08-22,789570
2019-08-23,790349
2019-08-26,789104
2019-08-27,785926
2019-08-28,786584
2019-08-29,789754
2019-08-30,795384
2019-09-02,806055
2019-09-03,808126
2019-09-04,811363
2019-09-05,817432
2019-09-06,824833
2019-09-09,829248
2019-09-10,824783
2019-09-11,822377
2019-09-12,820348
2019-09-13,819445
2019-09-16,817570
2019-09-17,812359
2019-09-18,809422
2019-09-19,809250
2019-09-20,809362
2019-09-23,810360
2019-09-24,808477
2019-09-25,807968
2019-09-26,808072
2019-09-27,812379
2019-09-30,816302
2019-10-01,817058
2019-10-02,820738
2019-10-03,825490
2019-10-04,833618
2019-10-07,842770
2019-10-08,840102
2019-10-09,839806
2019-10-10,840089
2019-10-11,838201
2019-10-15,832727
2019-10-16,828042
2019-10-17,825852
2019-10-18,824199
2019-10-21,821862
2019-10-22,813648
2019-10-23,807055
2019-10-24,800873
2019-10-25,796332
2019-10-28,795814
2019-10-29,794135
2019-10-30,796104
2019-10-31,800813
2019-11-01,808635
2019-11-04,818128
2019-11-05,821521
2019-11-07,826315
2019-11-08,834495
2019-11-11,836211
2019-11-12,829902
2019-11-13,828681
2019-11-14,828115
2019-11-15,829511
2019-11-19,825830
2019-11-20,820999
2019-11-21,821147
2019-11-22,823336
2019-11-25,824525
2019-11-26,824057
2019-11-27,827169
2019-11-28,831172
2019-11-29,841089
2019-12-02,852046
2019-12-03,854704
2019-12-04,862534
2019-12-05,874055
2019-12-06,886295
2019-12-09,895616
2019-12-10,895715
2019-12-11,898807
2019-12-12,904142
2019-12-13,910138
2019-12-16,919072
2019-12-17,922495
2019-12-18,933982
2019-12-19,949579
2019-12-20,968741
2019-12-23,984742
2019-12-26,986535
2019-12-27,994501
2019-12-30,1009740
2020-01-02,1008506
2020-01-03,1010074
2020-01-06,1012713
2020-01-07,1011178
2020-01-08,1013172
2020-01-09,1013087
2020-01-10,1011384
2020-01-13,1009754
2020-01-14,1003336
2020-01-15,1001556
2020-01-16,1000901
2020-01-17,1000031
2020-01-20,997592
2020-01-21,992955
2020-01-22,992273
2020-01-23,991765
2020-01-24,993328
2020-01-27,992940
2020-01-28,990538
2020-01-29,991518
2020-01-30,995135
2020-01-31,999994
2020-02-03,1004440
2020-02-04,1007143
2020-02-05,1010592
2020-02-06,1015790
2020-02-07,1021140
2020-02-10,1023889
2020-02-11,1016484
2020-02-12,1015348
2020-02-13,1013889
2020-02-14,1013575
2020-02-17,1011039
2020-02-18,1004960
2020-02-19,1003060
2020-02-20,1005200
2020-02-21,1006644
2020-02-26,1002876
2020-02-27,999807
2020-02-28,1007070
2020-03-02,1015668
2020-03-03,1016818
2020-03-04,1019631
2020-03-05,1026368
2020-03-06,1034198
2020-03-09,1039828
2020-03-10,1034352
2020-03-11,1030932
2020-03-12,1029605
2020-03-13,1030650
2020-03-16,1031439
2020-03-17,1027451
2020-03-18,1026373
2020-03-19,1031101
2020-03-20,1033295
2020-03-25,1037893
2020-03-26,1038016
2020-03-27,1038724
2020-03-30,1053509
2020-04-01,1061552
2020-04-02,1067084
2020-04-03,1083183
2020-04-06,1114942
2020-04-07,1124089
2020-04-08,1133680
2020-04-13,1150628
2020-04-14,1147591
2020-04-15,1148524
2020-04-16,1150237
2020-04-17,1152247
2020-04-20,1158574
2020-04-21,1159018
2020-04-22,1160599
2020-04-23,1161596
2020-04-24,1163424
2020-04-27,1171436
2020-04-28,1171314
2020-04-29,1176377
2020-04-30,1184848
2020-05-04,1204027
2020-05-05,1208637
2020-05-06,1215687
2020-05-07,1222037
2020-05-08,1231909
2020-05-11,1249722
2020-05-12,1250195
2020-05-13,1253559
2020-05-14,1256371
2020-05-15,1257998
2020-05-18,1265395
2020-05-19,1264359
2020-05-20,1264194
2020-05-21,1262264
2020-05-22,1262757
2020-05-26,1267499
2020-05-27,1266608
2020-05-28,1266774
2020-05-29,1270580
2020-06-01,1285791
2020-06-02,1286979
2020-06-03,1289494
2020-06-04,1293581
2020-06-05,1297801
2020-06-08,1314473
2020-06-09,1313728
2020-06-10,1315799
2020-06-11,1319760
2020-06-12,1323213
2020-06-16,1336346
2020-06-17,1334786
2020-06-18,1336451
2020-06-19,1338015
2020-06-22,1349314
2020-06-23,1350107
2020-06-24,1352684
2020-06-25,1357494
2020-06-26,1363648
2020-06-29,1381264
2020-06-30,1385093
2020-07-01,1390786
2020-07-02,1396794
2020-07-03,1401535
2020-07-06,1421438
2020-07-07,1422764
2020-07-08,1424816
2020-07-13,1442291
2020-07-14,1434671
2020-07-15,1430354
2020-07-16,1429336
2020-07-17,1431723
2020-07-20,1442763
2020-07-21,1440395
2020-07-22,1441738
2020-07-23,1442655
2020-07-24,1443312
2020-07-27,1451436
2020-07-28,1449996
2020-07-29,1451387
2020-07-30,1453376
2020-07-31,1455248
2020-08-03,1467754
2020-08-04,1466225
2020-08-05,1466373
2020-08-06,1469306
2020-08-07,1470475
2020-08-10,1479959
2020-08-11,1474304
2020-08-12,1472671
2020-08-13,1471256
2020-08-14,1469278
2020-08-18,1474963
2020-08-19,1468872
2020-08-20,1465481
2020-08-21,1462847
2020-08-24,1467431
2020-08-25,1464259
2020-08-26,1462065
2020-08-27,1461544
2020-08-28,1462008
2020-08-31,1472915
2020-09-01,1470632
2020-09-02,1471281
2020-09-03,1472409
2020-09-04,1474723
2020-09-07,1489726
2020-09-08,1487002
2020-09-09,1484829
2020-09-10,1482950
2020-09-11,1481208
2020-09-14,1484435
2020-09-15,1480780
2020-09-16,1479857
2020-09-17,1480122
2020-09-18,1479066
2020-09-21,1485211
2020-09-22,1482294
2020-09-23,1482450
2020-09-24,1483380
2020-09-25,1482825
2020-09-28,1488832
2020-09-29,1486273
2020-09-30,1485279
2020-10-01,1485993
2020-10-02,1489218
2020-10-05,1502104
2020-10-06,1501963
2020-10-07,1505073
2020-10-08,1507796
2020-10-09,1507289
2020-10-13,1512390
2020-10-14,1501714
2020-10-15,1495145
2020-10-16,1491061
2020-10-19,1489645
2020-10-20,1481261
2020-10-21,1478503
2020-10-22,1473900
2020-10-23,1470041
2020-10-26,1470709
2020-10-27,1464740
2020-10-28,1462384
2020-10-29,1461760
2020-10-30,1463072
2020-11-02,1473933
2020-11-03,1473272
2020-11-04,1472832
2020-11-05,1475634
2020-11-09,1487186
2020-11-10,1481514
2020-11-11,1479390
2020-11-12,1476927
2020-11-13,1474527
2020-11-16,1475429
2020-11-17,1469383
2020-11-18,1465027
2020-11-19,1462661
2020-11-20,1459860
2020-11-24,1462619
2020-11-25,1455595
2020-11-26,1453425
2020-11-27,1452824
2020-11-30,1462943
2020-12-01,1463492
2020-12-02,1468462
2020-12-03,1474523
2020-12-04,1482488
2020-12-09,1509154
2020-12-10,1503461
2020-12-11,1506566
2020-12-14,1517460
2020-12-15,1514376
2020-12-16,1518275
2020-12-17,1528156
2020-12-18,1542990
2020-12-21,1577930
2020-12-22,1594989
2020-12-23,1611000
2020-12-28,1630606
2020-12-29,1630541
2020-12-30,1637618
2021-01-04,1643865
2021-01-05,1639109
2021-01-06,1638882
2021-01-07,1640356
2021-01-08,1640604
2021-01-11,1643069
2021-01-12,1633028
2021-01-13,1626514
2021-01-14,1621832
2021-01-15,1614847
2021-01-18,1613414
2021-01-19,1603753
2021-01-20,1597547
2021-01-21,1593616
2021-01-22,1589071
2021-01-25,1589474
2021-01-26,1582742
2021-01-27,1579612
2021-01-28,1578599
2021-01-29,1582283
2021-02-01,1590793
2021-02-02,1589221
2021-02-03,1589788
2021-02-04,1592124
2021-02-05,1598191
2021-02-08,1610482
2021-02-09,1603494
2021-02-10,1598953
2021-02-11,1594126
2021-02-12,1589709
2021-02-17,1588800
2021-02-18,1576098
2021-02-19,1570555
2021-02-22,1570483
2021-02-23,1562813
2021-02-24,1559674
2021-02-25,1558300
2021-02-26,1563169
2021-03-01,1578241
2021-03-02,1577115
2021-03-03,1578577
2021-03-04,1582559
2021-03-05,1590186
2021-03-08,1606397
2021-03-09,1602438
2021-03-10,1598917
2021-03-11,1595961
2021-03-12,1592469
2021-03-15,1591556
2021-03-16,1581799
2021-03-17,1576174
2021-03-18,1573130
2021-03-19,1571445
2021-03-22,1575018
2021-03-23,1567777
2021-03-25,1565095
2021-03-26,1560358
2021-03-29,1562308
2021-03-30,1557168
2021-03-31,1558246
2021-04-05,1580392
2021-04-06,1576546
2021-04-07,1579898
2021-04-08,1585387
2021-04-09,1585962
2021-04-12,1586554
2021-04-13,1576864
2021-04-14,1575016
2021-04-15,1572035
2021-04-16,1568705
2021-04-19,1568037
2021-04-20,1560784
2021-04-21,1559774
2021-04-22,1559959
2021-04-23,1559216
2021-04-26,1563661
2021-04-27,1559288
2021-04-28,1559672
2021-04-29,1563197
2021-04-30,1572913
2021-05-03,1593716
2021-05-04,1598152
2021-05-05,1603452
2021-05-06,1620169
2021-05-07,1623398
2021-05-10,1637925
2021-05-11,1631566
2021-05-12,1626834
2021-05-13,1623930
2021-05-14,1621966
2021-05-17,1624905
2021-05-18,1617812
2021-05-19,1614696
2021-05-20,1615409
2021-05-21,1618154
2021-05-26,1622618
2021-05-27,1619468
2021-05-28,1621865
2021-05-31,1640195
2021-06-01,1644207
2021-06-02,1653990
2021-06-03,1665064
2021-06-04,1675025
2021-06-07,1699805
2021-06-08,1703074
2021-06-09,1705998
2021-06-10,1710231
2021-06-11,1713157
2021-06-14,1722759
2021-06-15,1720320
2021-06-16,1720075
2021-06-17,1724113
2021-06-18,1729122
2021-06-22,1745659
2021-06-23,1746976
2021-06-24,1751577
2021-06-25,1759556
2021-06-28,1774900
2021-06-29,1778924
2021-06-30,1789158
2021-07-01,1803319
2021-07-02,1819121
2021-07-05,1849566
2021-07-06,1857269
2021-07-07,1868735
2021-07-08,1876399
2021-07-12,1895616
2021-07-13,1885648
2021-07-14,1881158
2021-07-15,1880020
2021-07-16,1880753
2021-07-19,1885911
2021-07-20,1880823
2021-07-21,1879091
2021-07-22,1879775
2021-07-23,1881376
2021-07-26,1886875
2021-07-27,1882513
2021-07-28,1880025
2021-07-29,1881255
2021-07-30,1885794
2021-08-02,1902325
2021-08-03,1904461
2021-08-04,1904469
2021-08-05,1911274
2021-08-06,1921349
2021-08-09,1937499
2021-08-10,1932174
2021-08-11,1927544
2021-08-12,1926417
2021-08-13,1923684
2021-08-17,1926879
2021-08-18,1916477
2021-08-19,1912647
2021-08-20,1910927
2021-08-23,1915596
2021-08-24,1909647
2021-08-25,1906939
2021-08-26,1908454
2021-08-27,1909033
2021-08-30,1915470
2021-08-31,1913481
2021-09-01,1915863
2021-09-02,1922558
2021-09-03,1932402
2021-09-06,1956119
2021-09-07,1958402
2021-09-08,1959659
2021-09-09,1961782
2021-09-10,1961262
2021-09-13,1965743
2021-09-14,1955937
2021-09-15,1950834
2021-09-16,1952532
2021-09-17,1945500
2021-09-20,1945521
2021-09-21,1938582
2021-09-22,1937982
2021-09-23,1938548
2021-09-24,1939374
2021-09-27,1947462
2021-09-28,1945004
2021-09-29,1940086
2021-09-30,1941597
2021-10-01,1949213
2021-10-04,1968525
2021-10-05,1973934
2021-10-06,1982598
2021-10-07,1992989
2021-10-12,2007928
2021-10-13,1992504
2021-10-14,1986375
2021-10-15,1981979
2021-10-18,1983694
2021-10-19,1974303
2021-10-20,1968617
2021-10-21,1967886
2021-10-22,1971111
2021-10-25,1978890
2021-10-26,1977502
2021-10-27,1978624
2021-10-28,1982347
2021-10-29,1992852
2021-11-01,2012636
2021-11-02,2014450
2021-11-03,2020604
2021-11-04,2029054
2021-11-05,2040871
2021-11-08,2061408
2021-11-09,2059769
2021-11-10,2059558
2021-11-11,2066540
2021-11-12,2070975
2021-11-15,2076216
2021-11-16,2067262
2021-11-17,2063776
2021-11-18,2064865
2021-11-19,2068645
2021-11-23,2075038
2021-11-24,2066958
2021-11-25,2064791
2021-11-26,2064971
2021-11-29,2067600
2021-11-30,2065808
2021-12-01,2070439
2021-12-02,2086873
2021-12-03,2101931
2021-12-06,2134209
2021-12-07,2144598
2021-12-09,2161951
2021-12-10,2164951
2021-12-13,2172814
2021-12-14,2171810
2021-12-15,2177702
2021-12-16,2189802
2021-12-17,2213375
2021-12-20,2259802
2021-12-21,2284624
2021-12-22,2319584
2021-12-23,2349045
2021-12-27,2381271
2021-12-28,2385534
2021-12-29,2399104
2021-12-30,2415045
2022-01-03,2428500
2022-01-04,2420953
2022-01-05,2425617
2022-01-06,2428471
2022-01-07,2431792
2022-01-10,2440680
2022-01-11,2426580
2022-01-12,2419324
2022-01-13,2415514
2022-01-14,2415004
2022-01-17,2414173
2022-01-18,2407473
2022-01-19,2402284
2022-01-20,2400434
2022-01-21,2399143
2022-01-24,2403151
2022-01-25,2394978
2022-01-26,2393664
2022-01-27,2391946
2022-01-28,2394809
2022-01-31,2412231
2022-02-01,2410846
2022-02-02,2414288
2022-02-03,2415224
2022-02-04,2423187
2022-02-07,2446686
2022-02-08,2445777
2022-02-09,2443634
2022-02-10,2440023
2022-02-11,2434934
2022-02-14,2437128
2022-02-15,2425390
2022-02-16,2417512
2022-02-17,2411132
2022-02-18,2406716
2022-02-21,2408196
2022-02-22,2398069
2022-02-23,2392575
2022-02-24,2394211
2022-02-25,2395301
2022-03-02,2415117
2022-03-03,2408967
2022-03-04,2413579
2022-03-07,2426378
2022-03-08,2426991
2022-03-09,2423616
2022-03-10,2420712
2022-03-11,2414688
2022-03-14,2411899
2022-03-15,2396023
2022-03-16,2390045
2022-03-17,2389580
2022-03-18,2382482
2022-03-21,2385143
2022-03-22,2375661
2022-03-23,2371688
2022-03-25,2368921
2022-03-28,2365957
2022-03-29,2357651
2022-03-30,2354423
2022-03-31,2354628
2022-04-01,2363894
2022-04-04,2387521
2022-04-05,2390874
2022-04-06,2400713
2022-04-07,2411402
2022-04-08,2420365
2022-04-11,2430014
2022-04-12,2417736
2022-04-13,2411212
2022-04-18,2395566
2022-04-19,2366287
2022-04-20,2365661
2022-04-21,2378451
2022-04-22,2379059
2022-04-25,2386167
2022-04-26,2380731
2022-04-27,2381464
2022-04-28,2381982
2022-04-29,2391405
2022-05-02,2416042
2022-05-03,2420031
2022-05-04,2427169
2022-05-05,2440875
2022-05-06,2458071
2022-05-09,2482470
2022-05-10,2477461
2022-05-11,2474403
2022-05-12,2472729
2022-05-13,2473764
2022-05-16,2479171
2022-05-17,2473394
2022-05-19,2477754
2022-05-20,2481427
2022-05-23,2496008
2022-05-24,2491119
2022-05-26,2495331
2022-05-27,2496084
2022-05-30,2507270
2022-05-31,2504212
2022-06-01,2513762
2022-06-02,2527720
2022-06-03,2544367
2022-06-06,2578107
2022-06-07,2585858
2022-06-08,2596679
2022-06-09,2604654
2022-06-10,2615132
2022-06-13,2631654
2022-06-14,2628183
2022-06-15,2634356
2022-06-16,2648553
2022-06-21,2676580
2022-06-22,2669225
2022-06-23,2682323
2022-06-24,2698012
2022-06-27,2722512
2022-06-28,2730812
2022-06-29,2745762
2022-06-30,2767880
2022-07-01,2794066
2022-07-04,2839649
2022-07-05,2851329
2022-07-06,2872542
2022-07-07,2891590
2022-07-08,2910281
2022-07-11,2933563
2022-07-12,2926748
2022-07-13,2923909
2022-07-14,2920808
2022-07-15,2920862
2022-07-18,2926193
2022-07-19,2914462
2022-07-20,2910757
2022-07-21,2910280
2022-07-22,2916815
2022-07-25,2919467
2022-07-26,2908119
2022-07-27,2904306
2022-07-28,2904709
2022-07-29,2909468
2022-08-01,2926532
2022-08-02,2923902
2022-08-03,2925013
2022-08-04,2928145
2022-08-05,2940334
2022-08-08,2964618
2022-08-09,2956842
2022-08-10,2951943
2022-08-11,2943351
2022-08-12,2936334
2022-08-16,2931580
2022-08-17,2909527
2022-08-18,2896861
2022-08-19,2888084
2022-08-22,2886872
2022-08-23,2872757
2022-08-24,2863262
2022-08-25,2858031
2022-08-26,2852696
2022-08-29,2851102
2022-08-30,2831712
2022-08-31,2825584
2022-09-01,2829875
2022-09-05,2861783
2022-09-06,2862942
2022-09-07,2872514
2022-09-08,2877464
2022-09-09,2878435
2022-09-12,2881821
2022-09-13,2863608
2022-09-14,2856390
2022-09-15,2853281
2022-09-16,2849273
2022-09-19,2851354
2022-09-20,2841815
2022-09-21,2840593
2022-09-22,2845706
2022-09-23,2852733
2022-09-26,2867625
2022-09-27,2856706
2022-09-28,2856983
2022-09-29,2858533
2022-09-30,2864449
2022-10-03,2884879
2022-10-04,2885581
2022-10-05,2902117
2022-10-06,2921502
2022-10-11,2947069
2022-10-12,2927037
2022-10-13,2920665
2022-10-14,2919641
2022-10-17,2923129
2022-10-18,2911667
2022-10-19,2905532
2022-10-20,2904223
2022-10-21,2907997
2022-10-24,2916669
2022-10-25,2907018
2022-10-26,2905995
2022-10-27,2908700
2022-10-28,2918496
2022-10-31,2941145
2022-11-01,2941777
2022-11-02,2952861
2022-11-03,2962450
2022-11-04,2986282
2022-11-07,3019920
2022-11-08,3020394
2022-11-09,3022857
2022-11-10,3025157
2022-11-11,3028122
2022-11-14,3033792
2022-11-15,3024162
2022-11-16,3022964
2022-11-17,3024538
2022-11-18,3029969
2022-11-22,3036618
2022-11-23,3036615
2022-11-24,3036977
2022-11-25,3042737
2022-11-28,3050543
2022-11-29,3045909
2022-11-30,3052613
2022-12-01,3075804
2022-12-02,3108209
2022-12-05,3149662
2022-12-06,3164864
2022-12-07,3193274
2022-12-12,3232455
2022-12-13,3231505
2022-12-14,3248366
2022-12-15,3270892
2022-12-16,3308085
2022-12-19,3373431
2022-12-20,3411938
2022-12-21,3462638
2022-12-22,3528442
2022-12-23,3589031
2022-12-26,3634947
2022-12-27,3648987
2022-12-28,3664095
2022-12-29,3690590
2022-12-30,3720259
2023-01-02,3727079
2023-01-03,3721561
2023-01-04,3724194
2023-01-05,3739678
2023-01-06,3751807
2023-01-09,3772869
2023-01-10,3758535
2023-01-11,3749497
2023-01-12,3739968
2023-01-13,3732099
2023-01-16,3737025
2023-01-17,3720473
2023-01-18,3710747
2023-01-19,3704440
2023-01-20,3698163
2023-01-23,3699193
2023-01-24,3684743
2023-01-25,3677156
2023-01-26,3670434
2023-01-27,3666801
2023-01-30,3675468
2023-01-31,3661885
2023-02-01,3662392
2023-02-02,3665889
2023-02-03,3673525
2023-02-06,3700920
2023-02-07,3689809
2023-02-08,3699816
2023-02-09,3697580
2023-02-10,3694033
2023-02-13,3693961
2023-02-14,3664582
2023-02-15,3660668
2023-02-16,3655819
2023-02-17,3647391
2023-02-22,3648688
2023-02-23,3647307
2023-02-24,3622815
2023-02-27,3622007
2023-02-28,3620281
2023-03-01,3626263
2023-03-02,3637053
2023-03-03,3650528
2023-03-06,3686096
2023-03-07,3681073
2023-03-08,3695836
2023-03-09,3694572
2023-03-10,3695925
2023-03-13,3694254
2023-03-14,3673098
2023-03-15,3661669
2023-03-16,3655097
2023-03-17,3657317
2023-03-20,3659230
2023-03-21,3646995
2023-03-22,3647366
2023-03-23,3647007
2023-03-27,3655195
2023-03-28,3639459
2023-03-29,3634139
2023-03-30,3635095
2023-03-31,3642282
2023-04-03,3676001
2023-04-04,3687442
2023-04-05,3714638
2023-04-10,3743832
2023-04-11,3735983
2023-04-12,3728139
2023-04-13,3722190
2023-04-14,3720138
2023-04-17,3726721
2023-04-18,3715696
2023-04-19,3719660
2023-04-20,3727595
2023-04-21,3735619
2023-04-24,3753263
2023-04-25,3746384
2023-04-26,3750291
2023-04-27,3760122
2023-04-28,3792734
2023-05-02,3838671
2023-05-03,3836973
2023-05-04,3843656
2023-05-05,3864751
2023-05-08,3899597
2023-05-09,3889184
2023-05-10,3887409
2023-05-11,3881096
2023-05-12,3879859
2023-05-15,3885129
2023-05-16,3859505
2023-05-17,3854815
2023-05-18,3847999
2023-05-19,3850891
2023-05-22,3847798
2023-05-23,3842590
2023-05-24,3838113
2023-05-29,3838741
2023-05-30,3820678
2023-05-31,3825529
2023-06-01,3851703
2023-06-02,3886921
2023-06-05,3925642
2023-06-06,3950985
2023-06-07,3969941
2023-06-08,3990057
2023-06-09,4008520
2023-06-12,4028008
2023-06-13,4013187
2023-06-14,4007799
2023-06-15,4019695
2023-06-16,4040984
2023-06-21,4078436
2023-06-22,4062690
2023-06-23,4071082
2023-06-26,4099241
2023-06-27,4104886
2023-06-28,4117297
2023-06-29,4144654
2023-06-30,4204390
2023-07-03,4272769
2023-07-04,4290621
2023-07-05,4323738
2023-07-06,4360874
2023-07-07,4400872
2023-07-10,4455382
2023-07-11,4441083
2023-07-12,4436606
2023-07-13,4442041
2023-07-14,4454440
2023-07-17,4483466
2023-07-18,4474981
2023-07-19,4474971
2023-07-20,4482931
2023-07-21,4500381
2023-07-24,4520225
2023-07-25,4516367
2023-07-26,4507776
2023-07-27,4509656
2023-07-28,4525247
2023-07-31,4553396
2023-08-01,4548996
2023-08-02,4569296
2023-08-03,4584577
2023-08-04,4619065
2023-08-07,4671196
2023-08-08,4684875
2023-08-09,4696544
2023-08-10,4703101
2023-08-11,4712574
2023-08-14,4721332
2023-08-15,4692757
2023-08-16,4672010
2023-08-17,4650311
2023-08-18,4636223
2023-08-22,4638370
2023-08-23,4609983
2023-08-24,4597943
2023-08-25,4596917
2023-08-28,4595680
2023-08-29,4575651
2023-08-30,4562929
2023-08-31,4565053
2023-09-01,4597020
2023-09-04,4634962
2023-09-05,4638140
2023-09-06,4668621
2023-09-07,4695903
2023-09-08,4726481
2023-09-11,4753600
2023-09-12,4735196
2023-09-13,4728711
2023-09-14,4731521
2023-09-15,4746426
2023-09-18,4758062
2023-09-19,4745659
2023-09-20,4743390
2023-09-21,4752510
2023-09-22,4771432
2023-09-25,4807770
2023-09-26,4812970
2023-09-27,4816988
2023-09-28,4838930
2023-09-29,4870617
2023-10-02,4926751
2023-10-03,4939381
2023-10-04,4969330
2023-10-05,5016977
2023-10-06,5071890
2023-10-09,5124232
2023-10-10,5146084
2023-10-11,5158332
2023-10-12,5164103
2023-10-17,5204296
2023-10-18,5191628
2023-10-19,5216067
2023-10-20,5232825
2023-10-23,5227023
2023-10-24,5187612
2023-10-25,5165788
2023-10-26,5154279
2023-10-27,5153396
2023-10-30,5148636
2023-10-31,5141317
2023-11-01,5144396
2023-11-02,5173098
2023-11-03,5212260
2023-11-07,5240678
2023-11-08,5266084
2023-11-09,5298627
2023-11-10,5326613
2023-11-13,5351967
2023-11-14,5338604
2023-11-15,5341615
2023-11-16,5350575
2023-11-17,5362753
2023-11-21,5373842
2023-11-22,5351771
2023-11-23,5355365
2023-11-24,5366454
2023-11-27,5372820
2023-11-28,5359551
2023-11-29,5370861
2023-11-30,5414397
2023-12-01,5481716
2023-12-04,5562972
2023-12-05,5597442
2023-12-06,5662980
2023-12-07,5731232
2023-12-11,5809251
2023-12-12,5818829
2023-12-13,5850080
2023-12-14,5878796
2023-12-15,5935160
2023-12-18,6001294
2023-12-19,6071872
2023-12-20,6163019
2023-12-21,6283294
2023-12-22,6411359
2023-12-26,6495623
2023-12-27,6512201
2023-12-28,6557913
2023-12-29,6629219
2024-01-02,6641071
2024-01-03,6620361
2024-01-04,6620037
2024-01-05,6640298
2024-01-08,6697833
2024-01-09,6698565
2024-01-10,6708400
2024-01-11,6709082
2024-01-12,6715533
2024-01-15,6713610
2024-01-16,6690978
2024-01-17,6690056
2024-01-18,6692912
2024-01-19,6698495
2024-01-22,6715279
2024-01-23,6687077
2024-01-24,6681811
2024-01-25,6689649
2024-01-26,6689934
2024-01-29,6691246
2024-01-30,6674052
2024-01-31,6665429
2024-02-01,6697433
2024-02-02,6736704
2024-02-05,6774371
2024-02-06,6791148
2024-02-07,6830588
2024-02-08,6859300
2024-02-09,6874775
2024-02-14,6847972
2024-02-15,6814490
2024-02-16,6809818
2024-02-19,6784501
2024-02-20,6749312
2024-02-21,6733622
2024-02-22,6724749
2024-02-23,6721413
2024-02-26,6721832
2024-02-27,6688666
2024-02-28,6691178
2024-02-29,6717555
2024-03-01,6787196
2024-03-04,6848462
2024-03-05,6849162
2024-03-06,6895030
2024-03-07,6943624
2024-03-08,7007812
2024-03-11,7041558
2024-03-12,7011959
2024-03-13,7004899
2024-03-14,7006349
2024-03-15,7035332
2024-03-18,7092987
2024-03-19,7088337
2024-03-20,7103373
2024-03-21,7144945
2024-03-22,7193123
2024-03-25,7262880
2024-03-26,7302598
2024-03-27,7374132
2024-04-03,7421748
2024-04-04,7408973
2024-04-05,7475290
2024-04-08,7535880
2024-04-09,7516549
2024-04-10,7544231
2024-04-11,7543113
2024-04-12,7572775
2024-04-15,7572391
2024-04-16,7537539
2024-04-17,7573991
2024-04-18,7607225
2024-04-19,7667215
2024-04-22,7733695
2024-04-23,7750545
2024-04-24,7793143
2024-04-25,7842724
2024-04-26,7884780
2024-04-29,7969549
2024-04-30,8000682
2024-05-02,8103574
2024-05-03,8190380
2024-05-06,8250520
2024-05-07,8272517
2024-05-08,8349843
2024-05-09,8366891
2024-05-10,8452273
2024-05-13,8509041
2024-05-14,8524450
2024-05-15,8570262
2024-05-16,8601361
2024-05-17,8655136
2024-05-20,8683405
2024-05-21,8749209
2024-05-22,8802945
2024-05-23,8836480
2024-05-24,8890649
2024-05-27,8967894
2024-05-28,8983682
2024-05-29,9044486
2024-05-30,9056570
2024-05-31,9156246
2024-06-03,9256325
2024-06-04,9285102
2024-06-05,9350747
2024-06-06,9449825
2024-06-07,9560702
2024-06-10,9686618
2024-06-11,9747557
2024-06-12,9851923
2024-06-13,9952647
2024-06-14,10101568
2024-06-18,10333656
2024-06-19,10477814
2024-06-24,10625142
2024-06-25,10658379
2024-06-26,10802063
2024-06-27,10932967
2024-06-28,11139207
2024-07-01,11329424
2024-07-02,11447987
2024-07-03,11527438
2024-07-04,11643262
2024-07-05,11784686
2024-07-08,11985022
2024-07-10,12061478
2024-07-11,12109453
2024-07-12,12197062
2024-07-15,12274713
2024-07-16,12316230
2024-07-17,12345290
2024-07-18,12362658
2024-07-19,12418949
2024-07-22,12470557
2024-07-23,12453088
2024-07-24,12476941
2024-07-25,12486975
2024-07-26,12520327
2024-07-29,12571592
2024-07-30,12555862
2024-07-31,12527671
2024-08-01,12537962
2024-08-02,12608442
2024-08-05,12674872
2024-08-06,12678088
2024-08-07,12692257
2024-08-08,12728626
2024-08-09,12777169
2024-08-12,12820865
2024-08-13,12799626
2024-08-14,12772022
2024-08-15,12791992
2024-08-16,12778040
2024-08-19,12806803
2024-08-20,12766375
2024-08-21,12731659
2024-08-22,12730810
2024-08-23,12780230
2024-08-26,12819068
2024-08-27,12784898
2024-08-28,12803038
2024-08-29,12797163
2024-08-30,12829632
2024-09-02,12892370
2024-09-03,12890347
2024-09-04,12897383
2024-09-05,12930373
2024-09-06,13000109
2024-09-09,13098731
2024-09-10,13089759
2024-09-11,13102113
2024-09-12,13105825
2024-09-13,13134470
2024-09-16,13159168
2024-09-17,13121853
2024-09-18,13114094
2024-09-19,13069041
2024-09-20,13140971
2024-09-23,13175544
2024-09-24,13151668
2024-09-25,13120841
2024-09-26,13113710
2024-09-27,13149966
2024-09-30,13209919
2024-10-01,13249740
2024-10-02,13281760
2024-10-03,13322851
2024-10-04,13411113
2024-10-07,13528027
2024-10-08,13552695
2024-10-09,13606172
2024-10-10,13648382
2024-10-14,13755449
2024-10-15,13720416
2024-10-16,13697196
2024-10-17,13705616
2024-10-18,13745431
2024-10-21,13787209
2024-10-22,13745083
2024-10-23,13741862
2024-10-24,13751936
2024-10-25,13791367
2024-10-28,13796044
2024-10-29,13758349
2024-10-30,13715018
2024-10-31,13722960
2024-11-01,13791079
2024-11-04,13875047
2024-11-05,13890521
2024-11-07,13943811
2024-11-08,14053822
2024-11-11,14121613
2024-11-12,14085185
2024-11-13,14120394
2024-11-14,14169166
2024-11-15,14234090
2024-11-19,14274539
2024-11-20,14257455
2024-11-21,14280562
2024-11-22,14295176
2024-11-25,14352907
2024-11-26,14341436
2024-11-27,14376038
2024-11-28,14454261
2024-11-29,14577702
2024-12-02,14711717
2024-12-03,14770241
2024-12-04,14863240
2024-12-05,14884101
2024-12-06,14990325
2024-12-09,15176335
2024-12-10,15247346
2024-12-11,15361221
2024-12-12,15488061
2024-12-13,15689948
2024-12-16,15931906
2024-12-17,16084890
2024-12-18,16324154
2024-12-19,16545324
2024-12-20,16904647
2024-12-23,17268563
2024-12-26,17466211
2024-12-27,17554613
2024-12-30,17783458
2025-01-02,17752251
2025-01-03,17746869
2025-01-06,17747042
2025-01-07,17711449
2025-01-08,17735121
2025-01-09,17796193
2025-01-10,17860698
2025-01-13,17921382
2025-01-14,17876668
2025-01-15,17901371
2025-01-16,17871599
2025-01-17,17901189
2025-01-20,17940271
2025-01-21,17897904
2025-01-22,17902408
2025-01-23,17912812
2025-01-24,17939808
2025-01-27,17978430
2025-01-28,17975655
2025-01-29,17967462
2025-01-30,17968309
2025-01-31,18006483
2025-02-03,18084662
2025-02-04,18055839
2025-02-05,18019607
2025-02-06,18035016
2025-02-07,18064923
2025-02-10,18129055
2025-02-11,18072562
2025-02-12,18056884
2025-02-13,18064346
2025-02-14,18099821
2025-02-17,18133507
2025-02-18,18086539
2025-02-19,18072691
2025-02-20,18091561
2025-02-21,18134268
2025-02-24,18186959
2025-02-25,18161967
2025-02-26,18168988
2025-02-27,18223470
2025-02-28,18351321
2025-03-05,18471174
2025-03-06,18423856
2025-03-07,18431095
2025-03-10,18468436
2025-03-11,18358634
2025-03-12,18340896
2025-03-13,18364752
2025-03-14,18463476
2025-03-17,18530874
2025-03-18,18530293
2025-03-19,18610167
2025-03-20,18639333
2025-03-21,18733021
2025-03-25,18828304
2025-03-26,18821444
2025-03-27,18852569
2025-03-28,18948596
2025-03-31,19036383
2025-04-01,19023679
2025-04-03,19098098
2025-04-04,19124404
2025-04-07,19222752
2025-04-08,19190404
2025-04-09,19245240
2025-04-10,19299451
2025-04-11,19390921
2025-04-14,19391534
2025-04-15,19308805
2025-04-16,19284334
2025-04-21,19198179
2025-04-22,19073309
2025-04-23,19031040
2025-04-24,19038281
2025-04-25,19080316
2025-04-28,19132420
2025-04-29,19114712
2025-04-30,19236667
2025-05-05,19301079
2025-05-06,19259761
2025-05-07,19216018
2025-05-08,19235183
2025-05-09,19268830
2025-05-12,19334621
2025-05-13,19245710
2025-05-14,19210303
2025-05-15,19203858
2025-05-16,19228039
2025-05-19,19226356
2025-05-20,19174070
2025-05-21,19173183
2025-05-22,19192120
2025-05-23,19252193
2025-05-26,19271271
2025-05-27,19239814
2025-05-28,19279046
2025-05-29,19349172
2025-05-30,19425343
2025-06-02,19536396
2025-06-03,19551643
2025-06-04,19568335
2025-06-05,19614515
2025-06-06,19748676
2025-06-09,19865942
2025-06-10,19894806
2025-06-11,19946811
2025-06-12,19981734
2025-06-13,20099154
2025-06-17,20225708
2025-06-18,20273171
2025-06-19,20266008
2025-06-23,20390750
2025-06-24,20389361
2025-06-25,20487151
2025-06-26,20595533
2025-06-27,20746837
2025-06-30,21045536
2025-07-01,21103854
2025-07-02,21182229
2025-07-03,21269865
2025-07-04,21360186
2025-07-07,21552123
2025-07-08,21570923
2025-07-10,21686004
2025-07-11,21692379
2025-07-14,21737407
2025-07-15,21685623
2025-07-16,21653419
2025-07-17,21619880
2025-07-18,21687083
2025-07-21,21735329
2025-07-22,21681427
2025-07-23,21677334
2025-07-24,21680932
2025-07-25,21688213
2025-07-28,21717944
2025-07-29,21685779
2025-07-30,21675245
2025-07-31,21673141
2025-08-01,21719466
2025-08-04,21795109
2025-08-05,21756816
2025-08-06,21766034
2025-08-07,21786716
2025-08-08,21850300
2025-08-11,21914023
2025-08-12,21846349
2025-08-13,21842160
2025-08-14,21835315
2025-08-18,21796098
2025-08-19,21632427
2025-08-20,21555579
2025-08-21,21555747
2025-08-22,21586736
2025-08-25,21588355
2025-08-26,21523186
2025-08-27,21528571
2025-08-28,21557576
2025-08-29,21579249
2025-09-01,21612790
2025-09-02,21548510
2025-09-03,21546172
2025-09-04,21551105
2025-09-05,21571758
2025-09-08,21656735
2025-09-09,21608378
2025-09-10,21636871
2025-09-11,21653764
2025-09-12,21668808
2025-09-15,21712392
2025-09-16,21649035
2025-09-17,21625740
2025-09-18,21623844
2025-09-19,21635118
2025-09-22,21674558
2025-09-23,21587213
2025-09-24,21586484
2025-09-25,21586858
2025-09-26,21580196
2025-09-29,21568170
2025-09-30,21537968
2025-10-01,21514375
2025-10-02,21563192
2025-10-03,21640853
2025-10-06,21684290
2025-10-07,21656564
2025-10-08,21701888
2025-10-09,21790269
2025-10-13,21740204
2025-10-14,21617305
2025-10-15,21544798
2025-10-16,21527534
2025-10-17,21496172
2025-10-20,21490201
2025-10-21,21419257
2025-10-22,21432836
2025-10-23,21446224
2025-10-24,21457126
2025-10-27,21353349
2025-10-28,21408234
2025-10-29,21366063
2025-10-30,21340057
2025-10-31,21374831
2025-11-03,21427615
2025-11-04,21384419
2025-11-05,21401665
2025-11-07,21375384
2025-11-10,21442774
2025-11-11,21393012
2025-11-12,21361765
2025-11-13,21376510
2025-11-14,21410326
2025-11-17,21418595
2025-11-18,21351890
2025-11-19,21355476
2025-11-20,21470419
2025-11-25,21526539
2025-11-26,21487233
2025-11-27,21556738
2025-11-28,21699864
2025-12-01,21791241
2025-12-02,21780162
2025-12-03,21829380
2025-12-04,21896118
2025-12-05,21996862
2025-12-09,22186202
2025-12-10,22220659
2025-12-11,22328806
2025-12-12,22561016
2025-12-15,22774453
2025-12-16,22873827
2025-12-17,23059587
2025-12-18,23287167
2025-12-19,23604809
2025-12-22,24039541
2025-12-23,24271036
2025-12-26,24395438
2025-12-29,24493324
2025-12-30,24576066
2026-01-02,24527671
2026-01-05,24458103
2026-01-06,24362180
2026-01-07,24286081
2026-01-08,24240964
2026-01-09,24194395
2026-01-12,24177156
2026-01-13,24062455
2026-01-14,24008034
2026-01-15,23980192
2026-01-16,23933870
2026-01-19,23884389
2026-01-20,23780275
2026-01-21,23714972
2026-01-22,23673316
2026-01-23,23669825
2026-01-26,23658425
2026-01-27,23534550
2026-01-28,23527559
2026-01-29,23563353
2026-01-30,23625544
2026-02-02,23651101
2026-02-03,23589554
2026-02-04,23545433
2026-02-05,23524524
2026-02-06,23521580
2026-02-09,23594397
2026-02-10,23538132
2026-02-11,23498501
2026-02-12,23468623
2026-02-13,23457452
2026-02-18,23404999
2026-02-19,23385177
2026-02-20,23356591
2026-02-23,23295998
2026-02-24,23233684
2026-02-25,23217053
2026-02-26,23250219
2026-02-27,23371534
2026-03-02,23427406
2026-03-03,23349387
2026-03-04,23320703
2026-03-05,23321558
2026-03-06,23328351
2026-03-09,23413350
2026-03-10,23368635
2026-03-11,23327228
2026-03-12,23322451
2026-03-13,23343754
2026-03-16,23341058
2026-03-17,23251190
2026-03-18,23189541
2026-03-19,23205381
2026-03-20,23248616
2026-03-25,23220505
2026-03-26,23134513
2026-03-27,23179453
2026-03-30,23203301
2026-03-31,23167908
2026-04-01,23191643
2026-04-06,23179862
2026-04-07,23048646
2026-04-08,23004743
2026-04-09,22979626
2026-04-10,23048691
2026-04-13,23067890
2026-04-14,22957738
2026-04-15,22975043
2026-04-16,22966738
2026-04-17,22962716
2026-04-20,22931973
2026-04-21,22855492
2026-04-22,22851003
2026-04-23,22849293
2026-04-24,22909318
2026-04-27,22938448
2026-04-28,22934720
2026-04-29,23046699
2026-04-30,23237697
2026-05-04,23373124
2026-05-05,23311502
2026-05-06,23301000
2026-05-07,23296187
2026-05-08,23310410
2026-05-11,23372930
2026-05-12,23311832
2026-05-13,23265842
2026-05-14,23323850
2026-05-15,23364317
2026-05-18,23371585
2026-05-19,23315943
2026-05-20,23318096
2026-05-21,23371261
2026-05-22,23494070
2026-05-26,23559183
2026-05-27,23545915
2026-05-28,23627677
2026-05-29,23813872
2026-06-01,23929105
2026-06-02,23908611
2026-06-03,23929776
2026-06-04,23967117
2026-06-05,24029564
2026-06-08,24193656
2026-06-09,24227406
2026-06-10,24315805
2026-06-11,24420646
2026-06-12,24549284
2026-06-16,24629471
2026-06-17,24621421
2026-06-18,24667693
2026-06-19,24784889
2026-06-22,24914678
2026-06-23,24991361
2026-06-24,25114078
2026-06-25,25248149
2026-06-26,25443395
2026-06-29,25696303
2026-06-30,25782691
2026-07-01,25898054
2026-07-02,26028901
2026-07-03,26118416
2026-07-06,26234442
2026-07-07,26229624
2026-07-08,26398861
2026-07-13,26470716
2026-07-14,26346493
2026-07-15,26314697
2026-07-16,26341636
2026-07-17,26359886
2026-07-20,26366918
2026-07-21,26304702
2026-07-22,26310987
2026-07-23,26358131
2026-07-24,26420677
2026-07-27,26473650
2026-07-28,26478721
2026-07-29,26490133
2026-07-30,26483730
2026-07-31,26525998
2026-08-03,26504918
2026-08-04,26491596
2026-08-05,26469321
2026-08-06,26426515
2026-08-07,26424090
2026-08-10,26496097
2026-08-11,26432153
2026-08-12,26395460
2026-08-13,26396963
2026-08-14,26424694
2026-08-18,26402233
2026-08-19,26291150
2026-08-20,26259379
2026-08-21,26255383
2026-08-24,26241929
2026-08-25,26205354
2026-08-26,26227528
2026-08-27,26262953
2026-08-28,26352655
2026-08-31,26522426
2026-09-01,26458122
2026-09-02,26482674
2026-09-03,26483300
2026-09-04,26463348
2026-09-07,26510507
2026-09-08,26471110
2026-09-09,26493221
2026-09-10,26533035
2026-09-11,26572759
2026-09-14,26589544
2026-09-15,26515767
2026-09-16,26472635
2026-09-17,26466827
2026-09-18,26471952
2026-09-21,26471252
2026-09-22,26440704
2026-09-23,26459160
2026-09-24,26507693
2026-09-25,26558219
2026-09-28,26653866
2026-09-29,26600811
2026-09-30,26625146
2026-10-01,26658709
