fecha,valor
2003-01-02,2679.9125
2003-01-03,2682.904
2003-01-06,2676.516
2003-01-07,2644.1952
2003-01-08,2680.909
2003-01-09,2704.4688
2003-01-10,2742.9994
2003-01-13,2739.555
2003-01-14,2728.8562
2003-01-15,2653.005
2003-01-16,2698.8416
2003-01-17,2699.008
2003-01-20,2634.4725
2003-01-21,2634.6848
2003-01-22,2619.1215
2003-01-23,2683.2
2003-01-24,2760.771
2003-01-27,2832.2448
2003-01-28,2898.6411
2003-01-29,2884.775
2003-01-30,2809.08
2003-01-31,2780.8058
2003-02-03,2782.521
2003-02-04,2771.5826
2003-02-05,2765.4441
2003-02-06,2765.1582
2003-02-07,2770.3443
2003-02-10,2749.4292
2003-02-11,2726.3943
2003-02-12,2745.472
2003-02-13,2764.5129
2003-02-14,2830.2396
2003-02-17,2820.2364
2003-02-18,2927.9295
2003-02-19,2967.7676
2003-02-20,3037.798
2003-02-21,3019.9575
2003-02-24,3005.5072
2003-02-25,2951.55
2003-02-26,2940.846
2003-02-27,3006.7065
2003-02-28,3201.3
2003-03-03,3080.2959
2003-03-04,3065.1558
2003-03-05,3037.518
2003-03-06,3069.472
2003-03-07,3070.012
2003-03-10,3048.5224
2003-03-11,3083.671
2003-03-12,3044.8074
2003-03-13,3051.8596
2003-03-14,3073.988
2003-03-17,3050.4
2003-03-18,3191.1855
2003-03-19,3139.968
2003-03-20,3164.436
2003-03-21,3187.485
2003-03-24,3129.152
2003-03-25,3009.3591
2003-03-26,2944.718
2003-03-27,2902.581
2003-03-28,3060.2625
2003-04-01,3032.8256
2003-04-02,2976.9374
2003-04-03,2969.6
2003-04-04,2989.266
2003-04-07,2985.7824
2003-04-08,2984.8392
2003-04-09,3044.2041
2003-04-10,3022.38
2003-04-11,3025.5159
2003-04-14,3078.972
2003-04-15,3118.786
2003-04-16,3131.5882
2003-04-21,3095.0757
2003-04-22,3069.34
2003-04-23,3036.446
2003-04-24,3040.232
2003-04-25,3056.3376
2003-04-28,3046.113
2003-04-29,3037.4008
2003-04-30,3089.814
2003-05-02,2973.5608
2003-05-05,2984.9325
2003-05-06,2992.255
2003-05-07,3195.4645
2003-05-08,3227.8378
2003-05-09,3210.1126
2003-05-12,3242.806
2003-05-13,3199.254
2003-05-14,3218.9514
2003-05-15,3424.437
2003-05-16,3423.0691
2003-05-19,3495.75
2003-05-20,3416.592
2003-05-21,3386.511
2003-05-22,3369.893
2003-05-23,3527.386
2003-05-26,3548.3575
2003-05-27,3553.8237
2003-05-28,3539.4943
2003-05-29,3473.4125
2003-05-30,3558.9576
2003-06-02,3501.564
2003-06-03,3541.824
2003-06-04,3560.13
2003-06-05,3553.5275
2003-06-06,3569.9152
2003-06-09,3566.605
2003-06-10,3598.08
2003-06-11,3612.392
2003-06-12,3641.5389
2003-06-13,3634.879
2003-06-17,3637.1771
2003-06-18,3636.295
2003-06-19,3649.5048
2003-06-20,3702.3667
2003-06-23,3684.7326
2003-06-24,3668.4144
2003-06-25,3645.18
2003-06-26,3679.9097
2003-06-27,3729.99
2003-06-30,3756.435
2003-07-01,3727.1993
2003-07-02,3736.8008
2003-07-03,3739.1879
2003-07-04,3762.4738
2003-07-07,3803.0426
2003-07-08,3783.688
2003-07-10,3810.5721
2003-07-11,3798.0414
2003-07-14,3759.992
2003-07-15,3788.403
2003-07-16,3785.869
2003-07-17,3835.3248
2003-07-18,3873.816
2003-07-21,3877.0578
2003-07-22,3864.5981
2003-07-23,3860.9987
2003-07-24,3886.47
2003-07-25,3928.7102
2003-07-28,3931.389
2003-07-29,4027.5391
2003-07-30,4089.174
2003-07-31,4174.1712
2003-08-01,4184.04
2003-08-04,4217.6032
2003-08-05,4202.055
2003-08-06,4208.916
2003-08-07,4281.9056
2003-08-08,4319.9296
2003-08-11,4293.429
2003-08-12,4279.5456
2003-08-13,4285.9212
2003-08-14,4283.184
2003-08-15,4347.1
2003-08-19,4399.432
2003-08-20,4408.402
2003-08-21,4458.5688
2003-08-22,4499.55
2003-08-25,4450.3662
2003-08-26,4440.984
2003-08-27,4462.4148
2003-08-28,4523.384
2003-08-29,4508.9256
2003-09-01,4512.649
2003-09-02,4525.8108
2003-09-03,4540.3825
2003-09-04,4532.8317
2003-09-05,4511.232
2003-09-08,4567.2256
2003-09-09,4606.5386
2003-09-10,4587.8739
2003-09-11,4635.7716
2003-09-12,4587.307
2003-09-15,4545.6554
2003-09-16,4560.2109
2003-09-17,4595.4927
2003-09-18,4639.302
2003-09-19,4655.8083
2003-09-22,4686.227
2003-09-23,4720.969
2003-09-24,4742.1187
2003-09-25,4710.7
2003-09-26,4733.9424
2003-09-29,4759.209
2003-09-30,4742.019
2003-10-01,4753.5264
2003-10-02,4752.1656
2003-10-03,4733.652
2003-10-06,4700.1006
2003-10-07,4781.7895
2003-10-08,4755.1108
2003-10-09,4790.3457
2003-10-10,4742.442
2003-10-14,4763.6588
2003-10-15,4779.7394
2003-10-16,4784.1126
2003-10-17,4788.336
2003-10-20,4804.4405
2003-10-21,4809.637
2003-10-22,4825.2685
2003-10-23,4812.586
2003-10-24,4804.332
2003-10-27,4802.4036
2003-10-28,4820.508
2003-10-29,4819.542
2003-10-30,4804.4496
2003-10-31,4865.8525
2003-11-03,4845.3482
2003-11-04,4830.7798
2003-11-05,4839.6276
2003-11-07,4800.0916
2003-11-10,4868.3083
2003-11-11,4882.3385
2003-11-12,4879.195
2003-11-13,4884.8347
2003-11-14,5017.0346
2003-11-17,5012.868
2003-11-18,5012.2375
2003-11-19,5017.881
2003-11-20,5030.4865
2003-11-21,5064.3242
2003-11-24,5069.3254
2003-11-25,5117.0535
2003-11-26,5147.376
2003-11-27,5293.106
2003-11-28,5551.1466
2003-12-01,5581.9566
2003-12-02,5521.976
2003-12-03,5515.98
2003-12-04,5507.6778
2003-12-05,5496.1743
2003-12-09,5489.8326
2003-12-10,5440.6204
2003-12-11,5449.5577
2003-12-12,5501.6743
2003-12-15,5563.719
2003-12-16,5654.3839
2003-12-17,5628.3998
2003-12-18,5688.4044
2003-12-19,5722.146
2003-12-22,5739.21
2003-12-23,5703.4743
2003-12-24,5684.16
2003-12-26,5682.534
2003-12-29,5697.0293
2003-12-30,5678.2575
2003-12-31,5707.618
2004-01-02,5819.357
2004-01-05,5795.9688
2004-01-06,5763.1741
2004-01-07,5812.079
2004-01-08,5812.1922
2004-01-09,5891.0788
2004-01-12,5781.3271
2004-01-13,5810.5278
2004-01-14,5848.3311
2004-01-15,5859.711
2004-01-16,5862.1602
2004-01-19,5900.5926
2004-01-20,5904.3468
2004-01-21,5951.3124
2004-01-22,5988.3384
2004-01-23,5972.7976
2004-01-26,6012.903
2004-01-27,6010.445
2004-01-28,6053.8125
2004-01-29,6121.024
2004-01-30,6091.2179
2004-02-02,6086.669
2004-02-03,6075.6404
2004-02-04,6105.0297
2004-02-05,6165.68
2004-02-06,6171.3492
2004-02-09,6136.338
2004-02-10,6104.88
2004-02-11,6153.3948
2004-02-12,6171.17
2004-02-13,6137.9992
2004-02-16,6142.7808000000005
2004-02-17,6150.8985
2004-02-18,6173.5568
2004-02-19,6220.6168
2004-02-20,6229.4616
2004-02-23,6179.607
2004-02-24,6182.5288
2004-02-25,6209.1384
2004-02-26,6187.8188
2004-02-27,6247.5195
2004-03-01,6223.3842
2004-03-02,6273.4018
2004-03-03,6252.4934
2004-03-04,6261.7255
2004-03-05,6307.8075
2004-03-08,6127.1895
2004-03-09,6089.85
2004-03-10,6058.1612
2004-03-11,6090.2834
2004-03-12,6056.96
2004-03-15,6117.6918
2004-03-16,6101.4754
2004-03-17,6090.186
2004-03-18,6069.136
2004-03-19,6105.135
2004-03-22,6065.9372
2004-03-23,6084.0934
2004-03-24,6144.3024
2004-03-25,6126.7068
2004-03-26,6176.6172
2004-03-29,6264.048
2004-03-30,6480.63
2004-03-31,6520.82
2004-04-01,6525.8336
2004-04-02,6545.11
2004-04-06,6687.4195
2004-04-07,6616.6232
2004-04-12,6644.769
2004-04-13,6651.8644
2004-04-14,6760.08
2004-04-15,6793.4788
2004-04-16,6871.1215
2004-04-19,6902.235
2004-04-20,6961.1525
2004-04-21,7001.169
2004-04-22,7040.8547
2004-04-23,7037.1346
2004-04-26,6996.6441
2004-04-27,6972.6272
2004-04-28,7058.0874
2004-04-29,7100.24
2004-04-30,7047.5604
2004-05-03,7098.1248
2004-05-04,7296.6784
2004-05-05,7549.504
2004-05-06,7765.8041
2004-05-07,7958.2041
2004-05-10,8124.3765
2004-05-11,8084.2682
2004-05-12,8202.7262
2004-05-13,8314.952
2004-05-14,8350.839
2004-05-17,8371.2069
2004-05-18,8403.2844
2004-05-19,8494.8738
2004-05-20,8618.022
2004-05-21,8763.02
2004-05-24,8832.9416
2004-05-26,8996.361
2004-05-27,9132.4626
2004-05-28,9282.1391
2004-05-31,9286.8386
2004-06-01,9300.7488
2004-06-02,9307.1087
2004-06-03,9359.0077
2004-06-04,9491.893
2004-06-07,9550.265
2004-06-08,9609.9633
2004-06-09,9670.93
2004-06-10,9750.902
2004-06-11,9834.984
2004-06-14,9910.5888
2004-06-15,9964.9344
2004-06-16,9988.4883
2004-06-17,10028.0115
2004-06-18,10039.3216
2004-06-22,10261.561600000001
2004-06-23,10250.037
2004-06-24,10214.7306
2004-06-25,10127.3404
2004-06-28,10360.5093
2004-06-29,10431.0198
2004-06-30,10537.1313
2004-07-01,10491.978
2004-07-02,10506.768
2004-07-05,10511.4025
2004-07-06,10545.9945
2004-07-07,10649.9932
2004-07-08,10696.4904
2004-07-12,10784.179
2004-07-13,10757.4885
2004-07-14,10704.5936
2004-07-15,10745.1561
2004-07-16,10809.6378
2004-07-19,10846.8012
2004-07-20,10919.7894
2004-07-21,10778.4822
2004-07-22,11048.745
2004-07-23,11077.88
2004-07-26,11127.939
2004-07-27,11115.7065
2004-07-28,11071.0638
2004-07-29,11117.985
2004-07-30,11115.36
2004-08-02,11152.7072
2004-08-03,11143.6836
2004-08-04,11240.0376
2004-08-05,11436.48
2004-08-06,11571.4706
2004-08-09,11461.38
2004-08-10,11411.825
2004-08-11,11412.532
2004-08-12,11412.2046
2004-08-13,11361.2576
2004-08-17,11380.446
2004-08-18,11411.058
2004-08-19,11381.495
2004-08-20,11387.9295
2004-08-23,11411.2138
2004-08-24,11419.608
2004-08-25,11367.9276
2004-08-26,11382.4276
2004-08-27,11460.9376
2004-08-30,11437.1764
2004-08-31,11461.146
2004-09-01,11418.2393
2004-09-02,11442.4804
2004-09-03,11515.672
2004-09-06,11510.3088
2004-09-07,11550.7588
2004-09-08,11520.9956
2004-09-09,11558.3115
2004-09-10,11607.6415
2004-09-13,11547.3906
2004-09-14,11581.3762
2004-09-15,11145.2352
2004-09-16,11471.1747
2004-09-17,11553.456
2004-09-20,11205.7934
2004-09-21,11236.4776
2004-09-22,11283.76
2004-09-23,11215.89
2004-09-24,11279.6046
2004-09-27,11287.4012
2004-09-28,11249.151
2004-09-29,11250.8989
2004-09-30,11294.7275
2004-10-01,11242.746
2004-10-04,11249.832
2004-10-05,11249.6024
2004-10-06,11275.768
2004-10-07,11299.3657
2004-10-08,11320.0769
2004-10-12,11298.6367
2004-10-13,11317.141
2004-10-14,11442.6192
2004-10-15,11441.43
2004-10-18,11343.591
2004-10-19,11314.8024
2004-10-20,11346.4757
2004-10-21,11349.2357
2004-10-22,11352.9156
2004-10-25,11409.0984
2004-10-26,11424.6485
2004-10-27,11424.9554
2004-10-28,11406.2414
2004-10-29,11510.743
2004-11-01,11450.544
2004-11-02,11412.863
2004-11-03,11433.0344
2004-11-04,11447.2103
2004-11-05,11431.1298
2004-11-08,11450.8107
2004-11-09,11486.202
2004-11-10,11487.061
2004-11-11,11467.5792
2004-11-12,11529.182
2004-11-15,11504.9829
2004-11-16,11488.0164
2004-11-17,11485.3581
2004-11-18,11373.3468
2004-11-19,11476.8814
2004-11-22,11527.6786
2004-11-23,11539.437
2004-11-24,11482.4154
2004-11-25,11483.3737
2004-11-26,11455.0192
2004-11-29,11508.0685
2004-11-30,11541.361
2004-12-01,11496.5544
2004-12-02,11534.1985
2004-12-03,11568.0495
2004-12-06,11714.241
2004-12-07,11734.8699
2004-12-09,11704.2616
2004-12-10,11691.9182
2004-12-13,11702.4184
2004-12-14,11705.705
2004-12-15,11724.3325
2004-12-16,11798.8713
2004-12-17,11773.9656
2004-12-20,11758.0306
2004-12-21,11693.6983
2004-12-22,11746.1022
2004-12-23,11759.9004
2004-12-24,11757.945
2004-12-27,11756.2842
2004-12-28,11822.3406
2004-12-29,11857.425
2004-12-30,11818.69
2004-12-31,11838.6978
2005-01-03,11760.3798
2005-01-04,11772.0915
2005-01-05,11780.808
2005-01-06,11798.046
2005-01-07,11855.2694
2005-01-10,11850.198
2005-01-11,11852.3041
2005-01-12,11797.4772
2005-01-13,11752.9375
2005-01-14,11784.588
2005-01-17,11782.6644
2005-01-18,11802.875
2005-01-19,11875.206
2005-01-20,12006.8554
2005-01-21,12096.552
2005-01-24,12133.0176
2005-01-25,12139.1442
2005-01-26,12181.3911
2005-01-27,12297.1374
2005-01-28,12388.684
2005-01-31,11598.8145
2005-02-01,11558.1516
2005-02-02,11726.443
2005-02-03,11804.9733
2005-02-04,11886.7098
2005-02-07,12000.009
2005-02-08,12079.76
2005-02-09,12091.4659
2005-02-10,12172.9095
2005-02-11,12292.3962
2005-02-14,12420.244
2005-02-15,12497.4157
2005-02-16,12643.8172
2005-02-17,12880.4994
2005-02-18,13148.03
2005-02-21,12160.069
2005-02-22,12387.9595
2005-02-23,12552.336
2005-02-24,12768.555
2005-02-25,12902.9965
2005-02-28,13135.5633
2005-03-01,13192.8248
2005-03-02,13333.2806
2005-03-03,13512.2194
2005-03-04,13487.3436
2005-03-07,13552.9149
2005-03-08,12665.7152
2005-03-09,12704.844
2005-03-10,12701.0431
2005-03-11,12689.6112
2005-03-14,12507.8338
2005-03-15,12581.5536
2005-03-16,12659.513
2005-03-17,11332.52
2005-03-18,11483.13
2005-03-21,11463.9753
2005-03-22,11525.661
2005-03-23,11549.34
2005-03-28,11552.6104
2005-03-29,11598.2118
2005-03-30,9792.9354
2005-03-31,10003.5326
2005-04-01,9967.702
2005-04-04,9967.3605
2005-04-05,9992.4466
2005-04-06,9993.2346
2005-04-07,10120.8575
2005-04-08,10293.2466
2005-04-11,10396.3638
2005-04-12,10365.3539
2005-04-13,10370.5154
2005-04-14,10531.6376
2005-04-15,10759.1484
2005-04-18,10780.8592
2005-04-19,10854.1335
2005-04-20,11035.305
2005-04-21,11104.8658
2005-04-22,11213.138
2005-04-25,11204.8206
2005-04-26,11235.3748
2005-04-27,11305.8782
2005-04-28,11431.8669
2005-04-29,11711.466
2005-05-02,11374.968
2005-05-03,11566.9224
2005-05-04,11790.8373
2005-05-05,12115.6088
2005-05-06,12361.499
2005-05-09,12488.967
2005-05-10,12544.1946
2005-05-11,12597.582
2005-05-12,12657.705
2005-05-13,12343.2648
2005-05-16,12310.3962
2005-05-17,12316.065
2005-05-18,12418.2773
2005-05-19,12454.4074
2005-05-20,12035.1
2005-05-23,12136.471
2005-05-24,10503.528
2005-05-26,10609.6712
2005-05-27,10570.64
2005-05-30,10580.0284
2005-05-31,10872.1905
2005-06-01,10968.892
2005-06-02,11093.787
2005-06-03,11248.4586
2005-06-06,11440.2496
2005-06-07,11608.148
2005-06-08,10850.5177
2005-06-09,10968.2881
2005-06-10,11068.618
2005-06-13,11118.5994
2005-06-14,11215.566
2005-06-15,11293.3964
2005-06-16,10490.875
2005-06-17,10527.7125
2005-06-21,10511.0386
2005-06-22,10566.12
2005-06-23,10618.9092
2005-06-24,10678.211
2005-06-27,10681.3035
2005-06-28,10771.468
2005-06-29,10851.5844
2005-06-30,10846.2816
2005-07-01,10854.3735
2005-07-04,10873.6785
2005-07-05,10835.921
2005-07-06,10835.188
2005-07-07,10818.0312
2005-07-08,10762.5081
2005-07-11,10806.0942
2005-07-12,10879.908
2005-07-13,10858.188
2005-07-14,10869.5043
2005-07-15,10852.704
2005-07-18,10873.3462
2005-07-19,10836.2892
2005-07-20,10846.051
2005-07-21,10850.0812
2005-07-22,10853.423
2005-07-25,10897.6992
2005-07-26,10869.6988
2005-07-27,10865.1155
2005-07-28,10864.8384
2005-07-29,10884.3656
2005-08-01,10501.8416
2005-08-02,10533.6612
2005-08-03,10710.7
2005-08-04,10973.0855
2005-08-05,11022.596
2005-08-08,11120.9406
2005-08-09,11236.303
2005-08-10,11262.4222
2005-08-11,11317.4756
2005-08-12,11306.086
2005-08-16,11303.534
2005-08-17,11365.8112
2005-08-18,11319.2913
2005-08-19,11320.6368
2005-08-22,11332.4435
2005-08-23,11350.918
2005-08-24,11412.2356
2005-08-25,11392.7604
2005-08-26,11400.536
2005-08-29,11410.336
2005-08-30,11280.9
2005-08-31,11472.098
2005-09-01,11409.3258
2005-09-02,11388.7865
2005-09-05,11423.5675
2005-09-06,11407.8528
2005-09-07,11424.426
2005-09-08,11422.6119
2005-09-09,11437.0084
2005-09-12,11468.7902
2005-09-13,11511.5885
2005-09-14,11499.1227
2005-09-15,11444.346
2005-09-16,11444.228
2005-09-19,11438.0307
2005-09-20,11454.934
2005-09-21,11466.59
2005-09-22,11425.5704
2005-09-23,11442.3548
2005-09-26,11415.1454
2005-09-27,11418.771
2005-09-28,11485.1704
2005-09-29,11481.3972
2005-09-30,11463.6
2005-10-03,11405.9604
2005-10-04,11432.2824
2005-10-05,11543.4585
2005-10-06,11572.315
2005-10-07,11590.3655
2005-10-11,11633.6325
2005-10-12,11540.7312
2005-10-13,11560.8559
2005-10-14,11579.2425
2005-10-17,11462.416
2005-10-18,11472.2289
2005-10-19,11536.146
2005-10-20,11523.8464
2005-10-21,11524.03
2005-10-24,11533.0194
2005-10-25,11519.793
2005-10-26,11582.4384
2005-10-27,11646.325
2005-10-28,11686.761
2005-10-31,11653.5584
2005-11-01,11576.448
2005-11-02,11590.7271
2005-11-03,11597.6419
2005-11-04,11563.775
2005-11-07,11580.7833
2005-11-08,11487.4496
2005-11-09,11538.0734
2005-11-10,11562.7748
2005-11-11,11568.3928
2005-11-14,11576.5312
2005-11-15,11575.7778
2005-11-16,11519.0081
2005-11-17,11522.5593
2005-11-18,11542.446
2005-11-21,11553.2245
2005-11-22,11570.8985
2005-11-23,11638.8558
2005-11-24,11658.6486
2005-11-25,11720.835
2005-11-28,11825.5696
2005-11-29,11815.5744
2005-11-30,11798.848
2005-12-01,11767.14
2005-12-02,11798.846
2005-12-05,11894.23
2005-12-06,11930.2357
2005-12-07,11867.5416
2005-12-09,11943.98
2005-12-12,11964.9768
2005-12-13,11984.6688
2005-12-14,11912.028
2005-12-15,12059.0715
2005-12-16,12236.6707
2005-12-19,12249.9102
2005-12-20,12175.588
2005-12-21,12201.9436
2005-12-22,12181.589
2005-12-23,12231
2005-12-26,12240.315
2005-12-27,12245.3907
2005-12-28,12352.542
2005-12-29,12344.268
2005-12-30,12353.3625
2006-01-02,12325.0435
2006-01-03,12380.0348
2006-01-04,12388.8441
2006-01-05,12406.3375
2006-01-06,12454.182
2006-01-09,12531.5512
2006-01-10,12511.5331
2006-01-11,12492.6546
2006-01-12,12455.2296
2006-01-13,12457.7479
2006-01-16,12494.3745
2006-01-17,12569.304
2006-01-18,12593.0964
2006-01-19,12636.882
2006-01-20,12630.883
2006-01-23,12607.2621
2006-01-24,12589.0479
2006-01-25,12631.3495
2006-01-26,12689.0992
2006-01-27,12702.56
2006-01-30,12737.6856
2006-01-31,12763.3742
2006-02-01,12770.625
2006-02-02,12768.1836
2006-02-03,12881.5263
2006-02-06,12906.8316
2006-02-07,13000.1795
2006-02-08,13102.482
2006-02-09,13143.3805
2006-02-10,13191.431
2006-02-13,13228.3536
2006-02-14,13303.1766
2006-02-15,13396.6072
2006-02-16,13454.055
2006-02-17,13614.7737
2006-02-20,13436.527
2006-02-21,13388.328
2006-02-22,13421.581
2006-02-23,13444.3848
2006-02-24,13438.624
2006-02-27,13434.254
2006-02-28,13431.2088
2006-03-01,13436.5146
2006-03-02,13403.245
2006-03-03,13388.752
2006-03-06,13432.0186
2006-03-07,13446.8664
2006-03-08,13540.5439
2006-03-09,13562.9988
2006-03-10,13592.4965
2006-03-13,13602.6238
2006-03-14,13595.5114
2006-03-15,13628.755
2006-03-16,13634.3885
2006-03-17,13622.609
2006-03-20,13681.8864
2006-03-21,13741.2812
2006-03-22,13789.1968
2006-03-23,13863.4524
2006-03-27,13950.135
2006-03-28,13985.123
2006-03-29,13993.9518
2006-03-30,13997.691
2006-03-31,14239.4576
2006-04-03,14157.7892
2006-04-04,14239.4532
2006-04-05,14235.9147
2006-04-06,14272.8532
2006-04-07,14329.666
2006-04-10,14399
2006-04-11,14411.8628
2006-04-12,14501.901
2006-04-17,14523.44
2006-04-18,14544.4995
2006-04-19,14533.3632
2006-04-20,14451.9375
2006-04-21,14451.8571
2006-04-24,14456.6892
2006-04-25,14433.341
2006-04-26,14406.8366
2006-04-27,14412.1782
2006-04-28,14540.2326
2006-05-02,14581.718
2006-05-03,14595.6668
2006-05-04,14732.7167
2006-05-05,14727.2132
2006-05-08,14795.4303
2006-05-09,14819.025
2006-05-10,14893.3486
2006-05-11,14873.6581
2006-05-12,14879.83
2006-05-15,14942.4912
2006-05-16,14966.9046
2006-05-17,14998.1025
2006-05-18,15047.9327
2006-05-19,15122.25
2006-05-22,15202.53
2006-05-23,15180.8589
2006-05-24,15245.01
2006-05-26,15195.015
2006-05-29,15289.02
2006-05-30,15296.172
2006-05-31,15325.962
2006-06-01,15253.6456
2006-06-02,15284.644
2006-06-05,15340.752
2006-06-06,15349.854
2006-06-07,15368.6145
2006-06-08,15391.9211
2006-06-09,15344.874
2006-06-12,15420.8268
2006-06-13,15361.6848
2006-06-14,15411.162
2006-06-15,15576.7458
2006-06-16,15577.21
2006-06-20,15623.3181
2006-06-21,15626.5593
2006-06-22,15622.524
2006-06-23,15655.101
2006-06-26,15602.6026
2006-06-27,15677.226
2006-06-28,15677.6452
2006-06-29,15680.436
2006-06-30,15778.752
2006-07-03,15712.443
2006-07-04,15911.3984
2006-07-05,15712.8936
2006-07-06,15746.8374
2006-07-07,15974.13
2006-07-10,15809.053
2006-07-11,15808.0411
2006-07-12,15802.9521
2006-07-13,16074.3717
2006-07-14,16035.2757
2006-07-17,16072.7216
2006-07-18,16117.814
2006-07-19,16102.8189
2006-07-20,16122.2902
2006-07-21,16146.012
2006-07-24,16173.2864
2006-07-25,16233.9851
2006-07-26,16225.9
2006-07-27,16227.8304
2006-07-28,16199.514
2006-07-31,16188.822
2006-08-01,16127.8416
2006-08-02,16166.3571
2006-08-03,15481.461
2006-08-04,15785.8042
2006-08-07,15800.793
2006-08-08,16029.2325
2006-08-09,16079.6124
2006-08-10,15992.095
2006-08-11,15990.532
2006-08-14,16041.5225
2006-08-15,16044.416
2006-08-16,15940.9008
2006-08-17,15888.033
2006-08-18,15929.804
2006-08-22,15995.6706
2006-08-23,15978.2724
2006-08-24,16003.996
2006-08-25,16077.758
2006-08-28,16151.2754
2006-08-29,16198.041
2006-08-30,16243.0305
2006-08-31,16294.3692
2006-09-01,16303.8667
2006-09-04,16321.9752
2006-09-05,16315.3263
2006-09-06,16391.2861
2006-09-07,16373.9394
2006-09-08,16396.809
2006-09-11,16431.747
2006-09-12,16493.76
2006-09-13,16512.642
2006-09-14,16422.896
2006-09-15,16411.6951
2006-09-18,16387.362
2006-09-19,16443.0348
2006-09-20,16448.4304
2006-09-21,16523.4345
2006-09-22,16602.5288
2006-09-25,16603.2538
2006-09-26,16673.0016
2006-09-27,16692.1128
2006-09-28,16773.3365
2006-09-29,16750.8028
2006-10-02,16764.8292
2006-10-03,16813.6794
2006-10-04,16838.021
2006-10-05,16908.5774
2006-10-06,16839.6476
2006-10-09,16885.3032
2006-10-10,16930.806
2006-10-11,16921.8112
2006-10-12,16991.6544
2006-10-13,16994.0356
2006-10-17,16905.9
2006-10-18,16852.9908
2006-10-19,16812.69
2006-10-20,16858.314
2006-10-23,16866.4956
2006-10-24,16863.5826
2006-10-25,16941.068
2006-10-26,16788.6824
2006-10-27,17017.301
2006-10-30,17076.7701
2006-10-31,17136.882
2006-11-01,17034.1805
2006-11-02,17079.903
2006-11-03,17042.824
2006-11-07,17012.4969
2006-11-08,17026.1324
2006-11-09,17000.598
2006-11-10,17056.334
2006-11-13,17139.472
2006-11-14,17083.2915
2006-11-15,17024.8524
2006-11-16,17045.808
2006-11-17,17133.09
2006-11-20,17142.5826
2006-11-21,17134.635
2006-11-22,17147.245
2006-11-23,17164.1022
2006-11-24,17156.277
2006-11-27,17040.426
2006-11-28,16974.527
2006-11-29,16882.7344
2006-11-30,16859.6649
2006-12-01,16838.472
2006-12-04,16840.374
2006-12-05,16769.9181
2006-12-06,16699.0768
2006-12-07,16789.4384
2006-12-11,16864.457
2006-12-12,16870.224
2006-12-13,16852.1855
2006-12-14,16863.767
2006-12-15,16891.5825
2006-12-18,16940.7856
2006-12-19,16949.3854
2006-12-20,16919.726
2006-12-21,16849.8792
2006-12-22,16900.3146
2006-12-26,16974.4832
2006-12-27,17018.7384
2006-12-28,16976.3568
2006-12-29,16949.779
2007-01-02,16902.9656
2007-01-03,16819.4265
2007-01-04,16998.59
2007-01-05,16983.0668
2007-01-08,17039.6664
2007-01-09,17031.5968
2007-01-10,17131.62
2007-01-11,17109.097
2007-01-12,17140.7156
2007-01-15,17195.098
2007-01-16,17186.1095
2007-01-17,17182.5124
2007-01-18,17216.3663
2007-01-19,17263.9465
2007-01-22,17282.1268
2007-01-23,17282.376
2007-01-24,17290.245
2007-01-25,17268.984
2007-01-26,17474.1192
2007-01-29,17497.4976
2007-01-30,17537.6052
2007-01-31,17665.5281
2007-02-01,17782.816
2007-02-02,17718.9384
2007-02-05,17847.8514
2007-02-06,17899.8344
2007-02-07,17848.2048
2007-02-08,17919.174
2007-02-09,17841.5615
2007-02-12,17560.1932
2007-02-13,17593.9392
2007-02-14,17605.16
2007-02-15,17510.1675
2007-02-16,17553.396
2007-02-19,17584.431
2007-02-20,17568.3655
2007-02-21,17607.8574
2007-02-22,17647.1148
2007-02-23,17607.8574
2007-02-26,17627.616
2007-02-27,17581.056
2007-02-28,17595.074
2007-03-01,17522.3304
2007-03-02,17531.2506
2007-03-05,17585.505
2007-03-06,17545.458
2007-03-07,17573.9879
2007-03-08,17570.6118
2007-03-09,17608.992
2007-03-12,17591.2302
2007-03-13,17555.9157
2007-03-14,17507.655
2007-03-15,17603.0925
2007-03-16,17541.408
2007-03-19,17629.956
2007-03-20,17657.6
2007-03-21,17662.0906
2007-03-22,17663.16
2007-03-23,17644.5672
2007-03-26,17684.502
2007-03-27,17715.4832
2007-03-28,17697.988
2007-03-29,17671.2074
2007-03-30,17708.0977
2007-04-03,17689.4935
2007-04-04,17677.6608
2007-04-09,17679.6312
2007-04-10,17638.65
2007-04-11,17657.2698
2007-04-12,17630.547
2007-04-13,17709.237
2007-04-16,17706.3705
2007-04-17,17680.789
2007-04-18,17693.0344
2007-04-19,17716.51
2007-04-20,17747.163
2007-04-23,17835.1498
2007-04-24,17831.6704
2007-04-25,17867.5372
2007-04-26,17844.7908
2007-04-27,17876.807
2007-04-30,18047.5218
2007-05-02,18258.9312
2007-05-03,18295.236
2007-05-04,18251.4825
2007-05-07,18261.204
2007-05-08,18325.8945
2007-05-09,18407.636
2007-05-10,18350.7405
2007-05-11,18360.972
2007-05-14,18452.195
2007-05-15,18660.9612
2007-05-16,18637.53
2007-05-17,18682.3699
2007-05-18,18588.042
2007-05-21,18289.7925
2007-05-22,18171.9478
2007-05-23,18273.06
2007-05-24,18271.2704
2007-05-28,18325.128
2007-05-29,18308.7492
2007-05-30,18282.5395
2007-05-31,18301.6825
2007-06-01,18218.19
2007-06-04,18193.4567
2007-06-05,18182.941
2007-06-06,18255.951
2007-06-07,18242.2344
2007-06-08,18215.604
2007-06-11,18153.0288
2007-06-12,18057.294
2007-06-13,17943.792
2007-06-14,18021.6894
2007-06-15,17947.7924
2007-06-19,18015.2532
2007-06-20,18019.9335
2007-06-21,17998.0336
2007-06-22,18094.275
2007-06-25,18098.384
2007-06-26,18112.293
2007-06-27,18178.7364
2007-06-28,18145.8081
2007-06-29,18112.088
2007-07-02,18198.3348
2007-07-03,18355.4229
2007-07-04,18378.9675
2007-07-05,18327.3435
2007-07-06,18405.2544
2007-07-10,18467.0868
2007-07-11,18532.5428
2007-07-12,18526.7952
2007-07-13,18552.303
2007-07-16,18530.4931
2007-07-17,18554.744
2007-07-18,18576.5724
2007-07-19,18611.794
2007-07-20,18646.0918
2007-07-23,18761.6631
2007-07-24,18882.5494
2007-07-25,19148.3094
2007-07-26,19072.3791
2007-07-27,19030.4185
2007-07-30,19085.04
2007-07-31,19041.428
2007-08-01,19093.9749
2007-08-02,19186.5625
2007-08-03,19482.4212
2007-08-06,19677.1032
2007-08-07,19785.167
2007-08-08,19689.056
2007-08-09,19749.3531
2007-08-10,20037.02
2007-08-13,20015.8563
2007-08-14,20061.955
2007-08-15,20196.628
2007-08-16,20283.2806
2007-08-17,20365.227
2007-08-21,20432.3365
2007-08-22,20540.7695
2007-08-23,20612.8
2007-08-24,20653.057
2007-08-27,20722.191
2007-08-28,20757.9381
2007-08-29,20757.4564
2007-08-30,20823.082
2007-08-31,20945.0446
2007-09-03,21060.878
2007-09-04,21049.6
2007-09-05,21086.5624
2007-09-06,21126.836
2007-09-07,21140.1552
2007-09-10,21207.342
2007-09-11,21164.337
2007-09-12,21148.127
2007-09-13,21067.4075
2007-09-14,21103.6525
2007-09-17,21225.304
2007-09-18,21221.064
2007-09-19,21227.3404
2007-09-20,21251.91
2007-09-21,21320.7552
2007-09-24,21407.9346
2007-09-25,21419.7522
2007-09-26,21425.622
2007-09-27,21484.7858
2007-09-28,21501.6365
2007-10-01,21562.8462
2007-10-02,21509.745
2007-10-03,21565.9959
2007-10-04,21554.6985
2007-10-05,21725.33
2007-10-08,21839.5496
2007-10-09,21842.51
2007-10-10,21901.4864
2007-10-11,21865.6875
2007-10-12,21871.696
2007-10-16,21900.3125
2007-10-17,21887.6304
2007-10-18,21886.576
2007-10-19,22065.736
2007-10-22,22107.6996
2007-10-23,22148.038
2007-10-24,22355.823
2007-10-25,22359.6504
2007-10-26,22410.558
2007-10-29,22356.7136
2007-10-30,22266.965
2007-10-31,22172.3988
2007-11-01,22171.149
2007-11-02,22211.314
2007-11-05,22231.1007
2007-11-07,22282.3308
2007-11-08,22241.1798
2007-11-09,22349.5155
2007-11-12,22353.4723
2007-11-13,22378.6233
2007-11-14,22342.816
2007-11-15,22309.718
2007-11-16,22314.6016
2007-11-19,22415.724
2007-11-20,22416.156
2007-11-21,22434.8323
2007-11-22,22487.412
2007-11-23,22629.0724
2007-11-26,22695.0922
2007-11-27,22794.219
2007-11-28,22783.5234
2007-11-29,22708.8812
2007-11-30,22657.1052
2007-12-03,22682.1354
2007-12-04,22449.8032
2007-12-05,22674.232
2007-12-06,22627.0035
2007-12-07,22657.8547
2007-12-10,22600.2804
2007-12-11,22543.3133
2007-12-12,22737.4672
2007-12-13,22729.9696
2007-12-14,22841.648
2007-12-17,22905.9948
2007-12-18,22936.158
2007-12-19,22931.5842
2007-12-20,22841.1015
2007-12-21,22952.4868
2007-12-26,22996.6788
2007-12-27,23096.355
2007-12-28,23140.944
2008-01-02,23170.4226
2008-01-03,23148.5874
2008-01-04,23137.1475
2008-01-07,23536.911
2008-01-08,23507.2908
2008-01-09,23565.3684
2008-01-10,23601.404
2008-01-11,23561.6024
2008-01-14,23659.3472
2008-01-15,23715.4257
2008-01-16,23716.815
2008-01-17,23701.292
2008-01-18,23823.4425
2008-01-21,23892.8025
2008-01-22,23855.9376
2008-01-23,23851.135
2008-01-24,23763.883
2008-01-25,23689.9985
2008-01-28,23693.264
2008-01-29,23636.223
2008-01-30,23615.97
2008-01-31,23626.7259
2008-02-01,23645.25
2008-02-04,23667.3189
2008-02-05,23861.5752
2008-02-06,23967.433
2008-02-07,23977.357
2008-02-08,23996.2845
2008-02-11,23938.3089
2008-02-12,23968.1912
2008-02-13,23952.5424
2008-02-14,23880.4482
2008-02-15,23898.7386
2008-02-18,23884.609
2008-02-19,23899.4964
2008-02-20,23894.4552
2008-02-21,23773.673
2008-02-22,23819.404
2008-02-25,23846.3316
2008-02-26,23857.3845
2008-02-27,23869.188
2008-02-28,23914.905
2008-02-29,23920.8351
2008-03-03,23971.5072
2008-03-04,23936.985
2008-03-05,23878.0368
2008-03-06,23867.5775
2008-03-07,23903.53
2008-03-10,23982.0912
2008-03-11,23924.964
2008-03-12,23957.3673
2008-03-13,23991.9232
2008-03-14,23994.824
2008-03-17,24036.789
2008-03-18,23904.612
2008-03-19,23899.9236
2008-03-25,23932.555
2008-03-26,23994.1536
2008-03-27,24935.3656
2008-03-28,24902.2698
2008-03-31,24945.7293
2008-04-01,24944.8836
2008-04-03,24901.525
2008-04-04,24926.825
2008-04-07,24982.96
2008-04-08,24946.62
2008-04-09,25005.8445
2008-04-10,24948.9846
2008-04-11,24875.584
2008-04-14,24833.8179
2008-04-15,24832.211
2008-04-16,24885.6811
2008-04-17,24963.7884
2008-04-18,25006.5522
2008-04-21,25058.7604
2008-04-22,25259.454
2008-04-23,25256.32
2008-04-24,25335.8847
2008-04-25,25385.1885
2008-04-28,25571.6955
2008-04-29,25582.7645
2008-04-30,25519.9545
2008-05-02,25723.4277
2008-05-05,25985.9475
2008-05-06,26041.56
2008-05-07,26162.793
2008-05-08,26133.558
2008-05-09,25985.8368
2008-05-12,25945.8318
2008-05-13,25725.27
2008-05-14,25560.7275
2008-05-15,25371.7416
2008-05-16,25201.6037
2008-05-19,25078.9368
2008-05-20,25030.9356
2008-05-21,24935.6952
2008-05-22,25045.9365
2008-05-23,25089.405
2008-05-26,25052.359
2008-05-27,25002.1965
2008-05-28,24827.77
2008-05-29,24862.2265
2008-05-30,24838.1604
2008-06-02,25048.7336
2008-06-03,24881.105
2008-06-04,24789.06
2008-06-05,24853.8828
2008-06-06,24846.2885
2008-06-09,24886.3968
2008-06-10,24854.1755
2008-06-11,24875.3112
2008-06-12,24772.6605
2008-06-13,24735.8392
2008-06-17,24553.5556
2008-06-18,24453.1045
2008-06-19,24462.8032
2008-06-20,24509.52
2008-06-23,24536.1048
2008-06-24,24409.7056
2008-06-25,24487.83
2008-06-26,24437.5092
2008-06-27,24551.4899
2008-06-30,24801.4642
2008-07-01,24846.8272
2008-07-02,24813.6966
2008-07-03,24840.1269
2008-07-04,24860.3904
2008-07-07,24720.6465
2008-07-08,24735.3458
2008-07-10,24738.6074
2008-07-11,24810.0944
2008-07-14,24881.712
2008-07-15,24807.2989
2008-07-16,25005.7575
2008-07-17,24988.918
2008-07-18,24907.0406
2008-07-21,24861.6836
2008-07-22,24900.4212
2008-07-23,24908.9724
2008-07-24,24846.072
2008-07-25,24765.9984
2008-07-28,24784.9035
2008-07-29,24917.2144
2008-07-30,24917.463
2008-07-31,24901.6185
2008-08-01,24861.12
2008-08-04,25344.3654
2008-08-05,25613.8665
2008-08-06,25690.6944
2008-08-07,25850.0532
2008-08-08,25916.2302
2008-08-11,26134.5345
2008-08-12,25914.7196
2008-08-13,25966.9915
2008-08-14,26163.2115
2008-08-15,25693.794
2008-08-19,25670.775
2008-08-20,25759.77
2008-08-21,25836.062
2008-08-22,25884.2364
2008-08-25,25871.6328
2008-08-26,25784.546
2008-08-27,25811.995
2008-08-28,25785.78
2008-08-29,25811.4336
2008-09-01,25698.64
2008-09-02,25863.4327
2008-09-03,26038.9176
2008-09-04,26000.356
2008-09-05,25948.3132
2008-09-08,26032.1985
2008-09-09,26185.7456
2008-09-10,26314.236
2008-09-11,26477.7126
2008-09-12,26455.8378
2008-09-15,26526.4307
2008-09-16,26609.6055
2008-09-17,26638.8218
2008-09-18,26796.704
2008-09-19,26775.1018
2008-09-22,26897.5265
2008-09-23,26757.6848
2008-09-24,26750.2706
2008-09-25,26912.7225
2008-09-26,26957.9016
2008-09-29,27004.9888
2008-09-30,27116.9226
2008-10-01,27136.56
2008-10-02,27228.8835
2008-10-03,27331.1675
2008-10-06,27662.31
2008-10-07,27830.859
2008-10-08,28210.361
2008-10-09,28308.7164
2008-10-10,28749.9264
2008-10-14,28326.777
2008-10-15,28315.4985
2008-10-16,28323.9117
2008-10-17,28407.606
2008-10-20,28622.331
2008-10-21,28631.127
2008-10-22,28583.2581
2008-10-23,28773.945
2008-10-24,29504.551
2008-10-27,29636.2292
2008-10-28,29934.7136
2008-10-29,30508.5519
2008-10-30,30254.2119
2008-10-31,30536.023
2008-11-03,30075.24
2008-11-04,29775.9393
2008-11-05,29205.8238
2008-11-07,29667.8745
2008-11-10,30591.8613
2008-11-11,30465.7362
2008-11-12,30457.648
2008-11-13,30462.8264
2008-11-14,30531.2754
2008-11-17,30549.3816
2008-11-18,30504.4125
2008-11-19,30513.4096
2008-11-20,30639.4092
2008-11-21,30635.0976
2008-11-24,30651.8448
2008-11-25,30662.037
2008-11-26,30731.763
2008-11-27,30844.3536
2008-11-28,31217.154
2008-12-01,31095.723
2008-12-02,31236.928
2008-12-03,31379.9156
2008-12-04,31617.1048
2008-12-05,31846.2192
2008-12-09,31873.5837
2008-12-10,31664.2116
2008-12-11,31633.5376
2008-12-12,31756.3675
2008-12-15,31943.2477
2008-12-16,31892.739
2008-12-17,31669.137
2008-12-18,31935.512
2008-12-19,31967.187
2008-12-22,32049.0432
2008-12-23,32231.0508
2008-12-24,32510.8343
2008-12-26,32681.79
2008-12-29,32769.963
2008-12-30,32890.3932
2008-12-31,32934.4832
2009-01-02,33064.5596
2009-01-05,33128.9122
2009-01-06,33101.2188
2009-01-07,33164.5392
2009-01-08,33216.9405
2009-01-09,33272.3565
2009-01-12,33295.95
2009-01-13,33390.4885
2009-01-14,33305.601
2009-01-15,33275.195
2009-01-16,33359.5488
2009-01-19,33341.2368
2009-01-20,33412.5685
2009-01-21,33436.6797
2009-01-22,33554.01
2009-01-23,33559.222
2009-01-26,33730.5402
2009-01-27,33764.3808
2009-01-28,33966.1975
2009-01-29,33933.375
2009-01-30,33978.7125
2009-02-02,34082.0872
2009-02-03,34257.304
2009-02-04,34334.7654
2009-02-05,34280.697
2009-02-06,34323.156
2009-02-09,34549.1562
2009-02-10,34569.568
2009-02-11,34606.49
2009-02-12,34535.291
2009-02-13,34538.784
2009-02-16,34555.8332
2009-02-17,34665.9808
2009-02-18,34768.3224
2009-02-19,34904.5598
2009-02-20,35176.3454
2009-02-23,35269.3293
2009-02-24,35329.7546
2009-02-25,35412.751
2009-02-26,35521.56
2009-02-27,35783.6535
2009-03-02,36522.566
2009-03-03,36925.8084
2009-03-04,37057.4179
2009-03-05,37187.37
2009-03-06,37520.2503
2009-03-09,37777.5145
2009-03-10,37999.9884
2009-03-11,38114.44
2009-03-12,38337.264
2009-03-13,38487.627
2009-03-16,38595.5775
2009-03-17,38614.9063
2009-03-18,38893.9496
2009-03-19,38953.008
2009-03-20,39046.8148
2009-03-23,39320.2353
2009-03-25,39519.1476
2009-03-26,39822.3679
2009-03-27,40201.1005
2009-03-30,40463.7129
2009-03-31,40569.9875
2009-04-01,40829.13
2009-04-03,40844.5578
2009-04-06,40842.3232
2009-04-07,40782.8538
2009-04-08,40575.696
2009-04-13,40660.6512
2009-04-14,40744.6495
2009-04-15,40677.1864
2009-04-16,40704.348
2009-04-17,40808.982
2009-04-20,40964.0348
2009-04-21,41215.685
2009-04-22,41506.5476
2009-04-23,41683.856
2009-04-24,41939.0615
2009-04-27,42219.5884
2009-04-28,42522.3808
2009-04-29,42595.7184
2009-04-30,43198.0374
2009-05-04,42902.9504
2009-05-05,42911.6175
2009-05-06,43063.9904
2009-05-07,43248.6432
2009-05-08,43354.269
2009-05-11,43326.5737
2009-05-12,43375.2
2009-05-13,43367.125
2009-05-14,43411.395
2009-05-15,43375.728
2009-05-18,42970.6912
2009-05-19,42970.004
2009-05-20,43021.82
2009-05-21,43043.57
2009-05-22,43257.5594
2009-05-26,43071.2766
2009-05-27,43038.192
2009-05-28,43043.3724
2009-05-29,43155.9335
2009-06-01,43253.0592
2009-06-02,43226.4736
2009-06-03,43187.0153
2009-06-04,43204.0144
2009-06-05,43461.1854
2009-06-08,43539.873
2009-06-09,43692.909
2009-06-10,43657.3005
2009-06-11,43689.8225
2009-06-12,43744.875
2009-06-16,43684.4512
2009-06-17,43656.053
2009-06-18,43834.5852
2009-06-19,43756.3632
2009-06-22,43865.1744
2009-06-23,43910.3343
2009-06-24,43925.5656
2009-06-25,44020.209
2009-06-26,44104.4832
2009-06-29,44036.314
2009-06-30,44324.1408
2009-07-01,44159.0358
2009-07-02,44271.4698
2009-07-03,44568.786
2009-07-06,44646.126
2009-07-07,44685.588
2009-07-08,44820.503
2009-07-13,44767.817
2009-07-14,44835.039
2009-07-15,44886.5166
2009-07-16,44953.7062
2009-07-17,44958.96
2009-07-20,45038.6584
2009-07-21,45052.189
2009-07-22,45023.4272
2009-07-23,45012.3984
2009-07-24,45010.953
2009-07-27,45064.4181
2009-07-28,45159.7276
2009-07-29,44534.0792
2009-07-30,44644.4775
2009-07-31,44744.0705
2009-08-03,45229.8496
2009-08-04,46016.6697
2009-08-05,46157.8905
2009-08-06,46221.4995
2009-08-07,46202.776
2009-08-10,46223.3052
2009-08-11,46277.6846
2009-08-12,46227.615
2009-08-13,46190.7036
2009-08-14,46211.993
2009-08-18,45891.7965
2009-08-19,46019.688
2009-08-20,45963.2972
2009-08-21,45995.6838
2009-08-24,46090.2252
2009-08-25,45956.3696
2009-08-26,46101.355
2009-08-27,46139.4144
2009-08-28,46666.1184
2009-08-31,47300.995
2009-09-01,47121.903
2009-09-02,46999.701
2009-09-03,47058.257
2009-09-04,47065.598
2009-09-07,47142.552
2009-09-08,47162.6747
2009-09-09,47152.8321
2009-09-10,47221.6584
2009-09-11,47163.662
2009-09-14,47202.2319
2009-09-15,46967.4432
2009-09-16,46944.2875
2009-09-17,46911.5292
2009-09-18,46956.476
2009-09-21,47005.3744
2009-09-22,46975.5514
2009-09-23,46977.2857
2009-09-24,46363.7328
2009-09-25,46353.726
2009-09-28,46327.187
2009-09-29,46325.9328
2009-09-30,46415.9733
2009-10-01,46442.3113
2009-10-02,45927.0688
2009-10-05,45974.6255
2009-10-06,45860.62
2009-10-07,45885.0681
2009-10-08,45769.602
2009-10-09,45708.663
2009-10-13,45631.792
2009-10-14,45002.5828
2009-10-15,44930.84
2009-10-16,44601.7854
2009-10-19,44623.9736
2009-10-20,44518.471
2009-10-21,44544.698
2009-10-22,44533.944
2009-10-23,44490.0492
2009-10-26,44359.3374
2009-10-27,44516.1408
2009-10-28,44356.005
2009-10-29,44317.4592
2009-10-30,44395.875
2009-11-02,44310.3584
2009-11-03,44291.2624
2009-11-04,44302.4232
2009-11-05,44489.145
2009-11-09,44454.592
2009-11-10,44523.0695
2009-11-11,44423.4615
2009-11-12,44298.926
2009-11-13,44259.9768
2009-11-16,44213.8695
2009-11-17,44404.789
2009-11-18,44290.1396
2009-11-19,44205.0084
2009-11-20,43992.4449
2009-11-23,43990.104
2009-11-24,43914.621
2009-11-25,43969.9513
2009-11-26,43896.7872
2009-11-27,43912.3542
2009-11-30,43893.504
2009-12-01,43885.1728
2009-12-02,43917.696
2009-12-03,43872.5891
2009-12-04,45488.4256
2009-12-07,45285.9305
2009-12-09,45206.7152
2009-12-10,45142.8125
2009-12-11,44994.368
2009-12-14,44067.5168
2009-12-15,45615.7268
2009-12-16,45535.2492
2009-12-17,45039.156
2009-12-18,44550.8505
2009-12-21,45748.5873
2009-12-22,45447.222
2009-12-23,44550.1309
2009-12-24,44428.0207
2009-12-28,45030
2009-12-29,45193.1508
2009-12-30,45024.2144
2009-12-31,44755.4996
2010-01-04,44704.17
2010-01-05,44643.139
2010-01-06,44918.174
2010-01-07,44829.764
2010-01-08,44897.1543
2010-01-11,44813.6304
2010-01-12,44718.4412
2010-01-13,44607.156
2010-01-14,44612.6715
2010-01-15,44442.1612
2010-01-18,44385.18
2010-01-19,44370.5392
2010-01-20,44330.7606
2010-01-21,44437.385
2010-01-22,44409.583
2010-01-25,44322.3468
2010-01-26,44330.8328
2010-01-27,44819.214
2010-01-28,44715.8522
2010-01-29,44958.48
2010-02-01,43868.4754
2010-02-02,43765.344
2010-02-03,43767.4776
2010-02-04,43883.425
2010-02-05,44413.9744
2010-02-08,44106.5988
2010-02-09,44114.196
2010-02-10,44153.6298
2010-02-11,44250.3486
2010-02-12,44298.2815
2010-02-15,44390.5539
2010-02-16,44241.6296
2010-02-17,44174.7549
2010-02-18,44126.2334
2010-02-19,44085.6475
2010-02-22,44055.5888
2010-02-23,43886.7919
2010-02-24,43670.2425
2010-02-25,43471.1569
2010-02-26,43565.5626
2010-03-01,43471.8011
2010-03-02,43465.8326
2010-03-03,43472.6497
2010-03-04,43957.9637
2010-03-05,43996.3638
2010-03-08,44241.4485
2010-03-09,44260.0898
2010-03-10,44310.7125
2010-03-11,44194.8364
2010-03-12,44591.1141
2010-03-15,44626.9608
2010-03-16,44765.9892
2010-03-17,44837.4156
2010-03-18,44990.7678
2010-03-19,45051.8364
2010-03-22,45078.9546
2010-03-23,44607.971
2010-03-25,45222.1284
2010-03-26,45284.912
2010-03-29,45383.2499
2010-03-30,62376.5304
2010-03-31,58346.0676
2010-04-05,58427.2528
2010-04-06,58612.5468
2010-04-07,58666.4558
2010-04-08,58617.5992
2010-04-09,58268.6055
2010-04-12,58333.11
2010-04-13,58440.9672
2010-04-14,58549.626
2010-04-15,58652.8476
2010-04-16,58683.3569
2010-04-19,59171.8554
2010-04-20,59357.838
2010-04-21,59635.7951
2010-04-22,61553.67
2010-04-23,61870.0116
2010-04-26,62369.5254
2010-04-27,62698.511
2010-04-28,61630.8049
2010-04-29,61736.1472
2010-04-30,62664.975
2010-05-03,62642.32
2010-05-04,62450.739
2010-05-05,63012.853
2010-05-06,62847.1875
2010-05-07,62720.5104
2010-05-10,62751.4064
2010-05-11,62823.6708
2010-05-12,62846.1015
2010-05-13,62928.8574
2010-05-14,62901.5868
2010-05-17,63180.6598
2010-05-18,63303.8772
2010-05-19,63428.6854
2010-05-20,63387.83
2010-05-21,63436.688
2010-05-26,63525.8176
2010-05-27,63569.698
2010-05-28,63579.309
2010-05-31,63889.036
2010-06-01,61890.446
2010-06-02,61737.1632
2010-06-03,61610.715
2010-06-04,61614.638
2010-06-07,61715.9196
2010-06-08,61787.154
2010-06-09,61665.252
2010-06-10,61720.2125
2010-06-11,61758.9612
2010-06-14,61709.662
2010-06-15,61578.5302
2010-06-16,61576.173
2010-06-17,61712.0116
2010-06-18,61677.462
2010-06-22,61800.024
2010-06-23,61335.5655
2010-06-24,61324.6913
2010-06-25,61442.1875
2010-06-28,61298.922
2010-06-29,61276.8807
2010-06-30,61528.7382
2010-07-01,61311.6075
2010-07-02,61365.6516
2010-07-05,61492.1875
2010-07-06,61083.1125
2010-07-07,61252.8554
2010-07-08,61298.3557
2010-07-12,61338.375
2010-07-13,61331.5714
2010-07-14,61404.9282
2010-07-15,61441.902
2010-07-16,61400.8557
2010-07-19,61622.139
2010-07-20,61599.2509
2010-07-21,61481.25
2010-07-22,61500.2725
2010-07-23,61811.8278
2010-07-26,61853.506
2010-07-27,61799.2485
2010-07-28,61831.4684
2010-07-29,53728.0816
2010-07-30,54278.431
2010-08-02,54103.3568
2010-08-03,55328.912
2010-08-04,55664.5375
2010-08-05,56305.557
2010-08-06,56199.3575
2010-08-09,56292.9868
2010-08-10,56640.1856
2010-08-11,56637.1275
2010-08-12,56957.4902
2010-08-13,56994.1376
2010-08-17,57017.1168
2010-08-18,57114.8422
2010-08-19,57063.916
2010-08-20,57249.6134
2010-08-23,57201.54
2010-08-24,57246.346
2010-08-25,57332.0605
2010-08-26,57302.1648
2010-08-27,57331.0206
2010-08-30,57289.918
2010-08-31,57385.1913
2010-09-01,57289.1904
2010-09-02,56305.9392
2010-09-03,56291.6224
2010-09-06,56385.1405
2010-09-07,56746.356
2010-09-08,56707.6224
2010-09-09,56850.332
2010-09-10,56889.482
2010-09-13,57070.728
2010-09-14,56923.7688
2010-09-15,57358.356
2010-09-16,57326.9925
2010-09-17,57615.306
2010-09-20,57940.3968
2010-09-21,58205.1272
2010-09-22,59082.9327
2010-09-23,59330.4264
2010-09-24,59248.896
2010-09-27,59885.784
2010-09-28,59516.899
2010-09-29,59499.3624
2010-09-30,59980.8408
2010-10-01,60095.3652
2010-10-04,59746.7796
2010-10-05,60002.604
2010-10-06,60500.8121
2010-10-07,60659.54
2010-10-08,60661.4517
2010-10-12,60895.5852
2010-10-13,61013.6888
2010-10-14,61083.1467
2010-10-15,61217.7991
2010-10-18,60752.755
2010-10-19,61056.2295
2010-10-20,61380.501
2010-10-21,61394.9806
2010-10-22,61328.5192
2010-10-25,61444.445
2010-10-26,61382.1486
2010-10-28,61689.9804
2010-10-29,62010.147
2010-11-01,62203.928
2010-11-02,62286.9975
2010-11-03,62377.3755
2010-11-04,62464.402
2010-11-05,62707.3832
2010-11-08,62892.698
2010-11-09,62991.0024
2010-11-10,62746.9828
2010-11-11,63048.1764
2010-11-12,62991.1008
2010-11-15,63241.059
2010-11-16,63345.281
2010-11-17,63492.744
2010-11-18,63476.5775
2010-11-19,63512.424
2010-11-23,63245.4188
2010-11-24,62776.56
2010-11-25,62793.2205
2010-11-26,62829.4632
2010-11-29,62581.005
2010-11-30,62895.408
2010-12-01,62899.161
2010-12-02,62855.3184
2010-12-03,62840.2845
2010-12-06,62895.4408
2010-12-07,62855.56
2010-12-09,63091.105
2010-12-10,63428.3424
2010-12-13,63182.626
2010-12-14,63360.6204
2010-12-15,63131.7606
2010-12-16,63210.45
2010-12-17,63202.499
2010-12-20,63493.4552
2010-12-21,63544.306
2010-12-22,63600.669
2010-12-23,63712.1331
2010-12-27,63755.9845
2010-12-28,63639.6719
2010-12-29,63931.7808
2010-12-30,64034.2348
2011-01-03,63926.5206
2011-01-04,63941.462
2011-01-05,63925.47
2011-01-06,63897.4635
2011-01-07,64025.8656
2011-01-10,64448.6024
2011-01-11,64335.929
2011-01-12,64280.1225
2011-01-13,64208.175
2011-01-14,64156.3233
2011-01-17,64140.6227
2011-01-18,64062.9285
2011-01-19,64015.5444
2011-01-20,64035.384
2011-01-21,64017.9904
2011-01-24,63983.101
2011-01-25,63874.944
2011-01-26,63764.9568
2011-01-27,63429.7396
2011-01-28,63208.38
2011-01-31,62768.5512
2011-02-01,62793.8432
2011-02-02,62739.3801
2011-02-03,62743.509
2011-02-04,62869.18
2011-02-07,63061.4404
2011-02-08,63109.4784
2011-02-09,63122.4405
2011-02-10,63107.4015
2011-02-11,63253.994
2011-02-14,63064.339
2011-02-15,62682.2352
2011-02-16,62480.3625
2011-02-17,62259.328
2011-02-18,62291.8296
2011-02-21,62539.9417
2011-02-22,62477.382
2011-02-23,62506.832
2011-02-24,62429.0436
2011-02-25,62094.3531
2011-02-28,62247.042
2011-03-01,62183.1516
2011-03-02,62040.7535
2011-03-03,62079.069
2011-03-04,62203.9928
2011-03-09,62217.4425
2011-03-10,62266.176
2011-03-11,62266.2536
2011-03-14,62313.4496
2011-03-15,62423.1
2011-03-16,62347.779
2011-03-17,61974.5718
2011-03-18,61712.4254
2011-03-21,61545.4248
2011-03-22,61505.0168
2011-03-23,61451.0075
2011-03-28,62027.8482
2011-03-29,61549.2395
2011-03-30,61406.118
2011-03-31,61906.456
2011-04-01,61863.0378
2011-04-04,61990.5556
2011-04-05,62201.8225
2011-04-06,62184.7435
2011-04-07,62440.114
2011-04-08,62526.9876
2011-04-11,62508.082
2011-04-12,62634.2068
2011-04-13,62670.6062
2011-04-14,62782.9488
2011-04-15,63339.0096
2011-04-18,63490.5271
2011-04-19,63829.8576
2011-04-20,63889.0812
2011-04-25,63418.1324
2011-04-26,64086.4578
2011-04-27,64233.455
2011-04-28,64101.8389
2011-04-29,64284.197
2011-05-02,64333.163
2011-05-03,64677.5316
2011-05-04,64949.7195
2011-05-05,65001.2724
2011-05-06,65055.4115
2011-05-09,65053.9392
2011-05-10,65023.074
2011-05-11,64886.569
2011-05-12,64891.8036
2011-05-13,64863.4436
2011-05-16,65172.282
2011-05-17,65187.5364
2011-05-18,65233.8828
2011-05-19,65077.9295
2011-05-20,65081.599
2011-05-23,64946.0628
2011-05-24,64276.5585
2011-05-26,64031.3685
2011-05-27,64133.2329
2011-05-30,64193.2408
2011-05-31,64311.1623
2011-06-01,64385.394
2011-06-02,64308.0152
2011-06-03,63881.3385
2011-06-06,63832.8432
2011-06-07,63998.515
2011-06-08,64051.7175
2011-06-09,64068.0875
2011-06-10,64117.8048
2011-06-13,64370.2875
2011-06-14,64330.0075
2011-06-15,64402.4088
2011-06-16,64279.5555
2011-06-17,64267.272
2011-06-21,64195.893
2011-06-22,64149.1246
2011-06-23,64000.8096
2011-06-24,63985.5786
2011-06-27,63982.996
2011-06-28,63735.0056
2011-06-29,63921.348
2011-06-30,64974.355
2011-07-01,64892.4635
2011-07-04,65083.48
2011-07-05,64904.2416
2011-07-06,64990.62
2011-07-07,65216.434
2011-07-08,64982.603
2011-07-11,64994.3655
2011-07-12,64954.11
2011-07-13,64967.8116
2011-07-14,65024.1925
2011-07-15,64904.266
2011-07-18,64688.0051
2011-07-19,64700.0099
2011-07-20,64542.8252
2011-07-21,64603.4714
2011-07-22,64741.78
2011-07-25,64742.238
2011-07-26,64656.1616
2011-07-27,64726.596
2011-07-28,64771.3108
2011-07-29,64987.098
2011-08-01,64868.316
2011-08-02,64879.8876
2011-08-03,65415.4524
2011-08-04,66435.541
2011-08-05,66210.2665
2011-08-08,66255.2352
2011-08-09,66391.1388
2011-08-10,66286.554
2011-08-11,66540.1585
2011-08-12,66547.2
2011-08-15,66685.104
2011-08-16,66625.9361
2011-08-17,66498.042
2011-08-18,66607.3184
2011-08-19,66688.998
2011-08-23,66715.66
2011-08-24,66583.1015
2011-08-25,66486.384
2011-08-26,66495.0385
2011-08-29,66443.0625
2011-08-30,65973.1663
2011-08-31,65839.761
2011-09-01,65458.4406
2011-09-02,66000.745
2011-09-05,66130.7412
2011-09-06,65976.736
2011-09-07,65945.3005
2011-09-08,65718.8656
2011-09-09,65838.844
2011-09-12,65888.2224
2011-09-13,65998.09
2011-09-14,65940.3045
2011-09-15,65713.209
2011-09-16,65564.973
2011-09-19,65404.1085
2011-09-20,65451.1368
2011-09-21,65413.128
2011-09-22,65808.9106
2011-09-23,66298.122
2011-09-26,66426.8955
2011-09-27,66372.237
2011-09-28,66220.875
2011-09-29,66313.374
2011-09-30,66321.783
2011-10-03,66456.327
2011-10-04,66418.4865
2011-10-05,66332.3004
2011-10-06,66443.798
2011-10-07,66606.9185
2011-10-11,66627.4884
2011-10-12,66677.478
2011-10-13,66608.0597
2011-10-14,66716.0692
2011-10-17,67079.136
2011-10-18,67313.183
2011-10-19,67433.733
2011-10-20,67392.0675
2011-10-21,67519.1025
2011-10-24,67615.522
2011-10-25,67577.4025
2011-10-26,67620.3112
2011-10-27,67675.8587
2011-10-28,67611.2865
2011-10-31,67357.1565
2011-11-01,66769.2012
2011-11-02,66346.3882
2011-11-03,65590.6296
2011-11-04,65036.049
2011-11-07,64347.855
2011-11-08,63704.04
2011-11-09,62910.543
2011-11-10,61835.7243
2011-11-11,60658.2504
2011-11-14,60040.204
2011-11-15,59343.5303
2011-11-16,58636.277
2011-11-17,58187.4096
2011-11-18,57788.9592
2011-11-21,57514.5675
2011-11-22,57402.5861
2011-11-23,57043.5904
2011-11-24,56925.4312
2011-11-25,56774.3661
2011-11-29,56622.109
2011-11-30,56757.8013
2011-12-01,56662.4528
2011-12-02,56457.1876
2011-12-05,56420.904
2011-12-06,56160.7816
2011-12-07,55896.348
2011-12-12,55864.956
2011-12-13,55796.121
2011-12-14,55758.1654
2011-12-15,56256.5751
2011-12-16,56303.45
2011-12-19,56342.3967
2011-12-20,56227.4575
2011-12-21,56493.248
2011-12-22,56601.2414
2011-12-23,56715.1524
2011-12-27,57005.5805
2011-12-28,57231.7672
2011-12-29,56788.986
2011-12-30,57331.5336
2012-01-03,57693.9852
2012-01-04,57619.748
2012-01-05,57589.1924
2012-01-06,57728.7456
2012-01-09,57751.6068
2012-01-10,57841.353
2012-01-11,57737.8338
2012-01-12,57694.56
2012-01-13,57640.1424
2012-01-16,57723.3944
2012-01-17,57662.169
2012-01-18,57781.2252
2012-01-19,57875.7765
2012-01-20,57900.1912
2012-01-23,57895.1688
2012-01-24,58098.7168
2012-01-25,58005.024
2012-01-26,57946.6731
2012-01-27,57821.2211
2012-01-30,57765.8815
2012-01-31,57784.2012
2012-02-01,57690.8242
2012-02-02,57655.8447
2012-02-03,57659.8785
2012-02-06,57614.5206
2012-02-07,57527.652
2012-02-08,57654.243
2012-02-09,57512.1176
2012-02-10,57644.9769
2012-02-13,58062.2217
2012-02-14,57949.509
2012-02-15,58196.6452
2012-02-16,57936.4864
2012-02-17,58108.765
2012-02-22,57806.5696
2012-02-23,57721.17
2012-02-24,57339.6516
2012-02-28,57487.8484
2012-02-29,57431.7395
2012-03-01,57487.7148
2012-03-02,57344.5899
2012-03-05,57367.1075
2012-03-06,57343.0131
2012-03-07,57268.1934
2012-03-08,57479.9472
2012-03-09,57505.227
2012-03-12,57434.0928
2012-03-13,57629.1753
2012-03-14,57612.456
2012-03-15,57717.3807
2012-03-16,57677.438
2012-03-19,57796.2718
2012-03-20,57534.976
2012-03-21,57523.8564
2012-03-22,57576.5795
2012-03-23,57679.7403
2012-03-26,57492.1429
2012-03-27,57489.63
2012-03-28,57450.296
2012-03-29,57163.2945
2012-03-30,57213.8595
2012-04-03,57322.8224
2012-04-04,57662.3136
2012-04-09,57769.7692
2012-04-10,57673.7095
2012-04-11,57689.06
2012-04-12,57671.8445
2012-04-13,57712.5136
2012-04-16,57701.4984
2012-04-17,57984.9912
2012-04-18,57999.0528
2012-04-19,57595.9923
2012-04-20,57589.1796
2012-04-23,57608.304
2012-04-24,57706.6428
2012-04-25,57774.996
2012-04-26,57710.7585
2012-04-27,57754.4136
2012-05-02,57930.6525
2012-05-03,58148.1582
2012-05-04,58150.785
2012-05-07,58148.3357
2012-05-08,57890.0616
2012-05-09,57961.8465
2012-05-10,57760.497
2012-05-11,57507.604
2012-05-14,57115.236
2012-05-15,56654.5856
2012-05-16,56306.1227
2012-05-17,55907.181
2012-05-18,55469.3979
2012-05-21,55059.0858
2012-05-22,54525.8375
2012-05-23,54104.1352
2012-05-24,53493.3696
2012-05-28,53074.835
2012-05-29,53292.8055
2012-05-30,52876.0029
2012-05-31,52309.7387
2012-06-01,51476.7912
2012-06-04,50852.4744
2012-06-05,50242.0566
2012-06-06,49968.0584
2012-06-07,49443.5123
2012-06-08,48921.1671
2012-06-11,48431.821
2012-06-12,47783.0448
2012-06-13,47100.8545
2012-06-14,46896.335
2012-06-15,46619.712
2012-06-18,46196.3665
2012-06-19,45834.0012
2012-06-21,45565.5928
2012-06-22,45314.9841
2012-06-25,45223.266
2012-06-26,45100.248
2012-06-27,44953.7935
2012-06-28,44778.9552
2012-06-29,44773.3182
2012-07-02,45254.7
2012-07-03,45031.71
2012-07-04,44933.6895
2012-07-05,44881.1075
2012-07-06,44796.2648
2012-07-10,44636.1475
2012-07-11,44494.94
2012-07-12,44362.395
2012-07-13,44213.7116
2012-07-16,43982.061
2012-07-17,44415.1608
2012-07-18,44239.8628
2012-07-19,43869.0792
2012-07-20,43694.836
2012-07-23,43604.6272
2012-07-24,43334.8067
2012-07-25,43211.5536
2012-07-26,43051.6989
2012-07-27,42843.7314
2012-07-30,42606.09
2012-07-31,42853.855
2012-08-01,42720.453
2012-08-02,42429.75
2012-08-03,43523.5099
2012-08-06,43446.3848
2012-08-07,43353.578
2012-08-08,43237.6065
2012-08-09,43126.6984
2012-08-10,43021.22
2012-08-13,43104.5967
2012-08-14,42786.9918
2012-08-15,42739.17
2012-08-16,42644.3184
2012-08-17,42603.8292
2012-08-21,42653.6945
2012-08-22,42589.9694
2012-08-23,42456.0735
2012-08-24,42344.133
2012-08-27,42357.2337
2012-08-28,42208.6064
2012-08-29,42065.1896
2012-08-30,42056.0174
2012-08-31,42036.729
2012-09-03,42040.6688
2012-09-04,42170.1392
2012-09-05,42026.5685
2012-09-06,41993.184
2012-09-07,41973.085
2012-09-10,41962.662
2012-09-11,41946.7131
2012-09-12,42048.3818
2012-09-13,41913.0103
2012-09-14,41881.1135
2012-09-17,41815.5939
2012-09-18,41981.5
2012-09-19,41962.6732
2012-09-20,41919.7366
2012-09-21,41904.8532
2012-09-25,41907.1592
2012-09-26,41881.7
2012-09-27,41960.776
2012-09-28,41966.148
2012-10-01,41930.9616
2012-10-02,41898.717
2012-10-03,41944.1064
2012-10-04,42000.2302
2012-10-05,41983.2686
2012-10-09,41981.6224
2012-10-10,41940.723
2012-10-11,41998.8305
2012-10-12,41947.0214
2012-10-15,41971.891
2012-10-16,41981.9961
2012-10-17,42341.6775
2012-10-18,42276.9424
2012-10-19,42252.256
2012-10-22,42252.4256
2012-10-23,42169.416
2012-10-24,42055.762
2012-10-25,45393.894
2012-10-26,45226.698
2012-10-29,45246.6812
2012-10-30,45262.84
2012-10-31,45057.8025
2012-11-01,44947.71
2012-11-02,44960.0192
2012-11-05,45006.6182
2012-11-07,44909.358
2012-11-08,44918.77
2012-11-09,44956.347
2012-11-12,44943.1156
2012-11-13,44718.1368
2012-11-14,44691.7845
2012-11-15,44482.578
2012-11-16,44496.652
2012-11-19,44373.0692
2012-11-20,44540.1544
2012-11-21,44406.306
2012-11-22,44525.7285
2012-11-23,44333.916
2012-11-27,44315.7903
2012-11-28,44363.8082
2012-11-29,45089.917
2012-11-30,45210.5314
2012-12-03,45029.4992
2012-12-04,44918.204
2012-12-05,44925.331
2012-12-06,44881.9332
2012-12-07,45116.576
2012-12-10,45091.5904
2012-12-11,44996.144
2012-12-12,45054.4064
2012-12-13,44943.417
2012-12-14,45165.897
2012-12-17,45345.3952
2012-12-18,45517.976
2012-12-19,45712.5372
2012-12-20,45930.2112
2012-12-21,46075.3704
2012-12-26,46497.7
2012-12-27,47995.125
2012-12-28,47975.445
2012-12-31,48912.3831
2013-01-02,48666.8008
2013-01-03,48351.6345
2013-01-04,48148.6788
2013-01-07,47996.6544
2013-01-08,48064.4064
2013-01-09,47961.2454
2013-01-10,47893.573
2013-01-11,47807.1808
2013-01-14,47832.316
2013-01-15,47714.8466
2013-01-16,47508.3307
2013-01-17,47495.402
2013-01-18,47247.75
2013-01-21,47228.5827
2013-01-22,46994.5476
2013-01-23,46953.972
2013-01-24,46930.3625
2013-01-25,46745.988
2013-01-28,46545.923
2013-01-29,46312.914
2013-01-30,46309.124
2013-02-01,46220.4528
2013-02-04,46098.09
2013-02-05,45975.9258
2013-02-06,45746.948
2013-02-07,45575.5603
2013-02-08,45366.404
2013-02-13,45323.122
2013-02-14,45087.3423
2013-02-15,44984.0328
2013-02-18,45012.7203
2013-02-19,44786.7585
2013-02-21,44739.7225
2013-02-22,44686.52
2013-02-25,44558.3124
2013-02-26,44476.1856
2013-02-27,44218.98
2013-02-28,43975.5216
2013-03-01,43923.345
2013-03-04,43763.0226
2013-03-05,43770.519
2013-03-06,43772.1984
2013-03-07,43762.8432
2013-03-08,43729.4832
2013-03-11,44000.656
2013-03-12,43977.7195
2013-03-13,43880.832
2013-03-14,43791.0759
2013-03-15,43999.6888
2013-03-18,43857.1035
2013-03-19,43357.6269
2013-03-20,43441.695
2013-03-21,43301.5527
2013-03-22,43272.4344
2013-03-25,43291.592
2013-03-26,43212.0113
2013-03-27,42965.8524
2013-04-03,43089.3897
2013-04-04,43084.7232
2013-04-05,43048.06
2013-04-08,43021.9755
2013-04-09,43060.8486
2013-04-10,43129.74
2013-04-11,43084.5864
2013-04-12,43011.8076
2013-04-15,43026.0222
2013-04-16,42963.4368
2013-04-17,43324.1874
2013-04-18,43399.412
2013-04-19,43401.3717
2013-04-22,43539.7809
2013-04-23,43489.3209
2013-04-24,43472.6547
2013-04-25,43410.4164
2013-04-26,43326.7744
2013-04-29,43236.453
2013-04-30,43825.536
2013-05-02,43807.1018
2013-05-03,43824.6144
2013-05-06,43791.8715
2013-05-07,43681.6575
2013-05-08,43684.94
2013-05-09,43662.7905
2013-05-10,43649.0068
2013-05-13,43566.2664
2013-05-14,43505.924
2013-05-15,43438.9435
2013-05-16,43180.5
2013-05-17,43188.2093
2013-05-20,43217.5212
2013-05-21,43147.7256
2013-05-22,43138.608
2013-05-23,43191.5022
2013-05-24,43188.1062
2013-05-27,43259.6535
2013-05-28,43231.4506
2013-05-29,43243.9857
2013-05-30,44133.8482
2013-05-31,44076.6254
2013-06-03,44029.0125
2013-06-04,44019.219
2013-06-05,44185.695
2013-06-06,44169.7655
2013-06-07,44250.825
2013-06-10,44261.2836
2013-06-11,44210.5411
2013-06-12,44266.8442
2013-06-13,44256.075
2013-06-14,44341.9338
2013-06-17,44386.1656
2013-06-18,44264.455
2013-06-19,44292.0628
2013-06-24,44325.9432
2013-06-25,44227.421
2013-06-26,44222.8056
2013-06-27,44194.4518
2013-06-28,44255.5736
2013-07-01,44925.65
2013-07-02,44903.7832
2013-07-03,45049.256
2013-07-04,45045.27
2013-07-05,45043.6032
2013-07-08,44961.6995
2013-07-10,45145.6625
2013-07-11,45123.6024
2013-07-12,45042.5568
2013-07-15,45017.187
2013-07-16,45030.267
2013-07-17,44996.4942
2013-07-18,45124.2525
2013-07-19,45203.004
2013-07-22,45429.9491
2013-07-23,45353.9568
2013-07-24,45327.6848
2013-07-25,45392.887
2013-07-26,45456.9258
2013-07-29,45535.2044
2013-07-30,45308.7327
2013-07-31,45208.365
2013-08-01,44853.2726
2013-08-02,44938.4085
2013-08-05,44890.2664
2013-08-06,44883.3
2013-08-07,44758.736
2013-08-08,44761.2291
2013-08-09,44503.1412
2013-08-12,44499.8367
2013-08-13,44821.5783
2013-08-14,44617.9866
2013-08-15,44570.526
2013-08-16,44652.1188
2013-08-20,44657.676
2013-08-21,44638.376
2013-08-22,44656.317
2013-08-23,45012.9519
2013-08-26,44996.5584
2013-08-27,45204.4708
2013-08-28,45171.0032
2013-08-29,45180.441
2013-08-30,45325.0296
2013-09-02,45396.417
2013-09-03,45186.54
2013-09-04,45212.4
2013-09-05,45255.0822
2013-09-06,45165.384
2013-09-09,45322.3948
2013-09-10,45327.5676
2013-09-11,45325.1061
2013-09-12,47151.558
2013-09-13,47358.7212
2013-09-16,48246.0834
2013-09-17,48194.016
2013-09-18,48269.571
2013-09-19,47870.3492
2013-09-20,47488.7265
2013-09-23,47570.3532
2013-09-24,47642.0815
2013-09-25,47345.284
2013-09-26,47416.6588
2013-09-27,47731.0915
2013-09-30,47293.389
2013-10-01,47341.3185
2013-10-02,47321.834
2013-10-03,47523.0886
2013-10-04,47717.2752
2013-10-07,47964.3684
2013-10-08,47623.96
2013-10-09,47630.504
2013-10-10,47613.126
2013-10-11,47540.7075
2013-10-15,47539.5096
2013-10-16,47428.92
2013-10-17,47901.672
2013-10-18,47951.9904
2013-10-21,47931.258
2013-10-22,48142.1421
2013-10-23,48098.4112
2013-10-24,47996.0078
2013-10-25,47893.944
2013-10-28,47847.9228
2013-10-29,47807.4751
2013-10-30,47904.468
2013-10-31,48037.0716
2013-11-01,48052.9725
2013-11-04,48205.5345
2013-11-05,48272.877
2013-11-07,48151.8064
2013-11-08,48438.816
2013-11-11,48421.2717
2013-11-12,48420.891
2013-11-13,48409.65
2013-11-14,48478.9942
2013-11-15,48514.954
2013-11-18,48520.168
2013-11-19,48722.5576
2013-11-20,48825.0476
2013-11-21,49079.4854
2013-11-22,48885.4425
2013-11-26,49227.7707
2013-11-27,48815.361
2013-11-28,48804.5467
2013-11-29,50253.84
2013-12-02,50283.899
2013-12-03,50030.7291
2013-12-04,50229.1165
2013-12-05,50334.6676
2013-12-06,50368.6897
2013-12-09,50416.0976
2013-12-10,50793.5153
2013-12-11,50604.4708
2013-12-12,50773.9872
2013-12-13,51672.6312
2013-12-16,52186.485
2013-12-17,52384.8396
2013-12-18,52723.02
2013-12-19,53068.9215
2013-12-20,53450.6625
2013-12-23,53877.292
2013-12-26,54701.0536
2013-12-27,55210.1136
2013-12-30,55807.116
2014-01-02,56780.154
2014-01-03,56680.794
2014-01-06,56340.6635
2014-01-07,56439.5364
2014-01-08,56512.1394
2014-01-09,56592.4254
2014-01-10,56782.6422
2014-01-13,56996.3695
2014-01-14,56541.732
2014-01-15,56811.4624
2014-01-16,57044.7326
2014-01-17,60718.671
2014-01-20,60830.3565
2014-01-21,61419.1116
2014-01-22,62353.152
2014-01-23,67737.2728
2014-01-24,72549.5784
2014-01-27,72444.4842
2014-01-28,72019.4059
2014-01-29,71782.34
2014-01-30,71769.285
2014-01-31,71939.2904
2014-02-03,71863.5414
2014-02-04,71665.551
2014-02-05,71086.8641
2014-02-06,70378.215
2014-02-07,70264.1232
2014-02-10,69909.7977
2014-02-11,69620.8738
2014-02-12,69473.052
2014-02-13,69197.004
2014-02-14,68311.034
2014-02-17,68086.9005
2014-02-18,67946.152
2014-02-19,68283.4335
2014-02-20,69050.355
2014-02-21,68708.9304
2014-02-24,68768.028
2014-02-25,68959.416
2014-02-26,69038.337
2014-02-27,69108.5226
2014-02-28,68997.2756
2014-03-05,68598.7866
2014-03-06,68508.8272
2014-03-07,68250.6789
2014-03-10,68171.089
2014-03-11,68132.55
2014-03-12,64147.3062
2014-03-13,64397.8608
2014-03-14,64417.7527
2014-03-17,65217.614
2014-03-18,65303.404
2014-03-19,65696.2155
2014-03-20,65655.4408
2014-03-21,65662.6266
2014-03-25,66178.7535
2014-03-26,66339.9211
2014-03-27,66453.95
2014-03-28,66359.792
2014-03-31,66873.8202
2014-04-01,66393.9576
2014-04-03,66807.3744
2014-04-04,66774.6768
2014-04-07,66598.9814
2014-04-08,66794.8524
2014-04-09,66702.6696
2014-04-10,66770.014
2014-04-11,66218.7588
2014-04-14,66254.904
2014-04-15,65904.472
2014-04-16,65789.7561
2014-04-21,66584.642
2014-04-22,66604.486
2014-04-23,66566.656
2014-04-24,66534.6528
2014-04-25,66420.151
2014-04-28,66468.154
2014-04-29,66660.166
2014-04-30,63059.8215
2014-05-05,66994.0476
2014-05-06,67020.1885
2014-05-07,67052.1905
2014-05-08,66966.696
2014-05-09,66973.288
2014-05-12,67437.0649
2014-05-13,67437.6573
2014-05-14,67416.9939
2014-05-15,67536.651
2014-05-16,67563.111
2014-05-19,67617.9952
2014-05-20,67600.8974
2014-05-21,68246.9658
2014-05-22,68134.04
2014-05-23,67563.0181
2014-05-26,67619.896
2014-05-27,67583.1229
2014-05-28,67736.9805
2014-05-29,68918.8772
2014-05-30,68870.4702
2014-06-02,69113.4575
2014-06-03,69309.1224
2014-06-04,69484.94
2014-06-05,69513.09
2014-06-06,69501.4244
2014-06-09,69526.4708
2014-06-10,69554.7066
2014-06-11,69951.464
2014-06-12,69969.4488
2014-06-13,69963.8975
2014-06-16,70150.3164
2014-06-17,70498.371
2014-06-18,70443.8505
2014-06-19,70217.2295
2014-06-23,70002.8384
2014-06-24,69855.1392
2014-06-25,69816.6035
2014-06-26,69892.821
2014-06-27,71252.584
2014-06-30,71291.2482
2014-07-01,71201.2785
2014-07-02,71264.466
2014-07-03,71275.8501
2014-07-04,71281.8061
2014-07-07,71523.0775
2014-07-08,71452.4368
2014-07-10,71304.5639
2014-07-11,71526.1552
2014-07-14,71476.2108
2014-07-15,71379.515
2014-07-16,71212.0875
2014-07-17,71287.2255
2014-07-18,71257.5095
2014-07-21,67792.054
2014-07-22,67777.528
2014-07-23,67479.9785
2014-07-24,67468.115
2014-07-25,67483.1304
2014-07-28,67472.9575
2014-07-29,67373.3324
2014-07-30,67387.56
2014-07-31,68021.507
2014-08-01,68113.6526
2014-08-04,68179.638
2014-08-05,68643.3552
2014-08-06,68454.9285
2014-08-07,68481.4106
2014-08-08,68130.6981
2014-08-11,67795.5172
2014-08-12,67621.965
2014-08-13,67616.8636
2014-08-14,67451.03
2014-08-15,67443.0435
2014-08-19,67874.9085
2014-08-20,67954.2784
2014-08-21,68360.952
2014-08-22,68878.712
2014-08-25,68780.6
2014-08-26,68995.433
2014-08-27,68884.2861
2014-08-28,68872.2088
2014-08-29,68837.164
2014-09-01,68816.8008
2014-09-02,69174.7175
2014-09-03,69133.7295
2014-09-04,69054.3942
2014-09-05,69382.176
2014-09-08,69498.68
2014-09-09,69270.8706
2014-09-10,69059.7765
2014-09-11,68982.883
2014-09-12,68814.018
2014-09-15,69648.208
2014-09-16,69578.496
2014-09-17,69535.814
2014-09-18,69773.5071
2014-09-19,69687.6155
2014-09-22,69723.0336
2014-09-23,69597.728
2014-09-24,69111.4672
2014-09-25,69409.269
2014-09-26,69462.846
2014-09-29,69575.04
2014-09-30,69331.0813
2014-10-01,69218.815
2014-10-02,68934.048
2014-10-03,68678.621
2014-10-06,69180.3585
2014-10-07,68828.243
2014-10-08,69568.0817
2014-10-09,69630.858
2014-10-10,69521.24
2014-10-14,69649.1936
2014-10-15,69536.556
2014-10-16,69438.915
2014-10-17,69795.501
2014-10-20,69812.3673
2014-10-21,70961.2409
2014-10-22,70971.957
2014-10-23,70776.9615
2014-10-24,70727.3693
2014-10-27,71238.96
2014-10-28,70804.829
2014-10-29,71133.5882
2014-10-30,71031.5558
2014-10-31,71045.2188
2014-11-03,71288.66
2014-11-04,71241.9375
2014-11-05,71166.7668
2014-11-07,71305.42
2014-11-10,71549.2435
2014-11-11,71493.9678
2014-11-12,71751.945
2014-11-13,71766.5166
2014-11-14,71573.2035
2014-11-17,71768.968
2014-11-18,71747.564
2014-11-19,71693.8677
2014-11-20,71659.7152
2014-11-21,71558.2674
2014-11-25,71608.0785
2014-11-26,71842.0528
2014-11-27,71959.44
2014-11-28,72142.781
2014-12-01,73215.3381
2014-12-02,73300.3494
2014-12-03,73388.568
2014-12-04,73508.3335
2014-12-05,73369.3238
2014-12-09,73876.7425
2014-12-10,73947.601
2014-12-11,74021.989
2014-12-12,74776.2561
2014-12-15,74944.0146
2014-12-16,75768.062
2014-12-17,75768.062
2014-12-18,75717.6372
2014-12-19,76102.4682
2014-12-22,75807.5872
2014-12-23,75957.0876
2014-12-24,76489.868
2014-12-29,76934.676
2014-12-30,77438.36
2015-01-02,78745.3622
2015-01-05,78915.4206
2015-01-06,78883.0944
2015-01-07,78607.5444
2015-01-08,78658.63
2015-01-09,78193.57
2015-01-12,78293.5563
2015-01-13,79027.6652
2015-01-14,79207.5325
2015-01-15,79094.24
2015-01-16,78999.013
2015-01-19,78976.116
2015-01-20,79161.0072
2015-01-21,78885.92
2015-01-22,78877.575
2015-01-23,78548.356
2015-01-26,78624.7144
2015-01-27,78513.4512
2015-01-28,78415.3605
2015-01-29,78361.741
2015-01-30,78368.9045
2015-02-02,78539.7528
2015-02-03,78661.5049
2015-02-04,78515.0872
2015-02-05,78447.6
2015-02-06,78204.6835
2015-02-09,79022.064
2015-02-10,79921.9036
2015-02-11,80688.9653
2015-02-12,81554.6836
2015-02-13,82266.6875
2015-02-18,82335.855
2015-02-19,82299.4711
2015-02-20,82179.056
2015-02-23,82117.6032
2015-02-24,82167.8484
2015-02-25,82098.3034
2015-02-26,82164.016
2015-02-27,82427.1864
2015-03-02,84603.39
2015-03-03,84678.048
2015-03-04,85209.278
2015-03-05,85426.1318
2015-03-06,85420.6092
2015-03-09,85307.8044
2015-03-10,85218.1358
2015-03-11,85203.308
2015-03-12,85004.1521
2015-03-13,84993.091
2015-03-16,85602.0418
2015-03-17,85535.628
2015-03-18,85908.5836
2015-03-19,85875.367800000007
2015-03-20,85790.3139
2015-03-25,85663.9836
2015-03-26,85293.152
2015-03-27,85420.873
2015-03-30,85090.1016
2015-03-31,85154.2035
2015-04-01,85109.118
2015-04-06,84604.269
2015-04-07,84809.28
2015-04-08,84993.9008
2015-04-09,85127.531
2015-04-10,85376.2818
2015-04-13,84824.194
2015-04-14,84485.6964
2015-04-15,84108.5982
2015-04-16,83911.2599
2015-04-17,83915.3952
2015-04-20,83556.7332
2015-04-21,83155.8816
2015-04-22,82859.7848
2015-04-23,79745.2894
2015-04-24,79430.2686
2015-04-27,79312.233
2015-04-28,79072.0825
2015-04-29,87001.512
2015-04-30,86892.0626
2015-05-04,87267.4782
2015-05-05,87635.5002
2015-05-06,87762.96
2015-05-07,86430.1152
2015-05-08,86699.024
2015-05-11,86906.414
2015-05-12,86997.9752
2015-05-13,86697.4212
2015-05-14,86694.192
2015-05-15,84652.2975
2015-05-18,84703.313
2015-05-19,84776.112
2015-05-20,85063.9251
2015-05-21,84860.3505
2015-05-22,85033.704
2015-05-26,85410.3165
2015-05-27,85499.12
2015-05-28,85517.3264
2015-05-29,86863.6059
2015-06-01,86807.2285
2015-06-02,86911.7248
2015-06-03,86988.3
2015-06-04,87734.511
2015-06-05,87907.4536
2015-06-08,87808.266
2015-06-09,88021.5588
2015-06-10,87880.4988
2015-06-11,88012.68
2015-06-12,88110.036
2015-06-15,88775.746
2015-06-16,88740.495
2015-06-17,88839.3663
2015-06-18,88738.7166
2015-06-19,88663.135
2015-06-22,93114.7585
2015-06-23,93019.899
2015-06-24,92440.317
2015-06-25,92410.4478
2015-06-26,92482.4963
2015-06-29,92280.1698
2015-06-30,92954.895
2015-07-01,93438.484
2015-07-02,93556.6332
2015-07-03,94235.0766
2015-07-06,94341.4848
2015-07-07,94325.5577
2015-07-08,94278.897
2015-07-10,94987.386
2015-07-13,94860.0289
2015-07-14,94808.424
2015-07-15,95802.1932
2015-07-16,95656.656
2015-07-17,95861.3222
2015-07-20,95208.8715
2015-07-21,95182.4556
2015-07-22,95465.52
2015-07-23,95418.6916
2015-07-24,95423.6664
2015-07-27,95552.0159
2015-07-28,95439.9422
2015-07-29,95753.8635
2015-07-30,95663.6688
2015-07-31,95456.047
2015-08-03,96110.9398
2015-08-04,96411.5747
2015-08-05,96369.8485
2015-08-06,96499.0152
2015-08-07,96456.1315
2015-08-10,96441.8546
2015-08-11,96467.7294
2015-08-12,96742.976
2015-08-13,96647.5968
2015-08-14,95725.4472
2015-08-18,95959.0445
2015-08-19,96186.699
2015-08-20,95382.03
2015-08-21,95487.0576
2015-08-24,95154.6078
2015-08-25,95316.16
2015-08-26,95312.894
2015-08-27,95467.372
2015-08-28,95582.7522
2015-08-31,95669.286
2015-09-01,96266.398
2015-09-02,96420.5504
2015-09-03,95963.13
2015-09-04,96062.0811
2015-09-07,96296.8146
2015-09-08,96231.4223
2015-09-09,96139.47
2015-09-10,96285.351
2015-09-11,96348.3433
2015-09-14,96107.8012
2015-09-15,96943.4214
2015-09-16,93233.9043
2015-09-17,93309.375
2015-09-18,93409.0274
2015-09-21,93360.5526
2015-09-22,92066.8351
2015-09-23,91478.1852
2015-09-24,91399.7583
2015-09-25,91353.6789
2015-09-28,91300.3785
2015-09-29,91171.9548
2015-09-30,90961.2144
2015-10-01,90747.1898
2015-10-02,90977.091
2015-10-05,98004.9448
2015-10-06,100804.0656
2015-10-07,103300.5799
2015-10-08,99243.792
2015-10-09,99794.7665
2015-10-13,99703.3224
2015-10-14,99447.298
2015-10-15,99400.806
2015-10-16,99129.4936
2015-10-19,99795.5658
2015-10-20,99561.956
2015-10-21,99308.8628
2015-10-22,99003.8724
2015-10-23,97625.549
2015-10-26,97840.236
2015-10-27,98105.4024
2015-10-28,97926.646
2015-10-29,98368.478
2015-10-30,98218.794
2015-11-02,98912.562
2015-11-03,99425.676
2015-11-04,99151.6617
2015-11-05,99175.789
2015-11-09,99684.814
2015-11-10,99576.126
2015-11-11,99354.9981
2015-11-12,98877.933
2015-11-13,98686.3088
2015-11-16,98589.8924
2015-11-17,98626.84
2015-11-18,99208.3274
2015-11-19,98964.344
2015-11-20,98343.9188
2015-11-23,97851.178
2015-11-24,97486.5096
2015-11-25,96847.746
2015-11-26,96779.2071
2015-11-30,97480.656
2015-12-01,97789.59
2015-12-02,97924.216
2015-12-03,98305.2648
2015-12-04,97817.7288
2015-12-09,99139.0794
2015-12-10,99467.0064
2015-12-11,99721.6512
2015-12-14,100165.275
2015-12-15,100589.948
2015-12-16,100999.8504
2015-12-17,142133.5991
2015-12-18,140887.5849
2015-12-21,136869.4938
2015-12-22,140941.125
2015-12-23,143786.2166
2015-12-24,144711.45
2015-12-28,147687.2096
2015-12-29,149534.5714
2015-12-30,152970.5273
2015-12-31,156333.105
2016-01-04,158098.1124
2016-01-05,162886.23
2016-01-06,167956.9
2016-01-07,169749.2688
2016-01-08,169568.95
2016-01-11,170617.8775
2016-01-12,168609.5029
2016-01-13,168550.8
2016-01-14,167792.36
2016-01-15,170081.7486
2016-01-18,172166.0814
2016-01-19,172467.9196
2016-01-20,172171.5468
2016-01-21,173821.0725
2016-01-22,176498.335
2016-01-25,177803.28
2016-01-26,178659.8358
2016-01-27,179265.936
2016-01-28,179004.0096
2016-01-29,178722.016
2016-02-01,181781.3349
2016-02-02,181882.7822
2016-02-03,182377.8535
2016-02-04,182377.7872
2016-02-05,184653.18
2016-02-10,186887.5338
2016-02-11,187566.1736
2016-02-12,189366.3088
2016-02-15,190649.4365
2016-02-16,191829.7164
2016-02-17,192587.0646
2016-02-18,195312.6336
2016-02-19,195172.5321
2016-02-22,196366.17
2016-02-23,200783.82
2016-02-24,199942.3041
2016-02-25,200343.0072
2016-02-26,201766.32
2016-02-29,203482.8994
2016-03-01,208493.7624
2016-03-02,206197.6392
2016-03-03,203302.535
2016-03-04,200953.875
2016-03-07,203372.0268
2016-03-08,204476.7648
2016-03-09,203794.1745
2016-03-10,203749.8646
2016-03-11,201118.7449
2016-03-14,197129.0406
2016-03-15,196642.3263
2016-03-16,206090.0972
2016-03-17,208117.2244
2016-03-18,212261.5657
2016-03-21,209132.4144
2016-03-22,204854.604
2016-03-23,207186.212
2016-03-28,209591.1794
2016-03-29,212111.884
2016-03-30,207849.474
2016-03-31,206418.5452
2016-04-01,208169.3214
2016-04-04,208859.6544
2016-04-05,207584.5563
2016-04-06,207191.4039
2016-04-07,204424.85
2016-04-08,203535.15
2016-04-11,204489.43
2016-04-12,204316.08
2016-04-13,202126.3146
2016-04-14,201716.5637
2016-04-15,199944.165
2016-04-18,198695.28
2016-04-19,199003.4096
2016-04-20,205960.7925
2016-04-21,201944.68
2016-04-22,203190.7248
2016-04-25,200917.816
2016-04-26,200313.5512
2016-04-27,200610.1496
2016-04-28,197801.8218
2016-04-29,199315.3778
2016-05-02,199364.3043
2016-05-03,198667.2138
2016-05-04,198773.0005
2016-05-05,199178.409
2016-05-06,199183.116
2016-05-09,199067.679
2016-05-10,199137.1816
2016-05-11,200231.538
2016-05-12,200088.0804
2016-05-13,199871.1286
2016-05-16,200545.1154
2016-05-17,200445.4512
2016-05-18,199865.3712
2016-05-19,200930.6616
2016-05-20,207050.8115
2016-05-23,201474.2343
2016-05-24,201528.8443
2016-05-26,201831.6125
2016-05-27,200023.7967
2016-05-30,201909.318
2016-05-31,202469.5023
2016-06-01,211035.7588
2016-06-02,210603.0102
2016-06-03,210159.0969
2016-06-06,204648.0142
2016-06-07,203888.034
2016-06-08,204287.61
2016-06-09,204492.297
2016-06-10,211068.2781
2016-06-13,211320.9645
2016-06-14,212068.955
2016-06-15,223960.704
2016-06-16,224806.463
2016-06-21,213517.6455
2016-06-22,213198.5853
2016-06-23,215061.574
2016-06-24,222829.3935
2016-06-27,225332.7584
2016-06-28,225106.7413
2016-06-29,224546.6772
2016-06-30,226142.44
2016-07-01,229445.944
2016-07-04,228875.325
2016-07-05,228419.4083
2016-07-06,224615.365
2016-07-07,224912.79
2016-07-11,225813.21
2016-07-12,223221.768
2016-07-13,221972.2294
2016-07-14,222944.9547
2016-07-15,226455.3503
2016-07-18,229840.3162
2016-07-19,232685.3895
2016-07-20,229494.5001
2016-07-21,237686.5425
2016-07-22,227116.323
2016-07-25,226333.5521
2016-07-26,236939.472
2016-07-27,237361.1201
2016-07-28,237930.4075
2016-07-29,237901.8411
2016-08-01,238274.22
2016-08-02,235424.2158
2016-08-03,235248.4525
2016-08-04,236298.5748
2016-08-05,236266.1496
2016-08-08,227393.7592
2016-08-09,227109.3825
2016-08-10,227077.3856
2016-08-11,226324.152
2016-08-12,226586.26
2016-08-16,226962.6642
2016-08-17,228046.41
2016-08-18,230540.505
2016-08-19,234731.7325
2016-08-22,235412.1
2016-08-23,234012.3525
2016-08-24,234856.6383
2016-08-25,234939.2045
2016-08-26,235519.904
2016-08-29,237614.2416
2016-08-30,238138.2736
2016-08-31,234240.576
2016-09-01,234442.6093
2016-09-02,235315.7
2016-09-05,235421.5
2016-09-06,235680.2235
2016-09-07,235847.425
2016-09-08,236167.3875
2016-09-09,236707.044
2016-09-12,235922.138
2016-09-13,234215.725
2016-09-14,235751.42
2016-09-15,235965.6978
2016-09-16,238318.8248
2016-09-19,241685.5616
2016-09-20,241541.0427
2016-09-21,241139.5815
2016-09-22,241417.0712
2016-09-23,241115.7728
2016-09-26,241223.8821
2016-09-27,241672.4233
2016-09-28,242369.98
2016-09-29,247407.1449
2016-09-30,246166.5024
2016-10-03,246142.575
2016-10-04,245657.94
2016-10-05,246988.91
2016-10-06,248366.508
2016-10-07,249506.926
2016-10-11,250541.9276
2016-10-12,251238.6282
2016-10-13,251940.1536
2016-10-14,254195.777
2016-10-17,257870.34
2016-10-18,260158.471
2016-10-19,263102.863
2016-10-20,279237.0081
2016-10-21,283674.2172
2016-10-24,409055.8431
2016-10-25,414124.1798
2016-10-26,418330.5676
2016-10-27,385974.2319
2016-10-28,387313.829
2016-10-31,390212.2675
2016-11-01,389897.4056
2016-11-02,391600.9162
2016-11-03,364285.625
2016-11-04,364637.0805
2016-11-07,374699.5273
2016-11-08,373410.7797
2016-11-09,372856.48
2016-11-10,373820.5053
2016-11-11,382156.0002
2016-11-14,391314.0368
2016-11-15,394852.4302
2016-11-16,400381.4
2016-11-17,404956.9685
2016-11-18,412076.4089
2016-11-21,424411.839
2016-11-22,415746.316
2016-11-23,418265.361
2016-11-24,417881.24
2016-11-25,386464.195
2016-11-29,389613.1146
2016-11-30,378597.159
2016-12-01,380436.284
2016-12-02,380825.722
2016-12-05,387653.504
2016-12-06,386250.2903
2016-12-07,389215.62
2016-12-12,390859.2648
2016-12-13,390061.6233
2016-12-14,387154.6757
2016-12-15,390236.4872
2016-12-16,390384.6856
2016-12-19,391454.3529
2016-12-20,388671.0061
2016-12-21,390956.2664
2016-12-22,389395.4571
2016-12-23,386488.2568
2016-12-26,386899.5425
2016-12-27,388512.6525
2016-12-28,385154.6425
2016-12-29,385418.6501
2016-12-30,390025.8714
2017-01-02,394907.5944
2017-01-03,395178.0255
2017-01-04,399422.1573
2017-01-05,398431.5162
2017-01-06,395370.4365
2017-01-09,394875.5257
2017-01-10,397295.4726
2017-01-11,396326.4975
2017-01-12,395203.584
2017-01-13,396122.529
2017-01-16,395150.55
2017-01-17,394828.0393
2017-01-18,396367.8416
2017-01-19,396980.8635
2017-01-20,394308.5589
2017-01-23,394940.249
2017-01-24,394906.05
2017-01-25,393755.5392
2017-01-26,396866.072
2017-01-27,395029.3972
2017-01-30,391682.3
2017-01-31,496842.8325
2017-02-01,492595.18
2017-02-02,489110.9145
2017-02-03,486845.62
2017-02-06,485969.7475
2017-02-07,488756.3868
2017-02-08,493544.21
2017-02-09,489625.5325
2017-02-10,485837.7301
2017-02-13,485333.4858
2017-02-14,482977.0395
2017-02-15,505298.5269
2017-02-16,479035.71
2017-02-17,486064.6
2017-02-20,498919.82
2017-02-21,505264.4352
2017-02-22,493929.6894
2017-02-23,494761.5346
2017-02-24,491360.815
2017-03-01,492524.571
2017-03-02,498401.125
2017-03-03,499946.55
2017-03-06,532007.125
2017-03-07,528220.7616
2017-03-08,530858.3052
2017-03-09,531078.125
2017-03-10,527182.8321
2017-03-13,537438.0831
2017-03-14,538377.6132
2017-03-15,535474.9881
2017-03-16,533925.0672
2017-03-17,534127.9328
2017-03-20,548858.8923
2017-03-21,548095.4415
2017-03-22,545009.707
2017-03-23,545175.514
2017-03-27,542641.56
2017-03-28,536414.8263
2017-03-29,533283.3406
2017-03-30,532956.2784
2017-03-31,532887.0792
2017-04-03,536945.2725
2017-04-04,535850.497
2017-04-05,534295.656
2017-04-06,535842.035
2017-04-07,529912.8915
2017-04-10,528600.2519
2017-04-11,525572.9784
2017-04-12,409475.787
2017-04-17,444688.9226
2017-04-18,441920.1375
2017-04-19,446621.799
2017-04-20,446475.3328
2017-04-21,447259.008
2017-04-24,447048.8656
2017-04-25,445809.4924
2017-04-26,446493.7984
2017-04-27,446458.4012
2017-04-28,442394.3436
2017-05-02,439283.4054
2017-05-03,436501.5956
2017-05-04,438937.7988
2017-05-05,436526.11
2017-05-08,444655.6028
2017-05-09,449097.5229
2017-05-10,447383.8253
2017-05-11,427693.5675
2017-05-12,414123.8363
2017-05-15,414574.5504
2017-05-16,416483.688
2017-05-17,415119.6864
2017-05-18,421715.754
2017-05-19,420735.413
2017-05-22,424665.82
2017-05-23,427914.6728
2017-05-24,427131.065
2017-05-26,429938.7081
2017-05-29,425943.5675
2017-05-30,426209.6082
2017-05-31,436802.52
2017-06-01,433156.4575
2017-06-02,428372.3673
2017-06-05,429534.614
2017-06-06,429097.045
2017-06-07,427074.7565
2017-06-08,423825.7244
2017-06-09,421461.3
2017-06-12,421743.9624
2017-06-13,418309.224
2017-06-14,424790.949
2017-06-15,421054.4163
2017-06-16,418973.849
2017-06-19,420115.0638
2017-06-21,424346.265
2017-06-22,417928.875
2017-06-23,425590.05
2017-06-26,430490.588
2017-06-27,431728.99
2017-06-28,430488.331
2017-06-29,431307.77
2017-06-30,432424.122
2017-07-03,440029.8826
2017-07-04,496311.2462
2017-07-05,500566.9956
2017-07-06,505720.5153
2017-07-07,501030.4131
2017-07-10,507270.43
2017-07-11,496195.6
2017-07-12,496591.942
2017-07-13,495989.7903
2017-07-14,489103.2121
2017-07-17,492756.4842
2017-07-18,496141.0113
2017-07-19,504203.2625
2017-07-20,499165.6926
2017-07-21,515328.9526
2017-07-24,518753.1227
2017-07-25,513902.1748
2017-07-26,510267.0343
2017-07-27,513223.1208
2017-07-28,516280.9446
2017-07-31,516299.73
2017-08-01,516445.4335
2017-08-02,515122.8896
2017-08-03,517298.8192
2017-08-04,518695.2045
2017-08-07,556559.1497
2017-08-08,557474.9544
2017-08-09,559889.4172
2017-08-10,567637.2768
2017-08-11,567545.616
2017-08-14,543468.0039
2017-08-15,542061.5991
2017-08-16,543108.2463
2017-08-17,549074.7
2017-08-18,540258.8542
2017-08-22,539068.7943
2017-08-23,537224.2872
2017-08-24,536239.3973
2017-08-25,538610.2102
2017-08-28,538604.133
2017-08-29,541913.48
2017-08-30,545410.5019
2017-08-31,541788
2017-09-01,538284.9043
2017-09-04,538552.245
2017-09-05,539960.4321
2017-09-06,539036.0998
2017-09-07,556540.579
2017-09-08,555862.5066
2017-09-11,556630.832
2017-09-12,552973.325
2017-09-13,551409.5475
2017-09-14,549361.1916
2017-09-15,543952.6
2017-09-18,546894.227
2017-09-19,552168.6198
2017-09-20,552175.26
2017-09-21,559864.404
2017-09-22,559084.1
2017-09-25,525081.2094
2017-09-26,527390.6276
2017-09-27,525920.846
2017-09-28,525737.9652
2017-09-29,523636.1188
2017-10-02,525230.2575
2017-10-03,508453.2242
2017-10-04,507586.8405
2017-10-05,507201.474
2017-10-06,512374.8303
2017-10-09,511521.6
2017-10-10,511605.9675
2017-10-11,501896.5416
2017-10-12,500710.224
2017-10-13,498607.92
2017-10-17,499776.5301
2017-10-18,501420.15
2017-10-19,504359.255
2017-10-20,506956.007
2017-10-23,502814.3076
2017-10-24,507879.85
2017-10-25,506050.3206
2017-10-26,494175.72120000003
2017-10-27,503879.46
2017-10-30,503423.878
2017-10-31,506335.7589
2017-11-01,506902.6732
2017-11-02,504177.977
2017-11-03,504777.5438
2017-11-07,506324.7762
2017-11-08,503039.9325
2017-11-09,502364.902
2017-11-10,519010.6698
2017-11-13,519840.3981
2017-11-14,517977.9168
2017-11-15,519067.195
2017-11-16,517303.494
2017-11-17,516766.9584
2017-11-21,519895.3482
2017-11-22,525762.72
2017-11-23,524351.204
2017-11-24,527485.5975
2017-11-27,526791.5158
2017-11-28,526506.666
2017-11-29,532755.586
2017-11-30,533391.229
2017-12-01,528915.44
2017-12-04,528836.3904
2017-12-05,530151.6202
2017-12-06,527885.9756
2017-12-07,529245.9756
2017-12-11,529350.8444
2017-12-12,527658.8775
2017-12-13,530427.71
2017-12-14,524727.7544
2017-12-15,533185.5426
2017-12-18,535093.353
2017-12-19,534421.8992
2017-12-20,543541.2752
2017-12-21,548233.73
2017-12-22,554552.532
2017-12-26,550550.916
2017-12-27,559465.38
2017-12-28,572959.24
2017-12-29,570510.3896
2018-01-02,567259
2018-01-03,561184.6734
2018-01-04,564736.17
2018-01-05,569558.4384
2018-01-08,573738.945
2018-01-09,572002.5114
2018-01-10,558487.0327
2018-01-11,557611.2232
2018-01-12,556546.67
2018-01-15,557112.2872
2018-01-16,622588.0318
2018-01-17,622594.8652
2018-01-18,705177.7625
2018-01-19,708439
2018-01-22,710567.27
2018-01-23,719044.8408
2018-01-24,695489.4702
2018-01-25,693318.2011
2018-01-26,683376.6302
2018-01-29,683776.4829
2018-01-30,683824.1635
2018-01-31,655450.18
2018-02-01,650940.51
2018-02-02,650968.5
2018-02-05,651481.292
2018-02-06,657114.37
2018-02-07,617220.3384
2018-02-08,621473.3784
2018-02-09,625449.4866
2018-02-14,625040.325
2018-02-15,615271.8858
2018-02-16,613994.374
2018-02-19,620417.8125
2018-02-20,623684.875
2018-02-21,624457.3176
2018-02-22,588789.0489
2018-02-23,589504.1526
2018-02-26,592546.6404
2018-02-27,596111.04
2018-02-28,594478.71
2018-03-01,597964.596
2018-03-02,600409.6824
2018-03-05,603610.3906
2018-03-06,601361.0086
2018-03-07,605816.0332
2018-03-08,606466.9625
2018-03-09,603654.2325
2018-03-12,603037.64
2018-03-13,602935.5255
2018-03-14,601338.606
2018-03-15,604448.3625
2018-03-16,603782.509
2018-03-19,603524.5
2018-03-20,602778.137
2018-03-21,603588.241
2018-03-22,602292.882
2018-03-23,600887.3092
2018-03-26,602486.1318
2018-03-27,602294.2
2018-03-28,601398.3648
2018-04-03,605266.6368
2018-04-04,606848.91
2018-04-05,606535.21
2018-04-06,608497.3125
2018-04-09,608335.2125
2018-04-10,607763.2708
2018-04-11,605862.4694
2018-04-12,613449.2595
2018-04-13,613404.7335
2018-04-16,613665.7865
2018-04-17,613098.78
2018-04-18,613475.685
2018-04-19,613075.9269
2018-04-20,612368.5632
2018-04-23,613924.542
2018-04-24,614363.6022
2018-04-25,613376.622
2018-04-26,621154.155
2018-04-27,629006.9883
2018-05-02,640651.9506
2018-05-03,663024.362
2018-05-04,658684.488
2018-05-07,663763.725
2018-05-08,690524.7055
2018-05-09,683322.9874
2018-05-10,684482.103
2018-05-11,699531.4297
2018-05-14,740027.2674
2018-05-15,737518.2783
2018-05-16,714202.4671
2018-05-17,717687.0708
2018-05-18,742921.2468
2018-05-21,731085.3808
2018-05-22,731971.6382
2018-05-23,725994.2272
2018-05-24,727811.4746
2018-05-28,722573.8
2018-05-29,746402.4
2018-05-30,736241.61
2018-05-31,740441.8
2018-06-01,739314.3625
2018-06-04,746055.4472
2018-06-05,746013.0946
2018-06-06,743672.6385
2018-06-07,737597.6917
2018-06-08,773242.0215
2018-06-11,772233.9456
2018-06-12,787126.7012
2018-06-13,757698.435
2018-06-14,797156.4969
2018-06-15,823644.9782
2018-06-18,825184.386
2018-06-19,818096.616
2018-06-21,836766.1677
2018-06-22,829238.4244
2018-06-25,825873.5023
2018-06-26,829544.3162
2018-06-27,832467.4599
2018-06-28,847728.4277
2018-06-29,891335.8811
2018-07-02,883565.6571
2018-07-03,861917.6199
2018-07-04,867384.8931
2018-07-05,871220.775
2018-07-06,870227.28
2018-07-10,854076.4138
2018-07-11,850795.8528
2018-07-12,839430.2574
2018-07-13,843830.299
2018-07-16,845569.2924
2018-07-17,851202.6978
2018-07-18,862697.457
2018-07-19,864028.455
2018-07-20,861988.75
2018-07-23,860814.9431
2018-07-24,855051.566
2018-07-25,848709.7432
2018-07-26,849405.2
2018-07-27,849598.5054
2018-07-30,853721.1984
2018-07-31,840754.5325
2018-08-01,846369.9388
2018-08-02,851263.8736
2018-08-03,846915.981
2018-08-06,844438.9317
2018-08-07,840377.4355
2018-08-08,847112.1274
2018-08-09,861392.09
2018-08-10,911010.8
2018-08-13,937519.3086
2018-08-14,934132.155
2018-08-15,955629.245
2018-08-16,952280.45
2018-08-17,956185.2606
2018-08-21,961032.069
2018-08-22,969199.11
2018-08-23,968055.0901
2018-08-24,987784.0462
2018-08-27,1001702.8358
2018-08-28,1013192.8889
2018-08-29,1033026.5197
2018-08-30,1272297.8126
2018-08-31,1181243.25
2018-09-03,1203183.4455
2018-09-04,1230331.35
2018-09-05,1210963.8517
2018-09-06,1171834.953
2018-09-07,1146054.195
2018-09-10,1154079.74
2018-09-11,1168678.7034
2018-09-12,1147258.0036
2018-09-13,1167738.4305
2018-09-14,1199667.1596
2018-09-17,1200753.7696
2018-09-18,1206413.3388
2018-09-19,1200846.72
2018-09-20,1165326.9789
2018-09-21,1142242.425
2018-09-24,1134554.1
2018-09-25,1166284.8
2018-09-26,1174976.61
2018-09-27,1196481.33
2018-09-28,1252093.3672
2018-10-01,1233407.1358
2018-10-02,1168789.2258
2018-10-03,1152167.8788
2018-10-04,1179045.163
2018-10-05,1162056.4689
2018-10-08,1148313.825
2018-10-09,1137812.1916
2018-10-10,1137035.4237
2018-10-11,1125343.6206
2018-10-12,1109580.5077
2018-10-16,1112818.4881
2018-10-17,1117016.2377
2018-10-18,1125462.2764
2018-10-19,1127011.3456
2018-10-22,1120687.5258
2018-10-23,1129786.0959
2018-10-24,1122122.5236
2018-10-25,1129106.5036
2018-10-26,1125069.225
2018-10-29,1120466.3649
2018-10-30,1125024.2765
2018-10-31,1109465.0517
2018-11-01,1098105.6626
2018-11-02,1092684.18
2018-11-05,1091059.4175
2018-11-07,1102604.7344
2018-11-08,1106805.1544
2018-11-09,1099853.3936
2018-11-12,1099944.9
2018-11-13,1110568.98
2018-11-14,1116787.9428
2018-11-15,1111559.365
2018-11-16,1108586.0338
2018-11-20,1118314.7469
2018-11-21,1117652.9196
2018-11-22,1121015.8
2018-11-23,1135003.759
2018-11-26,1173991.195
2018-11-27,1196650.25
2018-11-28,1184811.2433
2018-11-29,1205972.2806
2018-12-03,1187894.89
2018-12-04,1196388.7377
2018-12-05,1223396.3601
2018-12-06,1217320.0452
2018-12-07,1214331.5415
2018-12-10,1225569.1619
2018-12-11,1224586.2541
2018-12-12,1225187.4951
2018-12-13,1232916.8262
2018-12-14,1245820.095
2018-12-17,1252813.0164
2018-12-18,1252708.4006
2018-12-19,1258670.4654
2018-12-20,1253188.26
2018-12-21,1258183.1886
2018-12-26,1275297.16
2018-12-27,1270881.5
2018-12-28,1251492.5383
2019-01-02,1256692.2957
2019-01-03,1250396.5066
2019-01-04,1255444.03
2019-01-07,1255948.6877
2019-01-08,1259136.798
2019-01-09,1263290.5512
2019-01-10,1258476.6252
2019-01-11,1244407.5787
2019-01-14,1245835.575
2019-01-15,1248924.32
2019-01-16,1254475.3427
2019-01-17,1266006.7501
2019-01-18,1260270
2019-01-21,1262740.45
2019-01-22,1257611.04
2019-01-23,1243423.8
2019-01-24,1231040.3392
2019-01-25,1215774.4956
2019-01-28,1216029.6539
2019-01-29,1220719.425
2019-01-30,1233707.235
2019-01-31,1217340.45
2019-02-01,1224007.5657
2019-02-04,1224302.24
2019-02-05,1224031.8069
2019-02-06,1232663.6322
2019-02-07,1253452.915
2019-02-08,1259393.7271
2019-02-11,1271227.68
2019-02-12,1255325.3565
2019-02-13,1266203.4131
2019-02-14,1274017.1834
2019-02-15,1261888.95
2019-02-18,1274089.255
2019-02-19,1281769.7046
2019-02-20,1321480.16
2019-02-21,1311546.3411
2019-02-22,1302999.4332
2019-02-25,1287394.24
2019-02-26,1287466.9423
2019-02-27,1278408.6198
2019-02-28,1287723.866
2019-03-01,1303657.25
2019-03-06,1338608.3739
2019-03-07,1362527.475
2019-03-08,1366327.9
2019-03-11,1351667.9907
2019-03-12,1366065.1354
2019-03-13,1379838.4644
2019-03-14,1357052.7
2019-03-15,1405268.8311
2019-03-18,1399218.6989
2019-03-19,1418915.775
2019-03-20,1445295.2877
2019-03-21,1428852.1607
2019-03-22,1470602.06
2019-03-25,1462642.14
2019-03-26,1479593.698
2019-03-27,1534422.1062
2019-03-28,1511744.79
2019-03-29,1514460.8289
2019-04-01,1502241.364
2019-04-03,1491500.5944
2019-04-04,1509093.5965
2019-04-05,1522624.1184
2019-04-08,1527087
2019-04-09,1522895.58
2019-04-10,1500864.079
2019-04-11,1493370.0717
2019-04-12,1476470.4
2019-04-15,1446430.2834
2019-04-16,1464742.6873
2019-04-17,1448334.5279
2019-04-22,1486354.2272
2019-04-23,1477197.28
2019-04-24,1510523.0986
2019-04-25,1575763.4823
2019-04-26,1547258.8626
2019-04-29,1535912.7273
2019-04-30,1516672.62
2019-05-02,1541355.1935
2019-05-03,1530160.5685
2019-05-06,1545030.1371
2019-05-07,1581785.535
2019-05-08,1592419.1731
2019-05-09,1609552.5441
2019-05-10,1584390.4191
2019-05-13,1595232.9891
2019-05-14,1575239.745
2019-05-15,1578423.9081
2019-05-16,1566003.253
2019-05-17,1572624.2739
2019-05-20,1585893.758
2019-05-21,1570806.54
2019-05-22,1561760.805
2019-05-23,1579753.35
2019-05-24,1574724
2019-05-27,1579143.1347
2019-05-28,1575954.3996
2019-05-29,1572657.6154
2019-05-30,1567975.155
2019-05-31,1584987.88
2019-06-03,1587796.8472
2019-06-04,1583313.0192
2019-06-05,1585454.3771
2019-06-06,1587883.96
2019-06-07,1586310.4719
2019-06-10,1594546.26
2019-06-11,1583677.2132
2019-06-12,1549696.0309
2019-06-13,1512835.35
2019-06-14,1495703.78
2019-06-18,1487383.769
2019-06-19,1479313.1265
2019-06-21,1463916.48
2019-06-24,1456583.1
2019-06-25,1446238.73
2019-06-26,1480985.4858
2019-06-27,1482635.2398
2019-06-28,1450628.2042
2019-07-01,1458418.755
2019-07-02,1469119.14
2019-07-03,1420916.31
2019-07-04,1411889.8813
2019-07-05,1418462.22
2019-07-10,1418251.4112
2019-07-11,1411277.245
2019-07-12,1409841.8469
2019-07-15,1415344.077
2019-07-16,1454008.6965
2019-07-17,1464686.44
2019-07-18,1458869.94
2019-07-19,1472560.9164
2019-07-22,1477225.3608
2019-07-23,1481844.9646
2019-07-24,1490199.7313
2019-07-25,1511542.485
2019-07-26,1515998.6193
2019-07-29,1533787.77
2019-07-30,1540291.5517
2019-07-31,1539326.3588
2019-08-01,1560180.16
2019-08-02,1569743.2788
2019-08-05,1597701.5046
2019-08-06,1597286.874
2019-08-07,1608379.38
2019-08-08,1597174.9007
2019-08-09,1599785.2755
2019-08-12,1949856.25
2019-08-13,1939209.2478
2019-08-14,1998213.105
2019-08-15,1901576.3141
2019-08-16,1873867.74
2019-08-20,1812428.3521
2019-08-21,1780509.045
2019-08-22,1769570.4048
2019-08-23,1766043.2582
2019-08-26,1758490.965
2019-08-27,1763381.6583
2019-08-28,1814030.7
2019-08-29,1770036.6
2019-08-30,1742003.6
2019-09-02,1627398.9085
2019-09-03,1549827.4239
2019-09-04,1510580.61
2019-09-05,1479126.9262
2019-09-06,1455348.9573
2019-09-09,1440819.6915
2019-09-10,1434619.5921
2019-09-11,1422654.485
2019-09-12,1415511.28
2019-09-13,1403194.8225
2019-09-16,1397742.2416
2019-09-17,1396705.6936
2019-09-18,1391939.0875
2019-09-19,1375995.6636
2019-09-20,1366256.1973000001
2019-09-23,1369692.492
2019-09-24,1360957.9401
2019-09-25,1352787.975
2019-09-26,1351277.76
2019-09-27,1365532.12
2019-09-30,1370290.4481
2019-10-01,1373239.1567
2019-10-02,1373052.5877
2019-10-03,1366660.75
2019-10-04,1361052.7539
2019-10-07,1359135.6625
2019-10-08,1351662.375
2019-10-09,1351626.8575
2019-10-10,1345664.8224
2019-10-11,1360227.6
2019-10-15,1364271.345
2019-10-16,1361265.8888
2019-10-17,1363794.1954
2019-10-18,1360423.3699
2019-10-21,1362385.176
2019-10-22,1350726.8457
2019-10-23,1344464.0004
2019-10-24,1329313.4217
2019-10-25,1336453.5009
2019-10-28,1306364.4656
2019-10-29,1285929.5076
2019-10-30,1280266.3671
2019-10-31,1281675.2553
2019-11-01,1274525.0224
2019-11-04,1262107.3423
2019-11-05,1255643.2863
2019-11-07,1257451.8723
2019-11-08,1252095.4376
2019-11-11,1258922.7157
2019-11-12,1252319.1372
2019-11-13,1244710.6628
2019-11-14,1241221.5756
2019-11-15,1250341.065
2019-11-19,1250558.8875
2019-11-20,1244567.597
2019-11-21,1241366
2019-11-22,1243001.8296
2019-11-25,1238274.87
2019-11-26,1234403.9057
2019-11-27,1232834.3187
2019-11-28,1243204.2
2019-11-29,1244378.4171
2019-12-02,1234285.5996
2019-12-03,1232211.5714
2019-12-04,1235617.0308
2019-12-05,1235629.7946
2019-12-06,1236023.8625
2019-12-09,1235174.5736
2019-12-10,1229616.1256
2019-12-11,1221634.8614
2019-12-12,1222850.5036
2019-12-13,1218950.826
2019-12-16,1219514.0043
2019-12-17,1224271.5555
2019-12-18,1227291.7392
2019-12-19,1233071.7608
2019-12-20,1236807.306
2019-12-23,1245635.5464
2019-12-26,1265337.765
2019-12-27,1290107.7228
2019-12-30,1310802.075
2020-01-02,1313926.5654
2020-01-03,1309695.4815
2020-01-06,1305430.037
2020-01-07,1301911.598
2020-01-08,1302829.506
2020-01-09,1300860.9696
2020-01-10,1297355.7307
2020-01-13,1294785.24
2020-01-14,1297393.087
2020-01-15,1295441.91
2020-01-16,1291692.35
2020-01-17,1291263.1421
2020-01-20,1291496.3829
2020-01-21,1290612.1488
2020-01-22,1290003.4932
2020-01-23,1289007.7508
2020-01-24,1287155.14
2020-01-27,1285990.7264
2020-01-28,1284137.9104
2020-01-29,1283041.71
2020-01-30,1281584.82
2020-01-31,1284451.248
2020-02-03,1283525.8675
2020-02-04,1283669.01
2020-02-05,1284641.5941
2020-02-06,1285665.108
2020-02-07,1286656.9395
2020-02-10,1289307.2136
2020-02-11,1294291.048
2020-02-12,1297702.2618
2020-02-13,1302193.672
2020-02-14,1302295.0224
2020-02-17,1308689.03
2020-02-18,1299825.9955
2020-02-19,1312422.5279
2020-02-20,1301192.1
2020-02-21,1301993.5488
2020-02-26,1305941.147
2020-02-27,1305260.325
2020-02-28,1309105.152
2020-03-02,1309435.0605
2020-03-03,1305625.2914
2020-03-04,1305583.1649
2020-03-05,1307095.338
2020-03-06,1308066.6248
2020-03-09,1309561.6014
2020-03-10,1308627.5384
2020-03-11,1308982.0239
2020-03-12,1311204.2886
2020-03-13,1304089.1136
2020-03-16,1303978.263
2020-03-17,1304184.7
2020-03-18,1306244.58
2020-03-19,1305946.335
2020-03-20,1307515.4752
2020-03-25,1313097.7446
2020-03-26,1320751.2085
2020-03-27,1322584.673
2020-03-30,1328784.9867
2020-04-01,1326468.402
2020-04-02,1331347.838
2020-04-03,1335451.2375
2020-04-06,1332773.904
2020-04-07,1335291.2095
2020-04-08,1340982.51
2020-04-13,1346229.2845
2020-04-14,1347686.848
2020-04-15,1353599.046
2020-04-16,1358638.2465
2020-04-17,1364147.8235
2020-04-20,1360528.2138
2020-04-21,1357081.793
2020-04-22,1356619.125
2020-04-23,1352131.1963
2020-04-24,1349822.425
2020-04-27,1350590.55
2020-04-28,1351157.895
2020-04-29,1349049.94
2020-04-30,1351336.865
2020-05-04,1340240.05
2020-05-05,1338424.875
2020-05-06,1335391.785
2020-05-07,1334159.73
2020-05-08,1331775.9
2020-05-11,1332344.97
2020-05-12,1331291.88
2020-05-13,1328745.24
2020-05-14,1324766.745
2020-05-15,1323143.325
2020-05-18,1321985.61
2020-05-19,1321906.635
2020-05-20,1321754.805
2020-05-21,1322006.445
2020-05-22,1321640.55
2020-05-26,1321132.545
2020-05-27,1321165.44
2020-05-28,1317703.14
2020-05-29,1318750.47
2020-06-01,1323364.5
2020-06-02,1324275.48
2020-06-03,1324565.055
2020-06-04,1326159.855
2020-06-05,1327685.31
2020-06-08,1333078.425
2020-06-09,1332740.385
2020-06-10,1331288.865
2020-06-11,1330778.685
2020-06-12,1334150.625
2020-06-16,1337791.455
2020-06-17,1336436.175
2020-06-18,1336610.745
2020-06-19,1335178.35
2020-06-22,1337222.25
2020-06-23,1339489.41
2020-06-24,1341688.395
2020-06-25,1341784.53
2020-06-26,1341457.575
2020-06-29,1346374.77
2020-06-30,1347310.965
2020-07-01,1357625.295
2020-07-02,1359980.25
2020-07-03,1362407.88
2020-07-06,1367650.095
2020-07-07,1368525.375
2020-07-08,1366988.385
2020-07-13,1373306.7907
2020-07-14,1379700.84
2020-07-15,1380790.605
2020-07-16,1381523.175
2020-07-17,1386329.1
2020-07-20,1384876.185
2020-07-21,1387828.68
2020-07-22,1385329.275
2020-07-23,1384547.79
2020-07-24,1385560.44
2020-07-27,1387804.125
2020-07-28,1390907.07
2020-07-29,1389392.775
2020-07-30,1389608.16
2020-07-31,1395390.24
2020-08-03,1406428.425
2020-08-04,1413711.33
2020-08-05,1416137.73
2020-08-06,1418642.925
2020-08-07,1422191.925
2020-08-10,1427314.815
2020-08-11,1429607.075
2020-08-12,1430148.055
2020-08-13,1430957.27
2020-08-14,1428497.685
2020-08-18,1432817.19
2020-08-19,1434672.85
2020-08-20,1435943.25
2020-08-21,1436110.425
2020-08-24,1438817.1
2020-08-25,1441928.285
2020-08-26,1442092.73
2020-08-27,1444098.42
2020-08-28,1440164.685
2020-08-31,1442332.875
2020-09-01,1454682.285
2020-09-02,1460958.585
2020-09-03,1463179.375
2020-09-04,1464955.235
2020-09-07,1471252.95
2020-09-08,1475573.16
2020-09-09,1480496.53
2020-09-10,1477841.58
2020-09-11,1478100.365
2020-09-14,1483220.79
2020-09-15,1482121.905
2020-09-16,1480595.865
2020-09-17,1480316.325
2020-09-18,1473581.25
2020-09-21,1472320.215
2020-09-22,1465168.005
2020-09-23,1451305.12
2020-09-24,1433056.8
2020-09-25,1421107.765
2020-09-28,1419414.465
2020-09-29,1409421.455
2020-09-30,1401696.175
2020-10-01,1397037.135
2020-10-02,1401553.175
2020-10-05,1397101.4244
2020-10-06,1391679.4
2020-10-07,1387894.7934
2020-10-08,1383541.6152
2020-10-09,1376460.2633
2020-10-13,1376617.6905
2020-10-14,1372609.3193
2020-10-15,1368175.98
2020-10-16,1365333.237
2020-10-19,1361548.6617
2020-10-20,1358448.6531
2020-10-21,1352055.9934
2020-10-22,1354266.3384
2020-10-23,1348038.3229
2020-10-26,1344529.5864
2020-10-27,1339656.537
2020-10-28,1338587.7368
2020-10-29,1334645.5482
2020-10-30,1331189.4585
2020-11-02,1340720.22
2020-11-03,1342855.2627
2020-11-04,1342131.7272
2020-11-05,1342450.5809
2020-11-09,1344472.2185
2020-11-10,1345300.65
2020-11-11,1345885.5322
2020-11-12,1350626.475
2020-11-13,1351873.0548
2020-11-16,1355157.295
2020-11-17,1357440.0246
2020-11-18,1360655.2592
2020-11-19,1362451.5641
2020-11-20,1367698.266
2020-11-24,1370629.2162
2020-11-25,1374266.817
2020-11-26,1375909.983
2020-11-27,1379109.7894
2020-11-30,1381312.2297
2020-12-01,1387052.195
2020-12-02,1390289.4
2020-12-03,1400659.0741
2020-12-04,1415677.1746
2020-12-09,1425942.1
2020-12-10,1446473.56
2020-12-11,1448792.73
2020-12-14,1453299.3375
2020-12-15,1461447.245
2020-12-16,1468524.3391
2020-12-17,1471784.4864
2020-12-18,1481894.3487
2020-12-21,1494258.0993
2020-12-22,1494806.4748
2020-12-23,1506117.7644
2020-12-28,1543600.285
2020-12-29,1560344.25
2020-12-30,1574184.66
2021-01-04,1580987.0945
2021-01-05,1577557.8068
2021-01-06,1575890.1513
2021-01-07,1574285
2021-01-08,1572485.085
2021-01-11,1576168.7963
2021-01-12,1576316.46
2021-01-13,1575495.325
2021-01-14,1577837.835
2021-01-15,1577181.06
2021-01-18,1584057.6135
2021-01-19,1585071.1163
2021-01-20,1586475.28
2021-01-21,1587860.7276
2021-01-22,1588218.4917
2021-01-25,1593004.5493
2021-01-26,1595281.8044
2021-01-27,1595924.6094
2021-01-28,1600339.2283
2021-01-29,1602272.9982
2021-02-01,1610530.32
2021-02-02,1612775.9837
2021-02-03,1613153.46
2021-02-04,1615781.805
2021-02-05,1615507.785
2021-02-08,1621354.35
2021-02-09,1627084.8
2021-02-10,1631563.43
2021-02-11,1637209.5
2021-02-12,1639463.7011
2021-02-17,1630095.015
2021-02-18,1632907.21
2021-02-19,1635044.7213
2021-02-22,1641103.3667
2021-02-23,1645384.695
2021-02-24,1644504.2518
2021-02-25,1646165.2753
2021-02-26,1648468.4
2021-03-01,1654050.685
2021-03-02,1656778.435
2021-03-03,1656950.9045
2021-03-04,1660344.46
2021-03-05,1666511.33
2021-03-08,1670417.1297
2021-03-09,1672977.1235
2021-03-10,1672574.7588
2021-03-11,1676557.9889
2021-03-12,1677183.3
2021-03-15,1680544.8818
2021-03-16,1681440.75
2021-03-17,1681181.765
2021-03-18,1682290.4
2021-03-19,1687266.8923
2021-03-22,1694471.3915
2021-03-23,1698669.5079
2021-03-25,1705302.8627
2021-03-26,1698091.3704
2021-03-29,1699724.1547
2021-03-30,1700308.967
2021-03-31,1702918.305
2021-04-05,1709053.8143
2021-04-06,1711087.7047
2021-04-07,1714383.945
2021-04-08,1718485.0067
2021-04-09,1722526.225
2021-04-12,1717390.535
2021-04-13,1719644.3895
2021-04-14,1719894.1986
2021-04-15,1721161.45
2021-04-16,1721100.5617
2021-04-19,1723232.7248
2021-04-20,1723477.575
2021-04-21,1723288.125
2021-04-22,1722725.175
2021-04-23,1724488.75
2021-04-26,1726800.075
2021-04-27,1728097.525
2021-04-28,1728862.8669
2021-04-29,1734705.5
2021-04-30,1739561.67
2021-05-03,1742729.7
2021-05-04,1742630.425
2021-05-05,1743936.755
2021-05-06,1742992.485
2021-05-07,1746363.185
2021-05-10,1758745.625
2021-05-11,1761092.52
2021-05-12,1762030.78
2021-05-13,1765131.625
2021-05-14,1759770.04
2021-05-17,1760889.31
2021-05-18,1761356.325
2021-05-19,1763234.36
2021-05-20,1766716.77
2021-05-21,1772967.6202
2021-05-26,1777924.245
2021-05-27,1779811.225
2021-05-28,1784819.81
2021-05-31,1781687.645
2021-06-01,1783102.17
2021-06-02,1783096.85
2021-06-03,1787073.12
2021-06-04,1791525.96
2021-06-07,1794172.725
2021-06-08,1798063.86
2021-06-09,1797204.885
2021-06-10,1807883.3637
2021-06-11,1806137.975
2021-06-14,1798414.4
2021-06-15,1797456.24
2021-06-16,1797831.53
2021-06-17,1788321.1335
2021-06-18,1793939.0136
2021-06-22,1795719.9468
2021-06-23,1796728.24
2021-06-24,1798407.206
2021-06-25,1798812.62
2021-06-28,1802290.6388
2021-06-29,1804134.955
2021-06-30,1801672.2207
2021-07-01,1801946.2272
2021-07-02,1803340.875
2021-07-05,1808581.29
2021-07-06,1809402.8112
2021-07-07,1811120.1108
2021-07-08,1815111.3504
2021-07-12,1819366.635
2021-07-13,1821761
2021-07-14,1823291.11
2021-07-15,1820397.31
2021-07-16,1818944.575
2021-07-19,1821512.77
2021-07-20,1821598.515
2021-07-21,1818214.82
2021-07-22,1818009.7
2021-07-23,1817737.545
2021-07-26,1820107.4552
2021-07-27,1823398.304
2021-07-28,1826884.675
2021-07-29,1828353.9638
2021-07-30,1832954.23
2021-08-02,1838852.3
2021-08-03,1840227.2064
2021-08-04,1839732.1701
2021-08-05,1839462.5
2021-08-06,1848138.1893
2021-08-09,1850891.0294
2021-08-10,1848001.0018
2021-08-11,1850193.6088
2021-08-12,1843874.8398
2021-08-13,1843732.635
2021-08-17,1844453.1
2021-08-18,1846770.555
2021-08-19,1847504.817
2021-08-20,1848790.37
2021-08-23,1849166.3011
2021-08-24,1851589.6101
2021-08-25,1850720.4505
2021-08-26,1852379.55
2021-08-27,1847815.7313
2021-08-30,1850558.8646
2021-08-31,1861583.3748
2021-09-01,1865251.28
2021-09-02,1849832.0364
2021-09-03,1845698.2697
2021-09-06,1851646.8
2021-09-07,1852958.753
2021-09-08,1853326.5331
2021-09-09,1853831.35
2021-09-10,1852163.7927
2021-09-13,1855351.2036
2021-09-14,1855866.9
2021-09-15,1858107.685
2021-09-16,1859467.4938
2021-09-17,1856225.8142
2021-09-20,1858546.6424
2021-09-21,1858833.8541
2021-09-22,1855735.695
2021-09-23,1854902.5524
2021-09-24,1876385.28
2021-09-27,1881209.8078
2021-09-28,1881366.6105
2021-09-29,1881514.71
2021-09-30,1890479.045
2021-10-01,1889891.4844
2021-10-04,1893746.635
2021-10-05,1897594.3
2021-10-06,1894845.1635
2021-10-07,1893906.245
2021-10-12,1893900.1
2021-10-13,1891800.625
2021-10-14,1889398.525
2021-10-15,1885804.405
2021-10-18,1888607.6
2021-10-19,1885801.95
2021-10-20,1886235.6404
2021-10-21,1880743.8141
2021-10-22,1883697.1833
2021-10-25,1882910.7025
2021-10-26,1886230.0184
2021-10-27,1884449.1139
2021-10-28,1889456.7901
2021-10-29,1889227.6065
2021-11-01,1891683.75
2021-11-02,1893118.7147
2021-11-03,1889571.0162
2021-11-04,1901980.8993
2021-11-05,1893390.2848
2021-11-08,1893746.4
2021-11-09,1890956.9853
2021-11-10,1892808.5133
2021-11-11,1886996.475
2021-11-12,1874539.9701
2021-11-15,1879366.1663
2021-11-16,1877771.376
2021-11-17,1879209.1675
2021-11-18,1879010.9838
2021-11-19,1877389.455
2021-11-23,1878712.22
2021-11-24,1881655.71
2021-11-25,1881670.1937
2021-11-26,1877630.9205
2021-11-29,1859108.1093
2021-11-30,1835422.05
2021-12-01,1827887.485
2021-12-02,1824717.78
2021-12-03,1827668.54
2021-12-06,1824427.3398
2021-12-07,1831766.915
2021-12-09,1831514.2569
2021-12-10,1835245.86
2021-12-13,1838679.375
2021-12-14,1827543.1481
2021-12-15,1842104.7
2021-12-16,1841936.6874
2021-12-17,1844475.6363
2021-12-20,1854442.475
2021-12-21,1862114.974
2021-12-22,1868186.2022
2021-12-23,1883792.97
2021-12-27,1901586.618
2021-12-28,1917146.84
2021-12-29,1932317.73
2021-12-30,1943208
2022-01-03,1942304
2022-01-04,1939244.04
2022-01-05,1939323.15
2022-01-06,1939278.78
2022-01-07,1938856.59
2022-01-10,1949061.289
2022-01-11,1950659.9911
2022-01-12,1952920.5531
2022-01-13,1956598.638
2022-01-14,1957821.8351
2022-01-17,1962447.99
2022-01-18,1963502.5482
2022-01-19,1959992.7549
2022-01-20,1949115.7671
2022-01-21,1946502.1049
2022-01-24,1947216.5076
2022-01-25,1945621.38
2022-01-26,1945120.3973
2022-01-27,1941276.0573
2022-01-28,1944849.7651
2022-01-31,1947923.235
2022-02-01,1951095.33
2022-02-02,1952190.6518
2022-02-03,1953605.81
2022-02-04,1952285.8
2022-02-07,1956942.925
2022-02-08,1957630.68
2022-02-09,1960831.075
2022-02-10,1962364.56
2022-02-11,1966491.6756
2022-02-14,1964416.3488
2022-02-15,1964388.6383
2022-02-16,1965882.45
2022-02-17,1967331.7014
2022-02-18,1968244.4039
2022-02-21,1977412.905
2022-02-22,1983041.8902
2022-02-23,1986015.7
2022-02-24,1986561.2634
2022-02-25,1971017.9865
2022-03-02,1984277.04
2022-03-03,1987364.5285
2022-03-04,1989958.9566
2022-03-07,1998222.5725
2022-03-08,2002111.2181
2022-03-09,2005628.4985
2022-03-10,2009227.551
2022-03-11,2012008.4426
2022-03-14,2015579.76
2022-03-15,2007604.935
2022-03-16,2012685.2931
2022-03-17,2016701.28
2022-03-18,2020385.1076
2022-03-21,2030006.8152
2022-03-22,2035115.6613
2022-03-23,2020682.715
2022-03-25,2022234.41
2022-03-28,2031405.555
2022-03-29,2038226.7035
2022-03-30,2038870.7794
2022-03-31,2039004.3059
2022-04-01,2043699.875
2022-04-04,2054346.0945
2022-04-05,2058599.669
2022-04-06,2064068.1015
2022-04-07,2068127.2227
2022-04-08,2071153.23
2022-04-11,2077879.8235
2022-04-12,2076804.17
2022-04-13,2080653.3791
2022-04-18,2094898.7927
2022-04-19,2097771.6012
2022-04-20,2101434.5486
2022-04-21,2103214.6944
2022-04-22,2101888.5249
2022-04-25,2112567.205
2022-04-26,2115958.3225
2022-04-27,2120002.17
2022-04-28,2128517.7573
2022-04-29,2127962.1118
2022-05-02,2140133.1813
2022-05-03,2144498.625
2022-05-04,2147205.62
2022-05-05,2149741.6581
2022-05-06,2149549.01
2022-05-09,2158099.42
2022-05-10,2163278.245
2022-05-11,2168475.316
2022-05-12,2171853.2391
2022-05-13,2167914.7155
2022-05-16,2176500.9405
2022-05-17,2179813.2861
2022-05-19,2183355.5601
2022-05-20,2188186.2239
2022-05-23,2197450.8942
2022-05-24,2201475.8228
2022-05-26,2205029.3655
2022-05-27,2210154.7338
2022-05-30,2217332.385
2022-05-31,2214700.2927
2022-06-01,2220958.85
2022-06-02,2224085.7546
2022-06-03,2227401.5595
2022-06-06,2239413.5753
2022-06-07,2247286.899
2022-06-08,2251532.79
2022-06-09,2252738.25
2022-06-10,2255246.5361
2022-06-13,2266798.9905
2022-06-14,2264685.225
2022-06-15,2269642.31
2022-06-16,2275155.135
2022-06-21,2290151.46
2022-06-22,2290326.6947
2022-06-23,2300941.7483
2022-06-24,2307166.84
2022-06-27,2317018.9
2022-06-28,2318179.5
2022-06-29,2316333.58
2022-06-30,2318230.51
2022-07-01,2338050.3231
2022-07-04,2331539.4798
2022-07-05,2325936.7689
2022-07-06,2321190.2361
2022-07-07,2312940.18
2022-07-08,2322578.456
2022-07-11,2328482.0477
2022-07-12,2330381.4711
2022-07-13,2327371.5796
2022-07-14,2329135.8398
2022-07-15,2327533.5867
2022-07-18,2335637.196
2022-07-19,2335772.8763
2022-07-20,2340018.15
2022-07-21,2325851.45
2022-07-22,2314529.12
2022-07-25,2319744.3037
2022-07-26,2317910.4585
2022-07-27,2320738.209
2022-07-28,2325239.625
2022-07-29,2320219.2827
2022-08-01,2338415.94
2022-08-02,2344975.2203
2022-08-03,2352263.65
2022-08-04,2358767.3511
2022-08-05,2346513.3486
2022-08-08,2357200.44
2022-08-09,2355071.8833
2022-08-10,2355186.9693
2022-08-11,2355840.8933
2022-08-12,2355953.5062
2022-08-16,2366975.39
2022-08-17,2369628.03
2022-08-18,2373996.1505
2022-08-19,2377240.32
2022-08-22,2385973.36
2022-08-23,2388278.0685
2022-08-24,2395511.715
2022-08-25,2399711.3778
2022-08-26,2405463.4575
2022-08-29,2420272.525
2022-08-30,2428191.8991
2022-08-31,2414443.6998
2022-09-01,2421328.095
2022-09-05,2443545.8
2022-09-06,2450842.0822
2022-09-07,2450972.1
2022-09-08,2459439.2907
2022-09-09,2461904.25
2022-09-12,2478430.5
2022-09-13,2486080.275
2022-09-14,2496026.25
2022-09-15,2500238.8454
2022-09-16,2508322.316
2022-09-19,2525171.43
2022-09-20,2533224.2255
2022-09-21,2532185.1675
2022-09-22,2539138.7353
2022-09-23,2542611.084
2022-09-26,2558730.1702
2022-09-27,2559787.2678
2022-09-28,2563796.718
2022-09-29,2569809.39
2022-09-30,2573887.68
2022-10-03,2592478.8304
2022-10-04,2598160.7529
2022-10-05,2604195.7904
2022-10-06,2609030.6721
2022-10-11,2637142.3368
2022-10-12,2640550.8228
2022-10-13,2659024.9124
2022-10-14,2652433.8519
2022-10-17,2667597.17
2022-10-18,2674895.975
2022-10-19,2681153.325
2022-10-20,2686403.5
2022-10-21,2696626.7244
2022-10-24,2716093.2951
2022-10-25,2730178.5064
2022-10-26,2741197.788
2022-10-27,2753991.5304
2022-10-28,2740277.3188
2022-10-31,2760096.84
2022-11-01,2763562.36
2022-11-02,2806894.2663
2022-11-03,2819702.82
2022-11-04,2839304.598
2022-11-07,2867302.68
2022-11-08,2867562.5265
2022-11-09,2872838.265
2022-11-10,2877879.7818
2022-11-11,2885810.2119
2022-11-14,2928533.8168
2022-11-15,2940196.7205
2022-11-16,2954924.9163
2022-11-17,2968892.415
2022-11-18,2974816.9278
2022-11-22,3003537.3648
2022-11-23,3008287.4283
2022-11-24,3017620.9245
2022-11-25,3022152.0633
2022-11-28,3043572.25
2022-11-29,3049433.075
2022-11-30,3068627.485
2022-12-01,3070983.09
2022-12-02,3081486.3756
2022-12-05,3124261.72
2022-12-06,3138954.6994
2022-12-07,3145791.0477
2022-12-12,3179590.9
2022-12-13,3187897.152
2022-12-14,3195897
2022-12-15,3208311.975
2022-12-16,3226078.21
2022-12-19,3252891.785
2022-12-20,3277221.0914
2022-12-21,3296984.25
2022-12-22,3315780.9936
2022-12-23,3336979.8055
2022-12-26,3390296.795
2022-12-27,3402937.7459
2022-12-28,3430414.62
2022-12-29,3444019.9438
2022-12-30,3444259.7935
2023-01-02,3459155.5306
2023-01-03,3469247.5431
2023-01-04,3476593.218
2023-01-05,3481277.7
2023-01-06,3487536.8881
2023-01-09,3538965.6082
2023-01-10,3545975.8152
2023-01-11,3546188.5758
2023-01-12,3553526.92
2023-01-13,3556169.76
2023-01-16,3570947.1699
2023-01-17,3574464.9279
2023-01-18,3577643.3843
2023-01-19,3574416.875
2023-01-20,3577382.5234
2023-01-23,3596754.3364
2023-01-24,3603976.2638
2023-01-25,3607412.495
2023-01-26,3612530.61
2023-01-27,3628138.35
2023-01-30,3663091.7639
2023-01-31,3669851.25
2023-02-01,3681731.9448
2023-02-02,3690165.9977
2023-02-03,3674986.35
2023-02-06,3698698.2
2023-02-07,3706909.7922
2023-02-08,3712776.8315
2023-02-09,3719425.5315
2023-02-10,3730734.6423
2023-02-13,3760168.44
2023-02-14,3757447.36
2023-02-15,3763624.5
2023-02-16,3774697.014
2023-02-17,3784077.1671
2023-02-22,3825702.58
2023-02-23,3841557.75
2023-02-24,3851542.5291
2023-02-27,3852785.8392
2023-02-28,3827139.8596
2023-03-01,3835034.72
2023-03-02,3842761.8273
2023-03-03,3847631.82
2023-03-06,3876662.215
2023-03-07,3888007.3424
2023-03-08,3890519.315
2023-03-09,3898941.382
2023-03-10,3903234.1782
2023-03-13,3924841.2633
2023-03-14,3926124.2826
2023-03-15,3941882.3688
2023-03-16,3951127.94
2023-03-17,3957199.74
2023-03-20,3985845.1797
2023-03-21,3986741.1483
2023-03-22,3956729.28
2023-03-23,3948081.15
2023-03-27,3966142.7091
2023-03-28,3946465.92
2023-03-29,3948482.568
2023-03-30,3941882.0751
2023-03-31,3936294.6305
2023-04-03,3955886.64
2023-04-04,3959245.6
2023-04-05,3960233.78
2023-04-10,4000545.6099
2023-04-11,4001235.1845
2023-04-12,3988049.5
2023-04-13,4003502.25
2023-04-14,3999906.62
2023-04-17,3996570.5176
2023-04-18,4011349.1085
2023-04-19,4018628.13
2023-04-20,4019508.9
2023-04-21,4002853.5477
2023-04-24,4023693.45
2023-04-25,4001340.7028
2023-04-26,3969541.8089
2023-04-27,3964833.16
2023-04-28,3982311.9
2023-05-02,4021461.375
2023-05-03,4029141.43
2023-05-04,4048986.8769
2023-05-05,4033224.2027
2023-05-08,4060165.575
2023-05-09,4064226.9643
2023-05-10,4080244.2048
2023-05-11,4086585.8782
2023-05-12,4080527.4069
2023-05-15,4103115.843
2023-05-16,4119307.325
2023-05-17,4137963.95
2023-05-18,4154804.013
2023-05-19,4161421.596
2023-05-22,4176452.6811
2023-05-23,4187390.1775
2023-05-24,4200634.8391
2023-05-29,4258628.8542
2023-05-30,4260282.7197
2023-05-31,4257831.075
2023-06-01,4279188.9275
2023-06-02,4284239.2932
2023-06-05,4328304.75
2023-06-06,4320490.225
2023-06-07,4334180.1491
2023-06-08,4341069.7411
2023-06-09,4313863.587
2023-06-12,4339931.1138
2023-06-13,4361978.2963
2023-06-14,4339721.4
2023-06-15,4342004.5011
2023-06-16,4353792.1342
2023-06-21,4399560.9014
2023-06-22,4421420.333
2023-06-23,4427860.7334
2023-06-26,4456007.0002
2023-06-27,4465672.4167
2023-06-28,4501790.5532
2023-06-29,4508316.4698
2023-06-30,4508753.05
2023-07-03,4546809.375
2023-07-04,4604318.05
2023-07-05,4595862
2023-07-06,4604628.6
2023-07-07,4630887.6752
2023-07-10,4703798.85
2023-07-11,4723374.9646
2023-07-12,4731796.2024
2023-07-13,4739874.7473
2023-07-14,4757967.8065
2023-07-17,4783841.9727
2023-07-18,4800176.8187
2023-07-19,4818125.675
2023-07-20,4823704.925
2023-07-21,4808549.2616
2023-07-24,4832364.9023
2023-07-25,4819638.9247
2023-07-26,4833193.2
2023-07-27,4853121
2023-07-28,4910896.8351
2023-07-31,4950694.8672
2023-08-01,4987947.5271
2023-08-02,4972181.9976
2023-08-03,4981549.3533
2023-08-04,4997813.7131
2023-08-07,5091037
2023-08-08,5075947.9537
2023-08-09,5064137.65
2023-08-10,5052428.2718
2023-08-11,5060643.2955
2023-08-14,6173209.025
2023-08-15,6163296.1547
2023-08-16,6134450
2023-08-17,6121412.725
2023-08-18,6098690.9808
2023-08-22,6093644.503
2023-08-23,6083965.4
2023-08-24,6083265.45
2023-08-25,6068916.475
2023-08-28,6073405.9701
2023-08-29,6078715.775
2023-08-30,6036368.8
2023-08-31,5976535.1525
2023-09-01,5981850
2023-09-04,5981927.25
2023-09-05,5992907.8791
2023-09-06,5992700
2023-09-07,5985908.0451
2023-09-08,5986322.375
2023-09-11,6003263.5449
2023-09-12,6009770.7
2023-09-13,5999271.45
2023-09-14,5996471.65
2023-09-15,5992557.8874
2023-09-18,5997807.7629
2023-09-19,6002213.595
2023-09-20,5993050
2023-09-21,5997663.8121
2023-09-22,5982627.3
2023-09-25,5997042.2122
2023-09-26,5996978.325
2023-09-27,5980877.175
2023-09-28,5979477.075
2023-09-29,5969041.5482
2023-10-02,5997678.375
2023-10-03,5990677.875
2023-10-04,5992077.975
2023-10-05,5995228.2
2023-10-06,5987527.65
2023-10-09,5992077.975
2023-10-10,5947624.8
2023-10-11,5896871.175
2023-10-12,5875169.625
2023-10-17,5854729.3409
2023-10-18,5841917.25
2023-10-19,5823015.9
2023-10-20,5793263.775
2023-10-23,5803350
2023-10-24,5813565.225
2023-10-25,5809927.2033
2023-10-26,5834638.361
2023-10-27,5836388.4025
2023-10-30,5857318.35
2023-10-31,5843738.5768
2023-11-01,5848361.307
2023-11-02,5852418
2023-11-03,5855218.2
2023-11-07,5884620.3
2023-11-08,5866419
2023-11-09,5887770.525
2023-11-10,5875800
2023-11-13,5886720.45
2023-11-14,5893720.95
2023-11-15,5919596.1827
2023-11-16,5904799.875
2023-11-17,5871935.6721
2023-11-21,5905742.7
2023-11-22,5931941.6037
2023-11-23,5926337.78
2023-11-24,5921686.575
2023-11-27,5946172.05
2023-11-28,5962362.6
2023-11-29,5984057.9626
2023-11-30,5942894.1
2023-12-01,5960161.725
2023-12-04,5986375.325
2023-12-05,5999714.175
2023-12-06,5979670.4
2023-12-07,6005084.3757
2023-12-11,6023262
2023-12-12,6028925
2023-12-13,13148389.1
2023-12-14,13187848.85
2023-12-15,13269006.3
2023-12-18,13364508.875
2023-12-19,13438724.1
2023-12-20,13497757.65
2023-12-21,13625179.95
2023-12-22,13735899.7
2023-12-26,13928419.5246
2023-12-27,14177575.575
2023-12-28,14425585.65
2023-12-29,14678014.3115
2024-01-02,14659794.6
2024-01-03,14650180.15
2024-01-04,14657769.75
2024-01-05,14649741
2024-01-08,14707897.2
2024-01-09,14914005.9
2024-01-10,14934773.7
2024-01-11,14960245.7
2024-01-12,14976965.65
2024-01-15,15008783.4
2024-01-16,15040869.6
2024-01-17,15078714.35
2024-01-18,15074200
2024-01-19,15099795
2024-01-22,15130287.55
2024-01-23,15108262.95
2024-01-24,15091957.5
2024-01-25,15109551.9
2024-01-26,15136849
2024-01-29,15243192.75
2024-01-30,15294541.5
2024-01-31,15339331.25
2024-02-01,15410830.3
2024-02-02,15321694.65
2024-02-05,15318356.85
2024-02-06,15348334.1
2024-02-07,15374378
2024-02-08,15323831.2
2024-02-09,15314118.75
2024-02-14,15373034.3
2024-02-15,15406101.282
2024-02-16,15438404.4
2024-02-19,15496610
2024-02-20,15514242.5
2024-02-21,15547144.6
2024-02-22,15581573.1
2024-02-23,15632994.3
2024-02-26,15732764.75
2024-02-27,15777450.55
2024-02-28,15815640.75
2024-02-29,15568149
2024-03-01,15572334.5
2024-03-04,15582322.25
2024-03-05,15643887
2024-03-06,15677667.75
2024-03-07,15690321.25
2024-03-08,15692817.75
2024-03-11,15738430.5
2024-03-12,15736673.75
2024-03-13,15773059.5
2024-03-14,15828254
2024-03-15,15861383
2024-03-18,15924291.25
2024-03-19,15984798.75
2024-03-20,16020622
2024-03-21,16054774.5
2024-03-22,16055624
2024-03-25,16125756.25
2024-03-26,16196858.75
2024-03-27,16225753.6308
2024-04-03,16326716.25
2024-04-04,16386176.25
2024-04-05,16428485.5
2024-04-08,16434578
2024-04-09,16466569.5
2024-04-10,16488204
2024-04-11,16500329.25
2024-04-12,16528922.5
2024-04-15,16550581.5
2024-04-16,16632218.75
2024-04-17,16650483.75
2024-04-18,16678326
2024-04-19,16710563.25
2024-04-22,16814363.25
2024-04-23,16835347.5
2024-04-24,16875556.25
2024-04-25,16761146.25
2024-04-26,16795200
2024-04-29,16837717.6404
2024-04-30,16844997.75
2024-05-02,16901921.25
2024-05-03,16889575
2024-05-06,16930728.5
2024-05-07,16942107
2024-05-08,16978978
2024-05-09,16989488.25
2024-05-10,17023833.75
2024-05-13,17093436.75
2024-05-14,17139325.25
2024-05-15,17132176.5
2024-05-16,17131212.5
2024-05-17,17223345.25
2024-05-20,17256858.75
2024-05-21,17324368.5
2024-05-22,17362581.5
2024-05-23,17365216.5
2024-05-24,17396347.5
2024-05-27,17449691.5
2024-05-28,17520205.5
2024-05-29,17525543.75
2024-05-30,17468279.5
2024-05-31,17553166.75
2024-06-03,17478332.8166
2024-06-04,17515886.2343
2024-06-05,17540127.75
2024-06-06,17563878
2024-06-07,17586069.348
2024-06-10,17625919.4853
2024-06-11,17686978.1535
2024-06-12,17692220.25
2024-06-13,17677093.9305
2024-06-14,17585752.6494
2024-06-18,17728964.4027
2024-06-19,17776626
2024-06-24,17874395.8446
2024-06-25,17916795.3232
2024-06-26,17980026.5
2024-06-27,18029294.5074
2024-06-28,18013444.75
2024-07-01,18053144.5
2024-07-02,18080948.4919
2024-07-03,18047790.657
2024-07-04,18073784.2411
2024-07-05,18142783.5
2024-07-08,18161469.6588
2024-07-10,18645020.991
2024-07-11,18787405
2024-07-12,18859926.75
2024-07-15,18900411.0993
2024-07-16,18932673.5
2024-07-17,18984774.315
2024-07-18,19062796.5
2024-07-19,19127193.25
2024-07-22,19344520.1378
2024-07-23,19343245.3047
2024-07-24,19384988.6958
2024-07-25,19363834.028
2024-07-26,19402085.3891
2024-07-29,19403693.75
2024-07-30,19420632
2024-07-31,19541112.5
2024-08-01,19559746.9485
2024-08-02,19599345.968
2024-08-05,19578697.25
2024-08-06,19584088
2024-08-07,19614090.5523
2024-08-08,19617992.9692
2024-08-09,19678500.0314
2024-08-12,19669771.1357
2024-08-13,19724431.3008
2024-08-14,19769350.6998
2024-08-15,19841346
2024-08-16,19838160
2024-08-19,19902768.6308
2024-08-20,19985113.9616
2024-08-21,20056191.2928
2024-08-22,20115382.5
2024-08-23,20266115.0458
2024-08-26,20308484.4534
2024-08-27,20436720.5
2024-08-28,20497097.1142
2024-08-29,20629467.39
2024-08-30,20452566.7845
2024-09-02,20641328.75
2024-09-03,20825642.3942
2024-09-04,20948411.5
2024-09-05,21110343.4869
2024-09-06,21276858.5743
2024-09-09,21476586
2024-09-10,21756133.0902
2024-09-11,22028234.4324
2024-09-12,22389983.7777
2024-09-13,22710764.5
2024-09-16,23126558.3654
2024-09-17,23598457.484
2024-09-18,24140169.1647
2024-09-19,24856076.25
2024-09-20,25698607.5
2024-09-23,26762600.7435
2024-09-24,28099555.5
2024-09-25,29781828.9423
2024-09-26,30960281.25
2024-09-27,31903073.071
2024-09-30,32596586.3691
2024-10-01,32309602.5
2024-10-02,32278619.75
2024-10-03,32105613.75
2024-10-04,32037896.4045
2024-10-07,31949576
2024-10-08,31804149.3363
2024-10-09,31718362.5
2024-10-10,31898622.5023
2024-10-14,31911287.2519
2024-10-15,31953287.4138
2024-10-16,32106608.1597
2024-10-17,32252451
2024-10-18,32463547.4001
2024-10-21,32577301.8531
2024-10-22,32761464.5578
2024-10-23,32998631.949
2024-10-24,33330174.8736
2024-10-25,33758500.5281
2024-10-28,34303616.0103
2024-10-29,35150031
2024-10-30,35745054.25
2024-10-31,36436812.75
2024-11-01,36270121.25
2024-11-04,36059985.4566
2024-11-05,35940317.5
2024-11-07,36036043.3333
2024-11-08,36184219
2024-11-11,36014784
2024-11-12,35887085
2024-11-13,35829108
2024-11-14,35691075
2024-11-15,35724974.25
2024-11-19,35615375
2024-11-20,35588960
2024-11-21,35505855.5
2024-11-22,35547335.75
2024-11-25,35420953.5
2024-11-26,35406288.5
2024-11-27,35257830
2024-11-28,35111807.5
2024-11-29,35125936.5
2024-12-02,35209641.5765
2024-12-03,35202476.9915
2024-12-04,34913555.25
2024-12-05,34876879.3533
2024-12-06,34853429.75
2024-12-09,34652873.5
2024-12-10,34490878.5
2024-12-11,34472210.25
2024-12-12,34410318.75
2024-12-13,34449291.75
2024-12-16,34403870
2024-12-17,34349948.2128
2024-12-18,34310194.25
2024-12-19,34614501
2024-12-20,34745219.4628
2024-12-23,34798587.25
2024-12-26,34821360
2024-12-27,34866967.5
2024-12-30,34935670
2025-01-02,35068059
2025-01-03,35078025
2025-01-06,35017671.75
2025-01-07,35012815
2025-01-08,34994459.5
2025-01-09,35943509
2025-01-10,36039814.5
2025-01-13,36096675
2025-01-14,36133457.5
2025-01-15,36127890
2025-01-16,36103540
2025-01-17,36013315.5
2025-01-20,35952419
2025-01-21,35905274.3943
2025-01-22,35886115.75
2025-01-23,35789342.1387
2025-01-24,35897848.0266
2025-01-27,36022695.5
2025-01-28,35955013.0571
2025-01-29,35845319.9471
2025-01-30,35851307.5
2025-01-31,35839016.5
2025-02-03,35645570.6274
2025-02-04,35657897.75
2025-02-05,35517302.0025
2025-02-06,35368903.875
2025-02-07,35308798.5313
2025-02-10,35207922.375
2025-02-11,35255349.75
2025-02-12,35122070
2025-02-13,35080121.6442
2025-02-14,35071280.5
2025-02-17,35073661.6461
2025-02-18,34972625.2673
2025-02-19,35060015.625
2025-02-20,35082922.375
2025-02-21,35140423.5
2025-02-24,35043653.125
2025-02-25,35029378.5
2025-02-26,34961172.5
2025-02-27,34554809.25
2025-02-28,34827414.375
2025-03-05,34613475
2025-03-06,34457652.75
2025-03-07,34448071.4938
2025-03-10,34339131.2599
2025-03-11,34326401.0727
2025-03-12,34229617.5
2025-03-13,34178946.625
2025-03-14,34181580.4413
2025-03-17,34157233.1485
2025-03-18,34093327.125
2025-03-19,34142430
2025-03-20,34210059.4341
2025-03-21,34221599.6019
2025-03-25,34168505.1038
2025-03-26,34132988.1054
2025-03-27,34061345.8505
2025-03-28,33959438.25
2025-03-31,33995660.875
2025-04-01,34123146.2252
2025-04-03,34006650.7787
2025-04-04,33990118.875
2025-04-07,33910956.9498
2025-04-08,33832706.7858
2025-04-09,33848653.125
2025-04-10,33882366.375
2025-04-11,33844799.375
2025-04-14,37830239.8998
2025-04-15,38538343.0969
2025-04-16,38010354.4197
2025-04-21,34735021.915
2025-04-22,35605492.2478
2025-04-23,36553090
2025-04-24,38435886.4224
2025-04-25,38401121.9235
2025-04-28,38036714.2567
2025-04-29,38256217.0893
2025-04-30,38476760
2025-05-05,38622980.5
2025-05-06,39435171.2414
2025-05-07,37890168
2025-05-08,36755692.5
2025-05-09,36963170.4769
2025-05-12,37204166
2025-05-13,37251688.1031
2025-05-14,37481089.8942
2025-05-15,37605489
2025-05-16,37974795.1044
2025-05-19,37612864.25
2025-05-20,37928104
2025-05-21,38027740
2025-05-22,38100764.8061
2025-05-23,37955334
2025-05-26,38079550.8864
2025-05-27,38192812
2025-05-28,38697291
2025-05-29,38704473
2025-05-30,39420896.9007
2025-06-02,38973776.4332
2025-06-03,38905056
2025-06-04,38950353.5704
2025-06-05,39142413.7634
2025-06-06,39116490
2025-06-09,38894298.6761
2025-06-10,38889681
2025-06-11,38807773.5
2025-06-12,38914037.5
2025-06-13,38986347.0942
2025-06-17,38786977.9044
2025-06-18,37940413
2025-06-19,38213621.7684
2025-06-23,38537174.2329
2025-06-24,38891496
2025-06-25,38975451.2289
2025-06-26,39621121.1055
2025-06-27,39506035.0599
2025-06-30,39913428.3858
2025-07-01,40372680
2025-07-02,41340784.2142
2025-07-03,41273477.788
2025-07-04,41859251.8746
2025-07-07,42492426.126
2025-07-08,42631104
2025-07-10,44207676.3351
2025-07-11,44313113.4125
2025-07-14,44813438.0131
2025-07-15,45157274
2025-07-16,44522936.3446
2025-07-17,44954407.5
2025-07-18,45455401.8198
2025-07-21,45659430
2025-07-22,45104656.3541
2025-07-23,44870587.5207
2025-07-24,44986514
2025-07-25,45399735.25
2025-07-28,45646264.1514
2025-07-29,45826794.5114
2025-07-30,45809618.6799
2025-07-31,47875176.3195
2025-08-01,48098628.1556
2025-08-04,47950150.493
2025-08-05,47123289.8292
2025-08-06,46762355.5021
2025-08-07,46715699.4968
2025-08-08,46657208.5032
2025-08-11,46791024
2025-08-12,46630449
2025-08-13,46495086
2025-08-14,46007540.4945
2025-08-18,45779977.3251
2025-08-19,45624534.8232
2025-08-20,45907169
2025-08-21,46255802.5
2025-08-22,46634709.9071
2025-08-25,47307947.0065
2025-08-26,47653520.8254
2025-08-27,47586381.5835
2025-08-28,47001461.166
2025-08-29,46335489.3333
2025-09-01,47908564.498
2025-09-02,47803918.5
2025-09-03,47397728.9949
2025-09-04,47530446.5037
2025-09-05,47516501.16
2025-09-08,49501356.3269
2025-09-09,49405067.8275
2025-09-10,49423040.5769
2025-09-11,49614230.0082
2025-09-12,50404816.161
2025-09-15,50728476
2025-09-16,50844439.8238
2025-09-17,51065516.5735
2025-09-18,51352550.25
2025-09-19,51635421.75
2025-09-22,49874098.1661
2025-09-23,47607084.5052
2025-09-24,47482802.1551
2025-09-25,47320049.7263
2025-09-26,48065220
2025-09-29,48577725
2025-09-30,49818794.2015
2025-10-01,52226205.444
2025-10-02,52463569.25
2025-10-03,52610318.5
2025-10-06,52639105.75
2025-10-07,52827832.75
2025-10-08,52772072.5
2025-10-09,53636355.5
2025-10-13,50444512.2477
2025-10-14,50814250.7544
2025-10-15,51444442.5
2025-10-16,52014589.7499
2025-10-17,53899198.5
2025-10-20,54847471.7502
2025-10-21,55780572.75
2025-10-22,55960431.6623
2025-10-23,55792464
2025-10-24,55778341.0846
2025-10-27,51941034.2556
2025-10-28,55276857.0806
2025-10-29,54432701.5
2025-10-30,53584726.5792
2025-10-31,54023034
2025-11-03,54516129.0802
2025-11-04,55056659.0791
2025-11-05,54088732.5
2025-11-07,53847232.5
2025-11-10,53024872.7547
2025-11-11,53013929
2025-11-12,52475458
2025-11-13,52783348.4178
2025-11-14,52631300
2025-11-17,52589337
2025-11-18,52463624
2025-11-19,53203837.5
2025-11-20,53761084.5983
2025-11-25,54872393.2323
2025-11-26,56100405
2025-11-27,56130272
2025-11-28,56161434
2025-12-01,57538750.5931
2025-12-02,57630217.0951
2025-12-03,57510634.5
2025-12-04,57284898.6825
2025-12-05,56542078.0232
2025-12-09,56404231.308
2025-12-10,56672714.3124
2025-12-11,56445559.5
2025-12-12,55840774.7107
2025-12-15,56041191.7026
2025-12-16,56527980.7017
2025-12-17,56607738.1974
2025-12-18,57083294.3094
2025-12-19,57275287.75
2025-12-22,57305963.817
2025-12-23,57390483
2025-12-26,57472261.4037
2025-12-29,57572508.7357
2025-12-30,58057055.7427
2026-01-02,58641967.539
2026-01-05,58810718.7684
2026-01-06,58536055.608
2026-01-07,58795169.2445
2026-01-08,58559873.3736
2026-01-09,60422918.0867
2026-01-12,60384749.112
2026-01-13,60151100.3808
2026-01-14,59580737.4384
2026-01-15,59011936.6664
2026-01-16,58782015.18
2026-01-19,58867852.8257
2026-01-20,58999934.0511
2026-01-21,58841162.0046
2026-01-22,58729547.2305
2026-01-23,59218386.6681
2026-01-26,59312033.5499
2026-01-27,59375362.7775
2026-01-28,59322212.7121
2026-01-29,59557228.879
2026-01-30,59530908.9154
2026-02-02,59468931.465
2026-02-03,59545360.8932
2026-02-04,59394532.2728
2026-02-05,59209875.9836
2026-02-06,58435268.883
2026-02-09,58228393.7851
2026-02-10,57446828.625
2026-02-11,57283515.7629
2026-02-12,56970709.056
2026-02-13,57009904.5275
2026-02-18,57367635.6084
2026-02-19,57100013.6763
2026-02-20,58034178.83
2026-02-23,57270769.0016
2026-02-24,57788381.0088
2026-02-25,58237242.318
2026-02-26,58648265.5478
2026-02-27,58576360.7988
2026-03-02,59417117.3505
2026-03-03,59668646.8095
2026-03-04,59135450.7024
2026-03-05,59422554.2416
2026-03-06,59619451.4842
2026-03-09,59574771.5905
2026-03-10,58860760.5152
2026-03-11,58560248.168
2026-03-12,58650577.3347
2026-03-13,58370254.6453
2026-03-16,58391415.54
2026-03-17,58384094.1158
2026-03-18,58422278.5164
2026-03-19,58134330.5436
2026-03-20,58117512.104
2026-03-25,57627110.331
2026-03-26,57346674.165
2026-03-27,57687441.9869
2026-03-30,58437525.9962
2026-03-31,57613986.4948
2026-04-01,58088621.7108
2026-04-06,58239388.7176
2026-04-07,58499245.1428
2026-04-08,58220617.83
2026-04-09,58062512.8512
2026-04-10,57750651.3122
2026-04-13,57393544.5846
2026-04-14,57494009.562
2026-04-15,57318577.8678
2026-04-16,56764166.817
2026-04-17,56820722.6153
2026-04-20,57476695.5405
2026-04-21,57771229.6272
2026-04-22,57761386.6554
2026-04-23,58263808.4546
2026-04-24,58671486.9496
2026-04-27,59300217.432
2026-04-28,59184506.673
2026-04-29,58602037.2
2026-04-30,57714595.6706
2026-05-04,58400596.7395
2026-05-05,58123652.894
2026-05-06,57797298.5716
2026-05-07,58032672.647
2026-05-08,58169790.52
2026-05-11,58409883.9013
2026-05-12,57831995.289
2026-05-13,58264743.3693
2026-05-14,58409866.7528
2026-05-15,58056235.9146
2026-05-18,58056027.932
2026-05-19,58304021.048
2026-05-20,58342593.4968
2026-05-21,58027058.6105
2026-05-22,58464372.2145
2026-05-26,58920167.205
2026-05-27,58906870.0428
2026-05-28,58960049.1796
2026-05-29,58479101.7264
2026-06-01,60307167.4272
2026-06-02,60382607.922
2026-06-03,60985041.0444
2026-06-04,60913709.9424
2026-06-05,60895868.0264
2026-06-08,60868592.1536
2026-06-09,60958822.9536
2026-06-10,60603774.81
2026-06-11,60342212.3348
2026-06-12,60194143.044
2026-06-16,60223699.3056
2026-06-17,60552298.8527
2026-06-18,60896851.599
2026-06-19,61460453.8322
2026-06-22,61407947.5866
2026-06-23,62137666.0674
2026-06-24,62626189.6127
2026-06-25,62582821.7733
2026-06-26,62339393.4304
2026-06-29,62599335.0244
2026-06-30,62595299.7184
2026-07-01,62954945.235
2026-07-02,63370101.9294
2026-07-03,63549216.3878
2026-07-06,63552076.813600004
2026-07-07,63759287.85
2026-07-08,63748004.8192
2026-07-13,65075830.1259
2026-07-14,64165819.923
2026-07-15,64276203.2084
2026-07-16,64199670.2272
2026-07-17,64064133.5109
2026-07-20,64143383.625
2026-07-21,64194243.4
2026-07-22,64238295.3464
2026-07-23,64706479.0704
2026-07-24,64822972.7232
2026-07-27,64890052.1451
2026-07-28,65161992.1602
2026-07-29,65064382.0122
2026-07-30,64677246.2073
2026-07-31,64323500.7165
2026-08-03,64301673.1968
2026-08-04,64504516.0445
2026-08-05,64636241.3004
2026-08-06,64684140.8958
2026-08-07,64742902.6485
2026-08-10,64666721.2874
2026-08-11,64542710.466
2026-08-12,64697465.1519
2026-08-13,64708503.6125
2026-08-14,64831326.6216
2026-08-18,65236564.3416
2026-08-19,65496112.0352
2026-08-20,65506428.75
2026-08-21,65736680.4672
2026-08-24,66279498.3968
2026-08-25,66468134.5524
2026-08-26,66427862.5214
2026-08-27,65728978.81
2026-08-28,65803413.8832
2026-08-31,65642261.0082
2026-09-01,66035220.1512
2026-09-02,66012908.302
2026-09-03,65910333.2811
2026-09-04,65973259.7415
2026-09-07,66320015.598
2026-09-08,66390251.8236
2026-09-09,66651226.0055
2026-09-10,66671664.1096
2026-09-11,66668451.3396
2026-09-14,66679183.9035
2026-09-15,66544187.8776
2026-09-16,66623989.614
2026-09-17,66683215.9864
2026-09-18,66940404.4316
2026-09-21,67219737.3848
2026-09-22,67198478.6172
2026-09-23,67244712.7472
2026-09-24,67494391.0015
2026-09-25,68014611.506
2026-09-28,68113736.9465
2026-09-29,68030007.408
2026-09-30,67827114.1464
