fecha,valor
2003-01-02,20271
2003-01-03,20661
2003-01-06,20869
2003-01-07,21201
2003-01-08,21278
2003-01-09,21397
2003-01-10,21424
2003-01-13,21447
2003-01-14,21624
2003-01-15,21722
2003-01-16,21652
2003-01-17,21857
2003-01-20,21822
2003-01-21,22027
2003-01-22,22155
2003-01-23,22304
2003-01-24,22415
2003-01-27,22154
2003-01-28,22372
2003-01-29,22410
2003-01-30,22539
2003-01-31,22814
2003-02-03,22612
2003-02-04,22769
2003-02-05,22944
2003-02-06,23123
2003-02-07,23288
2003-02-10,23192
2003-02-11,23414
2003-02-12,23504
2003-02-13,23695
2003-02-14,23958
2003-02-17,23968
2003-02-18,24341
2003-02-19,24541
2003-02-20,24616
2003-02-21,24703
2003-02-24,24775
2003-02-25,24821
2003-02-26,24942
2003-02-27,25037
2003-02-28,25306
2003-03-03,25191
2003-03-04,25300
2003-03-05,25302
2003-03-06,25324
2003-03-07,25461
2003-03-10,25243
2003-03-11,25400
2003-03-12,25494
2003-03-13,25659
2003-03-14,25724
2003-03-17,25691
2003-03-18,25827
2003-03-19,25990
2003-03-20,26105
2003-03-21,26082
2003-03-24,26070
2003-03-25,26382
2003-03-26,26434
2003-03-27,26544
2003-03-28,26687
2003-04-01,26328
2003-04-02,26548
2003-04-03,26619
2003-04-04,26666
2003-04-07,26650
2003-04-08,26814
2003-04-09,27026
2003-04-10,27300
2003-04-11,27692
2003-04-14,27886
2003-04-15,28223
2003-04-16,28725
2003-04-21,28413
2003-04-22,28945
2003-04-23,29144
2003-04-24,29367
2003-04-25,29344
2003-04-28,29179
2003-04-29,29395
2003-04-30,29774
2003-05-02,29481
2003-05-05,29433
2003-05-06,29698
2003-05-07,29682
2003-05-08,29944
2003-05-09,30199
2003-05-12,30134
2003-05-13,30370
2003-05-14,30365
2003-05-15,30351
2003-05-16,30427
2003-05-19,30495
2003-05-20,30769
2003-05-21,30346
2003-05-22,30833
2003-05-23,30952
2003-05-26,30829
2003-05-27,31043
2003-05-28,31062
2003-05-29,31127
2003-05-30,31344
2003-06-02,31155
2003-06-03,31337
2003-06-04,31474
2003-06-05,31506
2003-06-06,31538
2003-06-09,31429
2003-06-10,31664
2003-06-11,31692
2003-06-12,31778
2003-06-13,31913
2003-06-17,31765
2003-06-18,32120
2003-06-19,32417
2003-06-20,32475
2003-06-23,32463
2003-06-24,32644
2003-06-25,32606
2003-06-26,32637
2003-06-27,32580
2003-06-30,32645
2003-07-01,32473
2003-07-02,32614
2003-07-03,32641
2003-07-04,32524
2003-07-07,32314
2003-07-08,32570
2003-07-10,32590
2003-07-11,32642
2003-07-14,32598
2003-07-15,32888
2003-07-16,33249
2003-07-17,33270
2003-07-18,33431
2003-07-21,33357
2003-07-22,33426
2003-07-23,33515
2003-07-24,33496
2003-07-25,33492
2003-07-28,33287
2003-07-29,33382
2003-07-30,33176
2003-07-31,33324
2003-08-01,33071
2003-08-04,32893
2003-08-05,32792
2003-08-06,32759
2003-08-07,32830
2003-08-08,32995
2003-08-11,32767
2003-08-12,33028
2003-08-13,33370
2003-08-14,33264
2003-08-15,33260
2003-08-19,32940
2003-08-20,33023
2003-08-21,33664
2003-08-22,33940
2003-08-25,34013
2003-08-26,34012
2003-08-27,34066
2003-08-28,34098
2003-08-29,34152
2003-09-01,33753
2003-09-02,33975
2003-09-03,34072
2003-09-04,34010
2003-09-05,34135
2003-09-08,34019
2003-09-09,34162
2003-09-10,34035
2003-09-11,34171
2003-09-12,34282
2003-09-15,34207
2003-09-16,34470
2003-09-17,34649
2003-09-18,34604
2003-09-19,34867
2003-09-22,35006
2003-09-23,35071
2003-09-24,35070
2003-09-25,35132
2003-09-26,35217
2003-09-29,35229
2003-09-30,35408
2003-10-01,35304
2003-10-02,35085
2003-10-03,35242
2003-10-06,35202
2003-10-07,35405
2003-10-08,35452
2003-10-09,35443
2003-10-10,35558
2003-10-14,35247
2003-10-15,35403
2003-10-16,35528
2003-10-17,35762
2003-10-20,35610
2003-10-21,35790
2003-10-22,35743
2003-10-23,35712
2003-10-24,35713
2003-10-27,35503
2003-10-28,35546
2003-10-29,35541
2003-10-30,35591
2003-10-31,35759
2003-11-03,35197
2003-11-04,35275
2003-11-05,35266
2003-11-07,35145
2003-11-10,34826
2003-11-11,34990
2003-11-12,35108
2003-11-13,35048
2003-11-14,35069
2003-11-17,35011
2003-11-18,35099
2003-11-19,35126
2003-11-20,35260
2003-11-21,35174
2003-11-24,35016
2003-11-25,35103
2003-11-26,35130
2003-11-27,34994
2003-11-28,34995
2003-12-01,34970
2003-12-02,35002
2003-12-03,34844
2003-12-04,34872
2003-12-05,34781
2003-12-09,34591
2003-12-10,34466
2003-12-11,34510
2003-12-12,34591
2003-12-15,34318
2003-12-16,34421
2003-12-17,34314
2003-12-18,34229
2003-12-19,34074
2003-12-22,33806
2003-12-23,33991
2003-12-24,33982
2003-12-26,33751
2003-12-29,33373
2003-12-30,33832
2003-12-31,33974
2004-01-02,34198
2004-01-05,34248
2004-01-06,34507
2004-01-07,34717
2004-01-08,34689
2004-01-09,34791
2004-01-12,34947
2004-01-13,35076
2004-01-14,34994
2004-01-15,35118
2004-01-16,35344
2004-01-19,35180
2004-01-20,35299
2004-01-21,35198
2004-01-22,35262
2004-01-23,35325
2004-01-26,35175
2004-01-27,35129
2004-01-28,34979
2004-01-29,35041
2004-01-30,34961
2004-02-02,34721
2004-02-03,34807
2004-02-04,34798
2004-02-05,34788
2004-02-06,34921
2004-02-09,34745
2004-02-10,34782
2004-02-11,34793
2004-02-12,34701
2004-02-13,34703
2004-02-16,34550
2004-02-17,34683
2004-02-18,34659
2004-02-19,34753
2004-02-20,34751
2004-02-23,34585
2004-02-24,34690
2004-02-25,34640
2004-02-26,34643
2004-02-27,34440
2004-03-01,34045
2004-03-02,34147
2004-03-03,33996
2004-03-04,34080
2004-03-05,34066
2004-03-08,33853
2004-03-09,33747
2004-03-10,33683
2004-03-11,33672
2004-03-12,33369
2004-03-15,33207
2004-03-16,33310
2004-03-17,33309
2004-03-18,33377
2004-03-19,33495
2004-03-22,33147
2004-03-23,33394
2004-03-24,33381
2004-03-25,33374
2004-03-26,33352
2004-03-29,33276
2004-03-30,33295
2004-03-31,33391
2004-04-01,33410
2004-04-02,33520
2004-04-06,33297
2004-04-07,33388
2004-04-12,33006
2004-04-13,33071
2004-04-14,33213
2004-04-15,33407
2004-04-16,33458
2004-04-19,33284
2004-04-20,33557
2004-04-21,33600
2004-04-22,33613
2004-04-23,33665
2004-04-26,33716
2004-04-27,33759
2004-04-28,33586
2004-04-29,33641
2004-04-30,33642
2004-05-03,33322
2004-05-04,33432
2004-05-05,33557
2004-05-06,33468
2004-05-07,33456
2004-05-10,33609
2004-05-11,33687
2004-05-12,33463
2004-05-13,33492
2004-05-14,33328
2004-05-17,33240
2004-05-18,33405
2004-05-19,33444
2004-05-20,33485
2004-05-21,33474
2004-05-24,33208
2004-05-26,33066
2004-05-27,33284
2004-05-28,33377
2004-05-31,33149
2004-06-01,33255
2004-06-02,33229
2004-06-03,33398
2004-06-04,33580
2004-06-07,33493
2004-06-08,33736
2004-06-09,33775
2004-06-10,33864
2004-06-11,33945
2004-06-14,33628
2004-06-15,33958
2004-06-16,33914
2004-06-17,34022
2004-06-18,34048
2004-06-22,33654
2004-06-23,33635
2004-06-24,33820
2004-06-25,33838
2004-06-28,33609
2004-06-29,33734
2004-06-30,33424
2004-07-01,33438
2004-07-02,33426
2004-07-05,33146
2004-07-06,33255
2004-07-07,33155
2004-07-08,33418
2004-07-12,33186
2004-07-13,33309
2004-07-14,33265
2004-07-15,33388
2004-07-16,33351
2004-07-19,33289
2004-07-20,33501
2004-07-21,33695
2004-07-22,33630
2004-07-23,33629
2004-07-26,33603
2004-07-27,33746
2004-07-28,33636
2004-07-29,33721
2004-07-30,33635
2004-08-02,33374
2004-08-03,33494
2004-08-04,33438
2004-08-05,33482
2004-08-06,33483
2004-08-09,33542
2004-08-10,33749
2004-08-11,33756
2004-08-12,33866
2004-08-13,34002
2004-08-17,33806
2004-08-18,33836
2004-08-19,33951
2004-08-20,34142
2004-08-23,33994
2004-08-24,34171
2004-08-25,34280
2004-08-26,34307
2004-08-27,34275
2004-08-30,34132
2004-08-31,34060
2004-09-01,33880
2004-09-02,33982
2004-09-03,34089
2004-09-06,33874
2004-09-07,34069
2004-09-08,34129
2004-09-09,34327
2004-09-10,34364
2004-09-13,34259
2004-09-14,34391
2004-09-15,34607
2004-09-16,34518
2004-09-17,36140
2004-09-20,36093
2004-09-21,36106
2004-09-22,36256
2004-09-23,36256
2004-09-24,36284
2004-09-27,36007
2004-09-28,36130
2004-09-29,36032
2004-09-30,35862
2004-10-01,35950
2004-10-04,35787
2004-10-05,36043
2004-10-06,35993
2004-10-07,36100
2004-10-08,36182
2004-10-12,36054
2004-10-13,36055
2004-10-14,36159
2004-10-15,36343
2004-10-18,35998
2004-10-19,36246
2004-10-20,36340
2004-10-21,36383
2004-10-22,36479
2004-10-25,36361
2004-10-26,36488
2004-10-27,36457
2004-10-28,36503
2004-10-29,36672
2004-11-01,36496
2004-11-02,36541
2004-11-03,36562
2004-11-04,36600
2004-11-05,36859
2004-11-08,36750
2004-11-09,36913
2004-11-10,37135
2004-11-11,37066
2004-11-12,37296
2004-11-15,37184
2004-11-16,37292
2004-11-17,37258
2004-11-18,37352
2004-11-19,37402
2004-11-22,37208
2004-11-23,37264
2004-11-24,37216
2004-11-25,37228
2004-11-26,37274
2004-11-29,36955
2004-11-30,36931
2004-12-01,36798
2004-12-02,36943
2004-12-03,36982
2004-12-06,36844
2004-12-07,36140
2004-12-09,35997
2004-12-10,36174
2004-12-13,36035
2004-12-14,36121
2004-12-15,36129
2004-12-16,36129
2004-12-17,35514
2004-12-20,35277
2004-12-21,35379
2004-12-22,35558
2004-12-23,35852
2004-12-24,35796
2004-12-27,35640
2004-12-28,35791
2004-12-29,35802
2004-12-30,36048
2004-12-31,36044
2005-01-03,36087
2005-01-04,36220
2005-01-05,36387
2005-01-06,36577
2005-01-07,36865
2005-01-10,36757
2005-01-11,37041
2005-01-12,37123
2005-01-13,37158
2005-01-14,37198
2005-01-17,37091
2005-01-18,37209
2005-01-19,37318
2005-01-20,37506
2005-01-21,37479
2005-01-24,37831
2005-01-25,38086
2005-01-26,38099
2005-01-27,37629
2005-01-28,37920
2005-01-31,37643
2005-02-01,37805
2005-02-02,37861
2005-02-03,37983
2005-02-04,38080
2005-02-07,38019
2005-02-08,38264
2005-02-09,38361
2005-02-10,38527
2005-02-11,38675
2005-02-14,38170
2005-02-15,38264
2005-02-16,38402
2005-02-17,38548
2005-02-18,38771
2005-02-21,38538
2005-02-22,38692
2005-02-23,38802
2005-02-24,38886
2005-02-25,38851
2005-02-28,38284
2005-03-01,38434
2005-03-02,38599
2005-03-03,38758
2005-03-04,38779
2005-03-07,38615
2005-03-08,38865
2005-03-09,38975
2005-03-10,39048
2005-03-11,39186
2005-03-14,38831
2005-03-15,38918
2005-03-16,38808
2005-03-17,39044
2005-03-18,39269
2005-03-21,39029
2005-03-22,39479
2005-03-23,39610
2005-03-28,39134
2005-03-29,39189
2005-03-30,39168
2005-03-31,39244
2005-04-01,39336
2005-04-04,39656
2005-04-05,39799
2005-04-06,39805
2005-04-07,39931
2005-04-08,40004
2005-04-11,39856
2005-04-12,39792
2005-04-13,39981
2005-04-14,40198
2005-04-15,40127
2005-04-18,40081
2005-04-19,40302
2005-04-20,39996
2005-04-21,40144
2005-04-22,40308
2005-04-25,40488
2005-04-26,40610
2005-04-27,40633
2005-04-28,40616
2005-04-29,40476
2005-05-02,40088
2005-05-03,40076
2005-05-04,39897
2005-05-05,40006
2005-05-06,40015
2005-05-09,40001
2005-05-10,40247
2005-05-11,40326
2005-05-12,40548
2005-05-13,40794
2005-05-16,40708
2005-05-17,41010
2005-05-18,41188
2005-05-19,41081
2005-05-20,41328
2005-05-23,41258
2005-05-24,41514
2005-05-26,41038
2005-05-27,41480
2005-05-30,41368
2005-05-31,41500
2005-06-01,41358
2005-06-02,41572
2005-06-03,41693
2005-06-06,41760
2005-06-07,42032
2005-06-08,42131
2005-06-09,42349
2005-06-10,42430
2005-06-13,42151
2005-06-14,42232
2005-06-15,41863
2005-06-16,41912
2005-06-17,42112
2005-06-21,41834
2005-06-22,41777
2005-06-23,41945
2005-06-24,42207
2005-06-27,41933
2005-06-28,42034
2005-06-29,41987
2005-06-30,41704
2005-07-01,41809
2005-07-04,41654
2005-07-05,41794
2005-07-06,41753
2005-07-07,41866
2005-07-08,42018
2005-07-11,41714
2005-07-12,41787
2005-07-13,41790
2005-07-14,41785
2005-07-15,41882
2005-07-18,41679
2005-07-19,41676
2005-07-20,42125
2005-07-21,42090
2005-07-22,42058
2005-07-25,41520
2005-07-26,41501
2005-07-27,41487
2005-07-28,41535
2005-07-29,41419
2005-08-01,41027
2005-08-02,41298
2005-08-03,41507
2005-08-04,41661
2005-08-05,41786
2005-08-08,41704
2005-08-09,41742
2005-08-10,41840
2005-08-11,41957
2005-08-12,42054
2005-08-16,42681
2005-08-17,42773
2005-08-18,42879
2005-08-19,42855
2005-08-22,42675
2005-08-23,42663
2005-08-24,42970
2005-08-25,43039
2005-08-26,43184
2005-08-29,43193
2005-08-30,43335
2005-08-31,43185
2005-09-01,43095
2005-09-02,43175
2005-09-05,42822
2005-09-06,43041
2005-09-07,43141
2005-09-08,43281
2005-09-09,43492
2005-09-12,43328
2005-09-13,43544
2005-09-14,43775
2005-09-15,43740
2005-09-16,43805
2005-09-19,43519
2005-09-20,43731
2005-09-21,43544
2005-09-22,43891
2005-09-23,43681
2005-09-26,43388
2005-09-27,43502
2005-09-28,43395
2005-09-29,43387
2005-09-30,43234
2005-10-03,42308
2005-10-04,42619
2005-10-05,42900
2005-10-06,43000
2005-10-07,42976
2005-10-11,42355
2005-10-12,42266
2005-10-13,42264
2005-10-14,42567
2005-10-17,42322
2005-10-18,42526
2005-10-19,42640
2005-10-20,42771
2005-10-21,42841
2005-10-24,42525
2005-10-25,42679
2005-10-26,42684
2005-10-27,42628
2005-10-28,42845
2005-10-31,42434
2005-11-01,42562
2005-11-02,42616
2005-11-03,42695
2005-11-04,42816
2005-11-07,42618
2005-11-08,42818
2005-11-09,42925
2005-11-10,42697
2005-11-11,42758
2005-11-14,42573
2005-11-15,42774
2005-11-16,42767
2005-11-17,42994
2005-11-18,43167
2005-11-21,42810
2005-11-22,43019
2005-11-23,43057
2005-11-24,43040
2005-11-25,43046
2005-11-28,42593
2005-11-29,42603
2005-11-30,42175
2005-12-01,42087
2005-12-02,42124
2005-12-05,41777
2005-12-06,41814
2005-12-07,41826
2005-12-09,41854
2005-12-12,41595
2005-12-13,41622
2005-12-14,41741
2005-12-15,41758
2005-12-16,41940
2005-12-19,41480
2005-12-20,41559
2005-12-21,41393
2005-12-22,41565
2005-12-23,41431
2005-12-26,41368
2005-12-27,41537
2005-12-28,41583
2005-12-29,41616
2005-12-30,41572
2006-01-02,41455
2006-01-03,41749
2006-01-04,41711
2006-01-05,41764
2006-01-06,41848
2006-01-09,41816
2006-01-10,42022
2006-01-11,42086
2006-01-12,42298
2006-01-13,42369
2006-01-16,42174
2006-01-17,42418
2006-01-18,42564
2006-01-19,42868
2006-01-20,42924
2006-01-23,43140
2006-01-24,43360
2006-01-25,43417
2006-01-26,43518
2006-01-27,43467
2006-01-30,43140
2006-01-31,42999
2006-02-01,42920
2006-02-02,43081
2006-02-03,43149
2006-02-06,42892
2006-02-07,43130
2006-02-08,43104
2006-02-09,43461
2006-02-10,43468
2006-02-13,43245
2006-02-14,43388
2006-02-15,43409
2006-02-16,43587
2006-02-17,43693
2006-02-20,43461
2006-02-21,43708
2006-02-22,43631
2006-02-23,43714
2006-02-24,43787
2006-02-27,43619
2006-02-28,43599
2006-03-01,43387
2006-03-02,43454
2006-03-03,43535
2006-03-06,43296
2006-03-07,43518
2006-03-08,43530
2006-03-09,43619
2006-03-10,43442
2006-03-13,43004
2006-03-14,43112
2006-03-15,43015
2006-03-16,43203
2006-03-17,43350
2006-03-20,43163
2006-03-21,43463
2006-03-22,44060
2006-03-23,44197
2006-03-27,43861
2006-03-28,45706
2006-03-29,45717
2006-03-30,45842
2006-03-31,45779
2006-04-03,45312
2006-04-04,45401
2006-04-05,45585
2006-04-06,45809
2006-04-07,45751
2006-04-10,45332
2006-04-11,45727
2006-04-12,46380
2006-04-17,45923
2006-04-18,46254
2006-04-19,46442
2006-04-20,46456
2006-04-21,46697
2006-04-24,46634
2006-04-25,46911
2006-04-26,46753
2006-04-27,46938
2006-04-28,46924
2006-05-02,46496
2006-05-03,46667
2006-05-04,46758
2006-05-05,46769
2006-05-08,46319
2006-05-09,46794
2006-05-10,46802
2006-05-11,47038
2006-05-12,47124
2006-05-15,47347
2006-05-16,47612
2006-05-17,47572
2006-05-18,47673
2006-05-19,48084
2006-05-22,47763
2006-05-23,48051
2006-05-24,48040
2006-05-26,48033
2006-05-29,47861
2006-05-30,47943
2006-05-31,48135
2006-06-01,47879
2006-06-02,50041
2006-06-05,49952
2006-06-06,50259
2006-06-07,50422
2006-06-08,50447
2006-06-09,50454
2006-06-12,50198
2006-06-13,50916
2006-06-14,51015
2006-06-15,50988
2006-06-16,50981
2006-06-20,50576
2006-06-21,50766
2006-06-22,50813
2006-06-23,51128
2006-06-26,51101
2006-06-27,51299
2006-06-28,51199
2006-06-29,51040
2006-06-30,50746
2006-07-03,50494
2006-07-04,51087
2006-07-05,50925
2006-07-06,50981
2006-07-07,51404
2006-07-10,50543
2006-07-11,51190
2006-07-12,51177
2006-07-13,52042
2006-07-14,52204
2006-07-17,51740
2006-07-18,52313
2006-07-19,52767
2006-07-20,53081
2006-07-21,53126
2006-07-24,52960
2006-07-25,53501
2006-07-26,53572
2006-07-27,53928
2006-07-28,54029
2006-07-31,53664
2006-08-01,54308
2006-08-02,54318
2006-08-03,54797
2006-08-04,54930
2006-08-07,54741
2006-08-08,55060
2006-08-09,55234
2006-08-10,55315
2006-08-11,55575
2006-08-14,55431
2006-08-15,55697
2006-08-16,56656
2006-08-17,56797
2006-08-18,57174
2006-08-22,56274
2006-08-23,57356
2006-08-24,57533
2006-08-25,57738
2006-08-28,57486
2006-08-29,57796
2006-08-30,57871
2006-08-31,56358
2006-09-01,58091
2006-09-04,57703
2006-09-05,58043
2006-09-06,58107
2006-09-07,58299
2006-09-08,58523
2006-09-11,58107
2006-09-12,58158
2006-09-13,57287
2006-09-14,58732
2006-09-15,58318
2006-09-18,58423
2006-09-19,58626
2006-09-20,58851
2006-09-21,58829
2006-09-22,58899
2006-09-25,59122
2006-09-26,59371
2006-09-27,59060
2006-09-28,59228
2006-09-29,59184
2006-10-02,58557
2006-10-03,58808
2006-10-04,58831
2006-10-05,59103
2006-10-06,59322
2006-10-09,59005
2006-10-10,59403
2006-10-11,59458
2006-10-12,59696
2006-10-13,59945
2006-10-17,59406
2006-10-18,59630
2006-10-19,59716
2006-10-20,60138
2006-10-23,59652
2006-10-24,60029
2006-10-25,60031
2006-10-26,60247
2006-10-27,60183
2006-10-30,60573
2006-10-31,60807
2006-11-01,60785
2006-11-02,60416
2006-11-03,60389
2006-11-07,59924
2006-11-08,59998
2006-11-09,60133
2006-11-10,60367
2006-11-13,60183
2006-11-14,60557
2006-11-15,60784
2006-11-16,60631
2006-11-17,60791
2006-11-20,60853
2006-11-21,61514
2006-11-22,61612
2006-11-23,61719
2006-11-24,61944
2006-11-27,61745
2006-11-28,62211
2006-11-29,61498
2006-11-30,61442
2006-12-01,61452
2006-12-04,58504
2006-12-05,61304
2006-12-06,61604
2006-12-07,61742
2006-12-11,60876
2006-12-12,60944
2006-12-13,60618
2006-12-14,60803
2006-12-15,61269
2006-12-18,60848
2006-12-19,61113
2006-12-20,60905
2006-12-21,61197
2006-12-22,60710
2006-12-26,60374
2006-12-27,60863
2006-12-28,58418
2006-12-29,62001
2007-01-02,61793
2007-01-03,62120
2007-01-04,61608
2007-01-05,62112
2007-01-08,61979
2007-01-09,62427
2007-01-10,62580
2007-01-11,62926
2007-01-12,63192
2007-01-15,62817
2007-01-16,63187
2007-01-17,63168
2007-01-18,63369
2007-01-19,63627
2007-01-22,64262
2007-01-23,64559
2007-01-24,64983
2007-01-25,65842
2007-01-26,65719
2007-01-29,65075
2007-01-30,65445
2007-01-31,65788
2007-02-01,65734
2007-02-02,65871
2007-02-05,65370
2007-02-06,65744
2007-02-07,65953
2007-02-08,66032
2007-02-09,66157
2007-02-12,65899
2007-02-13,66262
2007-02-14,66369
2007-02-15,66365
2007-02-16,66490
2007-02-19,66187
2007-02-20,66471
2007-02-21,66443
2007-02-22,66384
2007-02-23,67178
2007-02-26,66519
2007-02-27,66756
2007-02-28,66603
2007-03-01,67283
2007-03-02,67676
2007-03-05,67347
2007-03-06,67757
2007-03-07,67899
2007-03-08,68034
2007-03-09,68293
2007-03-12,67874
2007-03-13,68266
2007-03-14,68230
2007-03-15,68270
2007-03-16,68571
2007-03-19,68424
2007-03-20,68754
2007-03-21,68821
2007-03-22,69010
2007-03-23,69329
2007-03-26,69100
2007-03-27,69255
2007-03-28,69223
2007-03-29,69213
2007-03-30,69695
2007-04-03,68597
2007-04-04,68446
2007-04-09,67753
2007-04-10,68372
2007-04-11,68368
2007-04-12,68711
2007-04-13,68916
2007-04-16,68545
2007-04-17,69299
2007-04-18,69745
2007-04-19,69879
2007-04-20,70026
2007-04-23,69411
2007-04-24,69813
2007-04-25,69633
2007-04-26,69996
2007-04-27,69897
2007-04-30,68883
2007-05-02,69640
2007-05-03,69677
2007-05-04,69707
2007-05-07,69808
2007-05-08,70043
2007-05-09,69800
2007-05-10,69768
2007-05-11,69688
2007-05-14,68848
2007-05-15,69224
2007-05-16,69464
2007-05-17,69949
2007-05-18,70247
2007-05-21,70046
2007-05-22,70959
2007-05-23,70813
2007-05-24,71309
2007-05-28,70311
2007-05-29,70821
2007-05-30,70783
2007-05-31,71288
2007-06-01,71745
2007-06-04,71050
2007-06-05,71535
2007-06-06,71833
2007-06-07,72052
2007-06-08,72139
2007-06-11,71868
2007-06-12,72180
2007-06-13,72016
2007-06-14,71693
2007-06-15,71916
2007-06-19,71122
2007-06-20,71101
2007-06-21,71413
2007-06-22,71393
2007-06-25,70950
2007-06-26,71200
2007-06-27,70998
2007-06-28,70913
2007-06-29,71117
2007-07-02,69547
2007-07-03,70183
2007-07-04,70202
2007-07-05,70435
2007-07-06,70507
2007-07-10,70045
2007-07-11,70333
2007-07-12,70678
2007-07-13,70890
2007-07-16,70455
2007-07-17,71043
2007-07-18,71941
2007-07-19,72270
2007-07-20,72207
2007-07-23,71972
2007-07-24,72475
2007-07-25,72341
2007-07-26,72998
2007-07-27,73300
2007-07-30,73134
2007-07-31,73674
2007-08-01,72985
2007-08-02,72870
2007-08-03,73322
2007-08-06,72942
2007-08-07,73268
2007-08-08,73562
2007-08-09,73454
2007-08-10,73906
2007-08-13,73830
2007-08-14,74041
2007-08-15,74149
2007-08-16,74239
2007-08-17,75010
2007-08-21,74157
2007-08-22,74252
2007-08-23,74547
2007-08-24,74748
2007-08-27,74628
2007-08-28,75865
2007-08-29,76941
2007-08-30,78773
2007-08-31,79129
2007-09-03,77449
2007-09-04,77712
2007-09-05,77737
2007-09-06,77888
2007-09-07,78436
2007-09-10,77595
2007-09-11,78014
2007-09-12,77982
2007-09-13,78311
2007-09-14,78827
2007-09-17,78531
2007-09-18,78939
2007-09-19,79350
2007-09-20,79502
2007-09-21,79767
2007-09-24,79483
2007-09-25,79763
2007-09-26,79663
2007-09-27,79400
2007-09-28,79702
2007-10-01,77918
2007-10-02,78466
2007-10-03,78555
2007-10-04,78790
2007-10-05,79266
2007-10-08,79011
2007-10-09,79220
2007-10-10,79076
2007-10-11,79105
2007-10-12,79236
2007-10-16,78430
2007-10-17,78434
2007-10-18,78992
2007-10-19,79222
2007-10-22,78547
2007-10-23,78800
2007-10-24,78684
2007-10-25,78797
2007-10-26,78871
2007-10-29,78459
2007-10-30,78626
2007-10-31,78689
2007-11-01,77652
2007-11-02,77875
2007-11-05,77539
2007-11-07,77496
2007-11-08,77918
2007-11-09,78419
2007-11-12,77694
2007-11-13,78518
2007-11-14,79201
2007-11-15,79429
2007-11-16,79464
2007-11-19,79299
2007-11-20,79283
2007-11-21,79706
2007-11-22,80026
2007-11-23,80230
2007-11-26,80048
2007-11-27,79838
2007-11-28,79719
2007-11-29,79543
2007-11-30,81349
2007-12-03,79722
2007-12-04,79308
2007-12-05,79184
2007-12-06,79901
2007-12-07,80089
2007-12-10,77731
2007-12-11,78433
2007-12-12,78421
2007-12-13,78790
2007-12-14,79221
2007-12-17,78127
2007-12-18,78398
2007-12-19,78229
2007-12-20,77938
2007-12-21,78273
2007-12-26,76755
2007-12-27,76331
2007-12-28,75912
2008-01-02,69254
2008-01-03,70291
2008-01-04,77947
2008-01-07,77749
2008-01-08,78939
2008-01-09,79415
2008-01-10,79641
2008-01-11,79937
2008-01-14,80100
2008-01-15,80430
2008-01-16,80621
2008-01-17,80897
2008-01-18,83982
2008-01-21,83533
2008-01-22,84058
2008-01-23,84349
2008-01-24,85294
2008-01-25,85561
2008-01-28,84799
2008-01-29,85692
2008-01-30,85854
2008-01-31,86143
2008-02-01,86276
2008-02-04,84527
2008-02-05,84667
2008-02-06,84745
2008-02-07,84671
2008-02-08,85428
2008-02-11,84933
2008-02-12,85548
2008-02-13,86029
2008-02-14,86870
2008-02-15,87553
2008-02-18,87305
2008-02-19,88356
2008-02-20,88563
2008-02-21,89160
2008-02-22,89804
2008-02-25,89196
2008-02-26,89754
2008-02-27,90667
2008-02-28,90455
2008-02-29,91080
2008-03-03,89877
2008-03-04,90441
2008-03-05,89795
2008-03-06,90212
2008-03-07,90546
2008-03-10,90473
2008-03-11,91054
2008-03-12,90990
2008-03-13,91133
2008-03-14,91702
2008-03-17,91251
2008-03-18,91804
2008-03-19,92594
2008-03-25,91683
2008-03-26,91678
2008-03-27,91834
2008-03-28,91690
2008-03-31,91142
2008-04-01,90453
2008-04-03,89903
2008-04-04,90649
2008-04-07,90344
2008-04-08,90869
2008-04-09,91172
2008-04-10,91371
2008-04-11,91507
2008-04-14,91225
2008-04-15,91627
2008-04-16,91732
2008-04-17,91984
2008-04-18,92216
2008-04-21,92323
2008-04-22,92812
2008-04-23,92465
2008-04-24,92114
2008-04-25,91902
2008-04-28,91035
2008-04-29,91014
2008-04-30,90881
2008-05-02,90164
2008-05-05,89039
2008-05-06,89663
2008-05-07,90436
2008-05-08,90825
2008-05-09,90639
2008-05-12,89078
2008-05-13,89522
2008-05-14,89414
2008-05-15,89598
2008-05-16,89652
2008-05-19,88185
2008-05-20,89391
2008-05-21,89837
2008-05-22,89921
2008-05-23,90561
2008-05-26,89567
2008-05-27,89934
2008-05-28,89879
2008-05-29,89955
2008-05-30,90787
2008-06-02,89940
2008-06-03,90769
2008-06-04,92693
2008-06-05,92276
2008-06-06,92745
2008-06-09,90552
2008-06-10,90602
2008-06-11,90645
2008-06-12,90131
2008-06-13,90710
2008-06-17,89536
2008-06-18,89238
2008-06-19,88550
2008-06-20,88946
2008-06-23,88984
2008-06-24,89460
2008-06-25,89417
2008-06-26,89228
2008-06-27,88925
2008-06-30,88028
2008-07-01,88061
2008-07-02,88171
2008-07-03,88383
2008-07-04,88442
2008-07-07,88237
2008-07-08,88553
2008-07-10,88192
2008-07-11,88831
2008-07-14,88754
2008-07-15,89098
2008-07-16,89869
2008-07-17,90268
2008-07-18,93591
2008-07-21,94098
2008-07-22,95416
2008-07-23,95801
2008-07-24,95992
2008-07-25,96424
2008-07-28,96301
2008-07-29,96927
2008-07-30,96864
2008-07-31,96957
2008-08-01,96680
2008-08-04,96095
2008-08-05,96716
2008-08-06,96657
2008-08-07,98985
2008-08-08,99450
2008-08-11,98392
2008-08-12,99057
2008-08-13,99067
2008-08-14,99360
2008-08-15,99857
2008-08-19,98751
2008-08-20,99170
2008-08-21,99218
2008-08-22,99701
2008-08-25,99268
2008-08-26,100034
2008-08-27,99920
2008-08-28,99839
2008-08-29,98435
2008-09-01,98071
2008-09-02,98484
2008-09-03,95932
2008-09-04,98366
2008-09-05,98454
2008-09-08,96663
2008-09-09,96942
2008-09-10,96766
2008-09-11,97221
2008-09-12,96899
2008-09-15,96257
2008-09-16,96995
2008-09-17,97214
2008-09-18,97464
2008-09-19,97508
2008-09-22,97333
2008-09-23,97754
2008-09-24,98285
2008-09-25,98184
2008-09-26,97928
2008-09-29,97412
2008-09-30,96864
2008-10-01,96732
2008-10-02,97149
2008-10-03,97474
2008-10-06,96952
2008-10-07,97179
2008-10-08,97179
2008-10-09,97037
2008-10-10,96672
2008-10-14,95535
2008-10-15,95925
2008-10-16,98748
2008-10-17,99761
2008-10-20,99523
2008-10-21,99704
2008-10-22,99842
2008-10-23,99714
2008-10-24,99441
2008-10-27,98490
2008-10-28,98465
2008-10-29,98377
2008-10-30,98483
2008-10-31,98101
2008-11-03,97360
2008-11-04,97657
2008-11-05,97232
2008-11-07,96867
2008-11-10,96544
2008-11-11,97132
2008-11-12,97572
2008-11-13,97542
2008-11-14,97834
2008-11-17,94694
2008-11-18,95353
2008-11-19,95114
2008-11-20,95052
2008-11-21,98397
2008-11-24,97523
2008-11-25,97787
2008-11-26,97544
2008-11-27,97546
2008-11-28,97366
2008-12-01,96184
2008-12-02,95499
2008-12-03,95080
2008-12-04,85616
2008-12-05,85353
2008-12-09,84702
2008-12-10,83533
2008-12-11,83395
2008-12-12,83566
2008-12-15,81302
2008-12-16,81484
2008-12-17,81158
2008-12-18,80756
2008-12-19,80321
2008-12-22,76205
2008-12-23,77525
2008-12-24,78086
2008-12-26,77944
2008-12-29,78263
2008-12-30,78699
2008-12-31,78828
2009-01-02,78302
2009-01-05,78000
2009-01-06,78221
2009-01-07,78991
2009-01-08,79705
2009-01-09,80212
2009-01-12,80082
2009-01-13,81021
2009-01-14,82531
2009-01-15,83595
2009-01-16,84297
2009-01-19,83991
2009-01-20,84299
2009-01-21,84407
2009-01-22,84432
2009-01-23,84725
2009-01-26,84535
2009-01-27,84913
2009-01-28,84786
2009-01-29,84994
2009-01-30,85837
2009-02-02,85386
2009-02-03,86150
2009-02-04,86017
2009-02-05,86349
2009-02-06,87127
2009-02-09,86300
2009-02-10,86441
2009-02-11,86661
2009-02-12,87084
2009-02-13,87308
2009-02-16,87269
2009-02-17,87846
2009-02-18,88087
2009-02-19,88560
2009-02-20,88720
2009-02-23,88183
2009-02-24,88514
2009-02-25,88593
2009-02-26,88645
2009-02-27,89020
2009-03-02,88262
2009-03-03,88651
2009-03-04,88366
2009-03-05,88551
2009-03-06,88686
2009-03-09,88014
2009-03-10,88529
2009-03-11,88421
2009-03-12,88875
2009-03-13,88960
2009-03-16,88561
2009-03-17,89077
2009-03-18,89028
2009-03-19,89067
2009-03-20,89055
2009-03-23,88372
2009-03-25,88227
2009-03-26,88218
2009-03-27,88303
2009-03-30,87358
2009-03-31,87831
2009-04-01,87673
2009-04-03,87321
2009-04-06,86529
2009-04-07,86960
2009-04-08,87104
2009-04-13,85487
2009-04-14,86240
2009-04-15,86173
2009-04-16,86410
2009-04-17,86631
2009-04-20,86217
2009-04-21,86577
2009-04-22,86801
2009-04-23,87213
2009-04-24,86644
2009-04-27,86479
2009-04-28,86911
2009-04-29,87222
2009-04-30,88362
2009-05-04,87427
2009-05-05,87821
2009-05-06,87862
2009-05-07,88278
2009-05-08,88327
2009-05-11,87979
2009-05-12,88162
2009-05-13,87671
2009-05-14,87086
2009-05-15,87465
2009-05-18,87467
2009-05-19,88030
2009-05-20,88266
2009-05-21,88571
2009-05-22,88252
2009-05-26,87872
2009-05-27,87780
2009-05-28,87710
2009-05-29,87881
2009-06-01,86604
2009-06-02,86864
2009-06-03,86542
2009-06-04,86718
2009-06-05,86679
2009-06-08,85746
2009-06-09,86256
2009-06-10,86256
2009-06-11,86303
2009-06-12,86174
2009-06-16,84831
2009-06-17,84311
2009-06-18,84369
2009-06-19,84158
2009-06-22,83625
2009-06-23,83930
2009-06-24,84239
2009-06-25,83722
2009-06-26,83597
2009-06-29,82779
2009-06-30,83160
2009-07-01,83246
2009-07-02,83426
2009-07-03,83517
2009-07-06,82752
2009-07-07,83049
2009-07-08,83678
2009-07-13,82127
2009-07-14,82763
2009-07-15,83289
2009-07-16,83660
2009-07-17,84802
2009-07-20,84925
2009-07-21,85308
2009-07-22,85361
2009-07-23,85528
2009-07-24,86672
2009-07-27,86335
2009-07-28,86579
2009-07-29,86569
2009-07-30,86609
2009-07-31,87313
2009-08-03,87106
2009-08-04,87465
2009-08-05,87543
2009-08-06,87655
2009-08-07,87677
2009-08-10,87812
2009-08-11,88089
2009-08-12,87884
2009-08-13,88067
2009-08-14,88329
2009-08-18,87899
2009-08-19,88393
2009-08-20,88758
2009-08-21,89579
2009-08-24,89280
2009-08-25,89642
2009-08-26,89432
2009-08-27,89648
2009-08-28,89771
2009-08-31,89319
2009-09-01,89636
2009-09-02,89562
2009-09-03,89784
2009-09-04,89998
2009-09-07,89508
2009-09-08,89868
2009-09-09,90050
2009-09-10,90086
2009-09-11,89951
2009-09-14,89709
2009-09-15,90522
2009-09-16,90925
2009-09-17,90889
2009-09-18,91489
2009-09-21,90993
2009-09-22,91294
2009-09-23,91318
2009-09-24,91340
2009-09-25,91524
2009-09-28,91063
2009-09-29,91351
2009-09-30,91267
2009-10-01,91536
2009-10-02,91655
2009-10-05,91136
2009-10-06,91607
2009-10-07,91671
2009-10-08,91927
2009-10-09,92171
2009-10-13,91459
2009-10-14,91568
2009-10-15,92179
2009-10-16,93355
2009-10-19,93240
2009-10-20,94084
2009-10-21,94156
2009-10-22,94442
2009-10-23,94724
2009-10-26,93518
2009-10-27,93916
2009-10-28,94040
2009-10-29,94228
2009-10-30,94529
2009-11-02,93999
2009-11-03,94569
2009-11-04,94651
2009-11-05,94959
2009-11-09,94169
2009-11-10,94699
2009-11-11,95093
2009-11-12,95070
2009-11-13,95117
2009-11-16,94411
2009-11-17,94697
2009-11-18,95004
2009-11-19,95161
2009-11-20,95563
2009-11-23,95400
2009-11-24,95854
2009-11-25,95610
2009-11-26,95650
2009-11-27,95710
2009-11-30,95264
2009-12-01,94930
2009-12-02,94305
2009-12-03,94003
2009-12-04,94079
2009-12-07,92919
2009-12-09,92032
2009-12-10,91653
2009-12-11,91451
2009-12-14,90268
2009-12-15,89670
2009-12-16,88775
2009-12-17,89006
2009-12-18,88765
2009-12-21,87265
2009-12-22,87745
2009-12-23,87126
2009-12-24,87325
2009-12-28,85771
2009-12-29,86626
2009-12-30,87136
2009-12-31,87447
2010-01-04,86884
2010-01-05,87579
2010-01-06,87984
2010-01-07,88762
2010-01-08,88984
2010-01-11,88796
2010-01-12,89361
2010-01-13,90351
2010-01-14,90562
2010-01-15,90908
2010-01-18,91261
2010-01-19,92351
2010-01-20,92469
2010-01-21,93264
2010-01-22,93428
2010-01-25,93009
2010-01-26,93442
2010-01-27,93430
2010-01-28,93543
2010-01-29,93536
2010-02-01,93098
2010-02-02,93485
2010-02-03,93254
2010-02-04,93441
2010-02-05,93735
2010-02-08,92917
2010-02-09,93353
2010-02-10,93160
2010-02-11,93363
2010-02-12,92539
2010-02-15,92153
2010-02-16,92727
2010-02-17,92868
2010-02-18,93338
2010-02-19,93388
2010-02-22,93614
2010-02-23,94169
2010-02-24,94521
2010-02-25,94762
2010-02-26,95267
2010-03-01,94507
2010-03-02,95367
2010-03-03,96512
2010-03-04,98477
2010-03-05,98766
2010-03-08,98414
2010-03-09,101191
2010-03-10,101277
2010-03-11,101508
2010-03-12,101788
2010-03-15,101438
2010-03-16,102178
2010-03-17,102464
2010-03-18,102874
2010-03-19,103273
2010-03-22,102384
2010-03-23,102982
2010-03-25,102472
2010-03-26,103177
2010-03-29,102516
2010-03-30,102946
2010-03-31,103163
2010-04-05,101943
2010-04-06,102412
2010-04-07,102599
2010-04-08,102861
2010-04-09,103080
2010-04-12,103253
2010-04-13,103748
2010-04-14,104100
2010-04-15,104557
2010-04-16,105220
2010-04-19,104882
2010-04-20,105292
2010-04-21,105159
2010-04-22,105635
2010-04-23,106544
2010-04-26,105770
2010-04-27,106005
2010-04-28,108483
2010-04-29,108622
2010-04-30,108913
2010-05-03,108375
2010-05-04,108892
2010-05-05,108856
2010-05-06,109083
2010-05-07,111927
2010-05-10,111089
2010-05-11,111898
2010-05-12,110935
2010-05-13,111499
2010-05-14,112374
2010-05-17,112012
2010-05-18,113219
2010-05-19,113146
2010-05-20,115915
2010-05-21,116467
2010-05-26,114838
2010-05-27,115592
2010-05-28,115987
2010-05-31,116426
2010-06-01,116533
2010-06-02,116725
2010-06-03,117001
2010-06-04,117050
2010-06-07,116284
2010-06-08,117117
2010-06-09,117173
2010-06-10,117215
2010-06-11,117184
2010-06-14,116959
2010-06-15,117541
2010-06-16,117789
2010-06-17,118032
2010-06-18,117295
2010-06-22,116301
2010-06-23,117099
2010-06-24,117533
2010-06-25,117363
2010-06-28,116728
2010-06-29,117184
2010-06-30,118008
2010-07-01,117700
2010-07-02,118212
2010-07-05,117329
2010-07-06,117305
2010-07-07,116923
2010-07-08,117375
2010-07-12,116795
2010-07-13,117383
2010-07-14,117942
2010-07-15,118942
2010-07-16,120366
2010-07-19,121534
2010-07-20,122181
2010-07-21,122713
2010-07-22,122614
2010-07-23,124078
2010-07-26,123555
2010-07-27,124003
2010-07-28,124091
2010-07-29,124175
2010-07-30,124553
2010-08-02,124736
2010-08-03,125792
2010-08-04,126405
2010-08-05,125903
2010-08-06,126758
2010-08-09,126390
2010-08-10,127006
2010-08-11,126801
2010-08-12,127256
2010-08-13,128546
2010-08-17,128323
2010-08-18,128913
2010-08-19,129550
2010-08-20,130282
2010-08-23,129678
2010-08-24,130376
2010-08-25,130347
2010-08-26,130521
2010-08-27,131877
2010-08-30,131220
2010-08-31,132309
2010-09-01,132284
2010-09-02,132474
2010-09-03,132856
2010-09-06,132538
2010-09-07,133139
2010-09-08,133337
2010-09-09,133962
2010-09-10,133991
2010-09-13,133467
2010-09-14,134228
2010-09-15,134869
2010-09-16,133802
2010-09-17,135026
2010-09-20,134764
2010-09-21,135673
2010-09-22,135822
2010-09-23,136558
2010-09-24,136800
2010-09-27,135602
2010-09-28,136023
2010-09-29,136216
2010-09-30,136783
2010-10-01,136672
2010-10-04,135651
2010-10-05,136345
2010-10-06,136644
2010-10-07,136850
2010-10-08,137215
2010-10-12,136401
2010-10-13,136771
2010-10-14,137199
2010-10-15,138331
2010-10-18,137682
2010-10-19,138766
2010-10-20,138885
2010-10-21,138965
2010-10-22,139035
2010-10-25,138429
2010-10-26,138967
2010-10-28,138483
2010-10-29,139013
2010-11-01,138314
2010-11-02,138930
2010-11-03,139031
2010-11-04,139642
2010-11-05,140276
2010-11-08,139653
2010-11-09,140372
2010-11-10,140797
2010-11-11,141009
2010-11-12,141203
2010-11-15,141023
2010-11-16,141921
2010-11-17,142200
2010-11-18,142670
2010-11-19,142924
2010-11-23,141190
2010-11-24,141444
2010-11-25,141482
2010-11-26,144528
2010-11-29,143602
2010-11-30,143829
2010-12-01,142749
2010-12-02,141725
2010-12-03,141233
2010-12-06,140206
2010-12-07,140854
2010-12-09,139857
2010-12-10,141521
2010-12-13,139865
2010-12-14,140308
2010-12-15,139790
2010-12-16,139968
2010-12-17,140131
2010-12-20,137314
2010-12-21,137525
2010-12-22,137127
2010-12-23,137061
2010-12-27,136582
2010-12-28,137967
2010-12-29,125983
2010-12-30,126096
2011-01-03,125554
2011-01-04,126263
2011-01-05,126465
2011-01-06,126730
2011-01-07,128355
2011-01-10,127487
2011-01-11,128179
2011-01-12,128329
2011-01-13,139876
2011-01-14,141871
2011-01-17,141802
2011-01-18,144109
2011-01-19,144211
2011-01-20,144448
2011-01-21,150072
2011-01-24,149094
2011-01-25,149132
2011-01-26,147401
2011-01-27,148455
2011-01-28,148886
2011-01-31,148760
2011-02-01,149488
2011-02-02,149496
2011-02-03,149487
2011-02-04,149863
2011-02-07,150321
2011-02-08,150971
2011-02-09,151029
2011-02-10,151137
2011-02-11,151543
2011-02-14,151278
2011-02-15,153083
2011-02-16,154182
2011-02-17,155283
2011-02-18,155868
2011-02-21,155190
2011-02-22,155401
2011-02-23,155524
2011-02-24,156371
2011-02-25,156472
2011-02-28,156124
2011-03-01,156875
2011-03-02,157515
2011-03-03,157594
2011-03-04,158157
2011-03-09,156628
2011-03-10,157229
2011-03-11,157858
2011-03-14,157077
2011-03-15,157648
2011-03-16,158796
2011-03-17,159653
2011-03-18,160575
2011-03-21,159867
2011-03-22,159794
2011-03-23,160331
2011-03-28,158904
2011-03-29,159802
2011-03-30,160457
2011-03-31,160491
2011-04-01,160665
2011-04-04,159604
2011-04-05,159740
2011-04-06,160629
2011-04-07,161144
2011-04-08,160908
2011-04-11,160744
2011-04-12,161358
2011-04-13,162525
2011-04-14,163250
2011-04-15,164190
2011-04-18,164314
2011-04-19,165725
2011-04-20,166100
2011-04-25,165421
2011-04-26,165424
2011-04-27,164503
2011-04-28,163880
2011-04-29,163195
2011-05-02,162156
2011-05-03,162778
2011-05-04,162921
2011-05-05,162354
2011-05-06,163247
2011-05-09,162584
2011-05-10,163270
2011-05-11,163368
2011-05-12,163989
2011-05-13,165495
2011-05-16,167306
2011-05-17,169255
2011-05-18,170424
2011-05-19,170148
2011-05-20,169371
2011-05-23,169300
2011-05-24,169716
2011-05-26,169180
2011-05-27,169089
2011-05-30,168491
2011-05-31,169817
2011-06-01,169544
2011-06-02,168805
2011-06-03,168666
2011-06-06,168109
2011-06-07,168842
2011-06-08,167991
2011-06-09,168013
2011-06-10,168718
2011-06-13,169856
2011-06-14,170350
2011-06-15,170309
2011-06-16,170784
2011-06-17,171400
2011-06-21,170624
2011-06-22,170947
2011-06-23,170841
2011-06-24,171696
2011-06-27,172151
2011-06-28,171979
2011-06-29,171706
2011-06-30,172180
2011-07-01,171632
2011-07-04,170561
2011-07-05,171251
2011-07-06,171422
2011-07-07,171618
2011-07-08,171847
2011-07-11,171054
2011-07-12,172342
2011-07-13,173435
2011-07-14,174927
2011-07-15,176189
2011-07-18,177809
2011-07-19,178572
2011-07-20,177632
2011-07-21,177709
2011-07-22,177550
2011-07-25,176136
2011-07-26,177349
2011-07-27,177294
2011-07-28,177659
2011-07-29,178369
2011-08-01,177554
2011-08-02,178172
2011-08-03,177737
2011-08-04,178340
2011-08-05,178827
2011-08-08,177769
2011-08-09,178452
2011-08-10,177563
2011-08-11,178469
2011-08-12,177930
2011-08-15,178082
2011-08-16,178515
2011-08-17,179726
2011-08-18,180288
2011-08-19,181300
2011-08-23,179682
2011-08-24,180404
2011-08-25,181318
2011-08-26,183289
2011-08-29,183907
2011-08-30,184330
2011-08-31,185056
2011-09-01,185418
2011-09-02,185306
2011-09-05,184844
2011-09-06,185347
2011-09-07,185155
2011-09-08,183488
2011-09-09,184508
2011-09-12,185124
2011-09-13,185796
2011-09-14,187006
2011-09-15,188190
2011-09-16,190132
2011-09-19,189589
2011-09-20,190105
2011-09-21,189741
2011-09-22,190519
2011-09-23,190854
2011-09-26,189648
2011-09-27,189201
2011-09-28,188648
2011-09-29,188884
2011-09-30,189136
2011-10-03,186814
2011-10-04,187031
2011-10-05,186966
2011-10-06,186721
2011-10-07,186708
2011-10-11,185576
2011-10-12,185460
2011-10-13,185717
2011-10-14,186586
2011-10-17,186978
2011-10-18,188993
2011-10-19,189991
2011-10-20,190131
2011-10-21,190791
2011-10-24,189659
2011-10-25,190165
2011-10-26,191274
2011-10-27,192200
2011-10-28,192434
2011-10-31,191231
2011-11-01,191539
2011-11-02,191040
2011-11-03,191235
2011-11-04,191390
2011-11-07,190692
2011-11-08,191315
2011-11-09,192135
2011-11-10,192152
2011-11-11,192336
2011-11-14,192614
2011-11-15,193650
2011-11-16,194836
2011-11-17,195534
2011-11-18,196047
2011-11-21,195442
2011-11-22,195183
2011-11-23,195170
2011-11-24,195358
2011-11-25,195721
2011-11-29,193394
2011-11-30,193080
2011-12-01,191712
2011-12-02,190937
2011-12-05,189523
2011-12-06,190098
2011-12-07,191125
2011-12-12,187884
2011-12-13,188346
2011-12-14,186559
2011-12-15,186646
2011-12-16,187328
2011-12-19,186784
2011-12-20,187428
2011-12-21,185587
2011-12-22,184549
2011-12-23,186055
2011-12-27,186517
2011-12-28,168758
2011-12-29,164692
2011-12-30,165903
2012-01-03,165403
2012-01-04,166454
2012-01-05,167405
2012-01-06,168179
2012-01-09,168439
2012-01-10,169354
2012-01-11,169177
2012-01-12,190644
2012-01-13,192181
2012-01-16,193825
2012-01-17,195960
2012-01-18,197995
2012-01-19,198500
2012-01-20,198799
2012-01-23,197962
2012-01-24,198870
2012-01-25,199936
2012-01-26,199803
2012-01-27,199283
2012-01-30,197631
2012-01-31,197982
2012-02-01,198530
2012-02-02,198027
2012-02-03,198245
2012-02-06,197133
2012-02-07,198069
2012-02-08,198758
2012-02-09,199431
2012-02-10,200120
2012-02-13,199553
2012-02-14,201106
2012-02-15,201940
2012-02-16,203431
2012-02-17,204202
2012-02-22,200572
2012-02-23,200403
2012-02-24,202813
2012-02-28,201463
2012-02-29,202730
2012-03-01,203272
2012-03-02,203591
2012-03-05,202111
2012-03-06,203161
2012-03-07,203311
2012-03-08,204063
2012-03-09,204509
2012-03-12,203722
2012-03-13,205399
2012-03-14,207094
2012-03-15,208454
2012-03-16,210071
2012-03-19,209243
2012-03-20,209891
2012-03-21,209996
2012-03-22,210213
2012-03-23,210294
2012-03-26,209059
2012-03-27,208604
2012-03-28,209032
2012-03-29,208970
2012-03-30,212318
2012-04-03,210767
2012-04-04,210153
2012-04-09,207296
2012-04-10,208538
2012-04-11,208403
2012-04-12,209261
2012-04-13,211329
2012-04-16,211570
2012-04-17,213731
2012-04-18,214412
2012-04-19,215107
2012-04-20,216046
2012-04-23,214229
2012-04-24,214676
2012-04-25,214776
2012-04-26,213401
2012-04-27,214508
2012-05-02,212159
2012-05-03,210615
2012-05-04,211738
2012-05-07,212424
2012-05-08,213778
2012-05-09,213779
2012-05-10,215080
2012-05-11,216277
2012-05-14,216118
2012-05-15,217832
2012-05-16,219206
2012-05-17,219537
2012-05-18,219806
2012-05-21,219830
2012-05-22,219767
2012-05-23,219248
2012-05-24,220481
2012-05-28,218161
2012-05-29,218194
2012-05-30,219240
2012-05-31,218930
2012-06-01,217991
2012-06-04,214814
2012-06-05,215694
2012-06-06,216221
2012-06-07,216759
2012-06-08,215651
2012-06-11,214080
2012-06-12,214928
2012-06-13,215286
2012-06-14,216091
2012-06-15,217041
2012-06-18,217293
2012-06-19,218917
2012-06-21,218189
2012-06-22,218721
2012-06-25,218462
2012-06-26,217103
2012-06-27,215641
2012-06-28,211148
2012-06-29,211018
2012-07-02,209873
2012-07-03,209658
2012-07-04,209432
2012-07-05,210118
2012-07-06,210685
2012-07-10,208832
2012-07-11,209482
2012-07-12,209590
2012-07-13,212682
2012-07-16,212639
2012-07-17,215218
2012-07-18,217533
2012-07-19,219651
2012-07-20,221071
2012-07-23,219766
2012-07-24,219704
2012-07-25,220097
2012-07-26,220833
2012-07-27,222233
2012-07-30,221046
2012-07-31,222730
2012-08-01,223534
2012-08-02,223093
2012-08-03,223675
2012-08-06,222718
2012-08-07,223706
2012-08-08,224565
2012-08-09,224667
2012-08-10,225097
2012-08-13,224839
2012-08-14,227170
2012-08-15,228381
2012-08-16,230486
2012-08-17,231580
2012-08-21,230570
2012-08-22,229954
2012-08-23,231245
2012-08-24,235426
2012-08-27,234315
2012-08-28,235379
2012-08-29,235742
2012-08-30,234739
2012-08-31,240577
2012-09-03,239085
2012-09-04,239030
2012-09-05,239352
2012-09-06,239764
2012-09-07,240876
2012-09-10,239552
2012-09-11,240508
2012-09-12,240227
2012-09-13,242301
2012-09-14,248699
2012-09-17,249285
2012-09-18,251806
2012-09-19,253135
2012-09-20,253971
2012-09-21,254663
2012-09-25,251078
2012-09-26,251622
2012-09-27,250509
2012-09-28,251341
2012-10-01,250210
2012-10-02,249021
2012-10-03,249911
2012-10-04,251447
2012-10-05,251765
2012-10-09,248788
2012-10-10,249949
2012-10-11,250732
2012-10-12,252298
2012-10-15,247727
2012-10-16,250096
2012-10-17,251021
2012-10-18,252722
2012-10-19,254813
2012-10-22,252389
2012-10-23,253370
2012-10-24,255008
2012-10-25,255333
2012-10-26,254322
2012-10-29,253213
2012-10-30,253692
2012-10-31,254090
2012-11-01,253596
2012-11-02,253636
2012-11-05,251606
2012-11-07,252493
2012-11-08,252691
2012-11-09,247647
2012-11-12,247598
2012-11-13,250599
2012-11-14,251751
2012-11-15,252754
2012-11-16,255087
2012-11-19,254461
2012-11-20,252758
2012-11-21,254223
2012-11-22,254483
2012-11-23,255593
2012-11-27,263120
2012-11-28,260113
2012-11-29,259553
2012-11-30,259972
2012-12-03,256567
2012-12-04,256029
2012-12-05,255002
2012-12-06,255029
2012-12-07,254856
2012-12-10,251843
2012-12-11,253836
2012-12-12,255286
2012-12-13,257624
2012-12-14,256372
2012-12-17,253600
2012-12-18,253218
2012-12-19,251170
2012-12-20,252946
2012-12-21,253960
2012-12-26,236650
2012-12-27,215706
2012-12-28,221626
2012-12-31,220047
2013-01-02,220751
2013-01-03,221453
2013-01-04,222060
2013-01-07,222872
2013-01-08,225591
2013-01-09,250952
2013-01-10,252707
2013-01-11,255575
2013-01-14,256940
2013-01-15,259993
2013-01-16,263294
2013-01-17,264945
2013-01-18,266278
2013-01-21,265439
2013-01-22,265950
2013-01-23,265203
2013-01-24,266217
2013-01-25,266520
2013-01-28,264623
2013-01-29,269073
2013-01-30,270265
2013-02-01,268576
2013-02-04,267031
2013-02-05,268512
2013-02-06,268367
2013-02-07,268026
2013-02-08,269090
2013-02-13,266787
2013-02-14,268415
2013-02-15,269745
2013-02-18,270540
2013-02-19,272315
2013-02-21,273352
2013-02-22,275496
2013-02-25,274291
2013-02-26,275450
2013-02-27,273535
2013-02-28,274835
2013-03-01,275872
2013-03-04,273913
2013-03-05,274155
2013-03-06,274254
2013-03-07,275263
2013-03-08,276293
2013-03-11,267824
2013-03-12,270215
2013-03-13,271621
2013-03-14,273498
2013-03-15,274480
2013-03-18,273501
2013-03-19,274765
2013-03-20,278975
2013-03-21,278539
2013-03-22,278660
2013-03-25,274584
2013-03-26,274807
2013-03-27,275554
2013-04-03,269308
2013-04-04,270968
2013-04-05,271982
2013-04-08,270969
2013-04-09,268604
2013-04-10,268389
2013-04-11,271298
2013-04-12,273590
2013-04-15,278667
2013-04-16,281066
2013-04-17,282845
2013-04-18,283163
2013-04-19,283643
2013-04-22,282735
2013-04-23,283346
2013-04-24,283717
2013-04-25,282800
2013-04-26,282130
2013-04-29,280707
2013-04-30,284813
2013-05-02,284157
2013-05-03,284451
2013-05-06,281291
2013-05-07,282241
2013-05-08,281163
2013-05-09,281299
2013-05-10,286256
2013-05-13,284899
2013-05-14,285808
2013-05-15,288394
2013-05-16,291861
2013-05-17,293752
2013-05-20,293195
2013-05-21,294188
2013-05-22,295646
2013-05-23,296187
2013-05-24,296984
2013-05-27,294095
2013-05-28,294067
2013-05-29,295090
2013-05-30,295241
2013-05-31,295051
2013-06-03,291406
2013-06-04,290035
2013-06-05,287715
2013-06-06,286884
2013-06-07,287073
2013-06-10,283681
2013-06-11,284171
2013-06-12,284324
2013-06-13,285604
2013-06-14,287695
2013-06-17,286576
2013-06-18,287301
2013-06-19,286273
2013-06-24,281591
2013-06-25,283266
2013-06-26,281644
2013-06-27,280888
2013-06-28,282256
2013-07-01,282508
2013-07-02,284346
2013-07-03,282669
2013-07-04,283344
2013-07-05,279034
2013-07-08,277474
2013-07-10,278081
2013-07-11,278741
2013-07-12,281250
2013-07-15,282634
2013-07-16,286331
2013-07-17,289440
2013-07-18,292949
2013-07-19,293418
2013-07-22,292563
2013-07-23,295318
2013-07-24,294610
2013-07-25,294449
2013-07-26,294490
2013-07-29,295843
2013-07-30,296121
2013-07-31,296219
2013-08-01,294918
2013-08-02,292673
2013-08-05,291130
2013-08-06,292687
2013-08-07,292840
2013-08-08,294301
2013-08-09,294879
2013-08-12,292734
2013-08-13,295429
2013-08-14,296257
2013-08-15,302448
2013-08-16,304244
2013-08-20,303376
2013-08-21,304598
2013-08-22,306025
2013-08-23,306396
2013-08-26,303956
2013-08-27,304622
2013-08-28,303550
2013-08-29,303048
2013-08-30,304744
2013-09-02,302254
2013-09-03,301047
2013-09-04,300656
2013-09-05,303134
2013-09-06,302991
2013-09-09,300565
2013-09-10,301909
2013-09-11,302584
2013-09-12,304942
2013-09-13,306935
2013-09-16,307358
2013-09-17,309787
2013-09-18,312667
2013-09-19,312354
2013-09-20,314037
2013-09-23,312394
2013-09-24,311360
2013-09-25,309089
2013-09-26,307858
2013-09-27,307245
2013-09-30,306834
2013-10-01,308416
2013-10-02,306264
2013-10-03,306818
2013-10-04,307952
2013-10-07,306446
2013-10-08,307766
2013-10-09,308850
2013-10-10,309900
2013-10-11,316826
2013-10-15,314903
2013-10-16,315185
2013-10-17,318545
2013-10-18,323571
2013-10-21,322382
2013-10-22,324036
2013-10-23,323286
2013-10-24,322279
2013-10-25,320542
2013-10-28,323325
2013-10-29,324970
2013-10-30,324742
2013-10-31,325728
2013-11-01,330247
2013-11-04,327536
2013-11-05,327927
2013-11-07,326808
2013-11-08,326783
2013-11-11,324990
2013-11-12,326197
2013-11-13,329688
2013-11-14,330885
2013-11-15,333462
2013-11-18,333308
2013-11-19,337765
2013-11-20,337263
2013-11-21,337268
2013-11-22,337779
2013-11-26,331041
2013-11-27,330710
2013-11-28,329081
2013-11-29,329161
2013-12-02,324053
2013-12-03,321742
2013-12-04,319909
2013-12-05,320762
2013-12-06,321783
2013-12-09,318663
2013-12-10,320018
2013-12-11,319650
2013-12-12,321210
2013-12-13,322053
2013-12-16,316474
2013-12-17,316371
2013-12-18,314631
2013-12-19,308906
2013-12-20,308765
2013-12-23,307398
2013-12-26,275445
2013-12-27,277420
2013-12-30,280026
2014-01-02,279511
2014-01-03,281998
2014-01-06,283330
2014-01-07,286261
2014-01-08,287269
2014-01-09,289946
2014-01-10,293175
2014-01-13,294179
2014-01-14,298336
2014-01-15,301908
2014-01-16,307162
2014-01-17,308054
2014-01-20,305482
2014-01-21,308169
2014-01-22,306827
2014-01-23,306523
2014-01-24,305156
2014-01-27,298608
2014-01-28,298331
2014-01-29,295553
2014-01-30,300773
2014-01-31,303249
2014-02-03,320164
2014-02-04,320050
2014-02-05,320512
2014-02-06,323433
2014-02-07,322763
2014-02-10,319997
2014-02-11,322896
2014-02-12,325206
2014-02-13,327704
2014-02-14,329609
2014-02-17,329363
2014-02-18,333265
2014-02-19,338019
2014-02-20,339456
2014-02-21,340227
2014-02-24,338475
2014-02-25,337797
2014-02-26,336737
2014-02-27,335552
2014-02-28,336979
2014-03-05,326668
2014-03-06,329795
2014-03-07,331023
2014-03-10,331068
2014-03-11,332927
2014-03-12,335776
2014-03-13,338702
2014-03-14,342577
2014-03-17,343439
2014-03-18,347349
2014-03-19,348879
2014-03-20,350142
2014-03-21,351022
2014-03-25,347519
2014-03-26,347148
2014-03-27,345619
2014-03-28,346144
2014-03-31,342448
2014-04-01,344338
2014-04-03,345345
2014-04-04,347491
2014-04-07,342103
2014-04-08,344959
2014-04-09,343575
2014-04-10,341606
2014-04-11,350688
2014-04-14,351587
2014-04-15,354068
2014-04-16,358879
2014-04-21,350900
2014-04-22,354089
2014-04-23,357799
2014-04-24,356757
2014-04-25,355575
2014-04-28,350414
2014-04-29,350710
2014-04-30,352503
2014-05-05,337784
2014-05-06,338799
2014-05-07,341574
2014-05-08,343057
2014-05-09,347101
2014-05-12,339679
2014-05-13,348099
2014-05-14,348353
2014-05-15,350534
2014-05-16,354316
2014-05-19,356560
2014-05-20,358600
2014-05-21,358564
2014-05-22,359576
2014-05-23,359881
2014-05-26,355383
2014-05-27,355025
2014-05-28,350245
2014-05-29,346652
2014-05-30,347883
2014-06-02,348521
2014-06-03,349161
2014-06-04,340037
2014-06-05,340154
2014-06-06,339576
2014-06-09,335452
2014-06-10,337559
2014-06-11,335065
2014-06-12,335050
2014-06-13,336738
2014-06-16,334928
2014-06-17,337943
2014-06-18,339197
2014-06-19,340096
2014-06-23,335982
2014-06-24,335543
2014-06-25,331702
2014-06-26,325479
2014-06-27,324335
2014-06-30,323134
2014-07-01,325188
2014-07-02,327626
2014-07-03,328663
2014-07-04,329212
2014-07-07,326848
2014-07-08,325876
2014-07-10,326058
2014-07-11,328706
2014-07-14,323718
2014-07-15,327668
2014-07-16,335408
2014-07-17,341096
2014-07-18,342781
2014-07-21,342868
2014-07-22,341839
2014-07-23,341425
2014-07-24,340092
2014-07-25,341501
2014-07-28,337863
2014-07-29,340440
2014-07-30,339834
2014-07-31,339807
2014-08-01,340217
2014-08-04,337714
2014-08-05,339752
2014-08-06,340127
2014-08-07,339116
2014-08-08,342945
2014-08-11,337966
2014-08-12,341449
2014-08-13,342012
2014-08-14,346427
2014-08-15,348537
2014-08-19,347871
2014-08-20,349831
2014-08-21,353359
2014-08-22,354083
2014-08-25,352644
2014-08-26,351973
2014-08-27,350443
2014-08-28,345267
2014-08-29,351901
2014-09-01,349302
2014-09-02,349776
2014-09-03,351367
2014-09-04,352434
2014-09-05,352253
2014-09-08,347277
2014-09-09,349306
2014-09-10,348607
2014-09-11,351363
2014-09-12,353426
2014-09-15,351855
2014-09-16,355535
2014-09-17,356664
2014-09-18,356458
2014-09-19,357863
2014-09-22,353011
2014-09-23,352216
2014-09-24,351947
2014-09-25,352387
2014-09-26,352935
2014-09-29,349699
2014-09-30,352150
2014-10-01,352074
2014-10-02,352294
2014-10-03,355070
2014-10-06,349811
2014-10-07,351191
2014-10-08,352196
2014-10-09,354118
2014-10-10,355136
2014-10-14,353782
2014-10-15,358676
2014-10-16,361705
2014-10-17,365150
2014-10-20,362277
2014-10-21,365079
2014-10-22,359817
2014-10-23,363270
2014-10-24,362400
2014-10-27,360327
2014-10-28,358743
2014-10-29,359071
2014-10-30,359773
2014-10-31,359259
2014-11-03,353341
2014-11-04,356492
2014-11-05,358096
2014-11-07,358028
2014-11-10,357841
2014-11-11,357564
2014-11-12,357006
2014-11-13,351582
2014-11-14,362659
2014-11-17,364091
2014-11-18,368210
2014-11-19,368724
2014-11-20,369925
2014-11-21,369867
2014-11-25,366504
2014-11-26,363065
2014-11-27,361484
2014-11-28,361090
2014-12-01,357940
2014-12-02,359762
2014-12-03,358942
2014-12-04,360790
2014-12-05,361889
2014-12-09,360002
2014-12-10,359920
2014-12-11,359182
2014-12-12,361031
2014-12-15,356566
2014-12-16,357367
2014-12-17,354815
2014-12-18,354178
2014-12-19,352183
2014-12-22,349830
2014-12-23,353206
2014-12-24,354105
2014-12-29,343700
2014-12-30,350391
2015-01-02,350669
2015-01-05,352256
2015-01-06,356463
2015-01-07,358720
2015-01-08,359064
2015-01-09,360898
2015-01-12,364257
2015-01-13,369843
2015-01-14,374555
2015-01-15,378827
2015-01-16,384603
2015-01-19,381761
2015-01-20,385507
2015-01-21,386157
2015-01-22,387284
2015-01-23,389682
2015-01-26,388170
2015-01-27,391316
2015-01-28,388106
2015-01-29,422107
2015-01-30,422997
2015-02-02,418296
2015-02-03,420485
2015-02-04,419900
2015-02-05,420723
2015-02-06,422954
2015-02-09,420256
2015-02-10,422324
2015-02-11,423355
2015-02-12,424176
2015-02-13,426325
2015-02-18,421889
2015-02-19,426166
2015-02-20,429193
2015-02-23,431422
2015-02-24,434067
2015-02-25,435993
2015-02-26,436606
2015-02-27,438997
2015-03-02,416293
2015-03-03,419750
2015-03-04,421712
2015-03-05,422816
2015-03-06,425080
2015-03-09,422954
2015-03-10,426715
2015-03-11,427566
2015-03-12,428836
2015-03-13,430786
2015-03-16,429171
2015-03-17,433886
2015-03-18,439451
2015-03-19,442183
2015-03-20,442230
2015-03-25,436415
2015-03-26,435332
2015-03-27,436034
2015-03-30,426256
2015-03-31,424029
2015-04-01,416262
2015-04-06,408669
2015-04-07,413799
2015-04-08,415091
2015-04-09,416808
2015-04-10,420032
2015-04-13,419429
2015-04-14,424922
2015-04-15,419209
2015-04-16,430860
2015-04-17,433785
2015-04-20,432673
2015-04-21,435409
2015-04-22,434773
2015-04-23,437030
2015-04-24,437322
2015-04-27,430649
2015-04-28,434011
2015-04-29,432830
2015-04-30,436123
2015-05-04,433833
2015-05-05,433280
2015-05-06,430814
2015-05-07,431350
2015-05-08,432642
2015-05-11,428435
2015-05-12,424669
2015-05-13,427050
2015-05-14,432002
2015-05-15,436924
2015-05-18,439994
2015-05-19,441826
2015-05-20,442011
2015-05-21,443539
2015-05-22,442325
2015-05-26,429141
2015-05-27,423829
2015-05-28,430712
2015-05-29,433192
2015-06-01,434789
2015-06-02,437862
2015-06-03,438487
2015-06-04,440183
2015-06-05,441166
2015-06-08,439448
2015-06-09,439623
2015-06-10,440234
2015-06-11,441741
2015-06-12,442524
2015-06-15,437713
2015-06-16,442156
2015-06-17,442251
2015-06-18,444081
2015-06-19,445694
2015-06-22,442496
2015-06-23,444065
2015-06-24,446501
2015-06-25,445929
2015-06-26,448571
2015-06-29,441193
2015-06-30,445959
2015-07-01,445509
2015-07-02,446588
2015-07-03,447147
2015-07-06,442151
2015-07-07,444435
2015-07-08,443704
2015-07-10,443390
2015-07-13,442735
2015-07-14,447454
2015-07-15,451257
2015-07-16,457512
2015-07-17,462889
2015-07-20,460748
2015-07-21,463311
2015-07-22,463516
2015-07-23,466080
2015-07-24,466050
2015-07-27,464316
2015-07-28,467326
2015-07-29,466246
2015-07-30,466409
2015-07-31,468236
2015-08-03,464559
2015-08-04,466753
2015-08-05,466547
2015-08-06,467717
2015-08-07,467906
2015-08-10,465347
2015-08-11,468473
2015-08-12,467953
2015-08-13,470741
2015-08-14,475566
2015-08-18,464759
2015-08-19,475631
2015-08-20,477753
2015-08-21,479165
2015-08-24,478955
2015-08-25,481079
2015-08-26,478367
2015-08-27,478541
2015-08-28,475430
2015-08-31,472720
2015-09-01,475022
2015-09-02,475825
2015-09-03,477125
2015-09-04,480699
2015-09-07,477532
2015-09-08,477661
2015-09-09,477780
2015-09-10,479094
2015-09-11,480314
2015-09-14,480132
2015-09-15,483368
2015-09-16,488730
2015-09-17,488698
2015-09-18,489814
2015-09-21,487119
2015-09-22,489863
2015-09-23,486567
2015-09-24,487793
2015-09-25,484211
2015-09-28,479016
2015-09-29,485753
2015-09-30,486084
2015-10-01,487034
2015-10-02,488615
2015-10-05,484336
2015-10-06,487681
2015-10-07,485868
2015-10-08,484145
2015-10-09,484925
2015-10-13,479999
2015-10-14,482567
2015-10-15,487441
2015-10-16,494586
2015-10-19,500076
2015-10-20,503715
2015-10-21,504047
2015-10-22,504261
2015-10-23,504013
2015-10-26,495371
2015-10-27,498442
2015-10-28,495355
2015-10-29,495183
2015-10-30,493257
2015-11-02,489480
2015-11-03,492945
2015-11-04,491222
2015-11-05,494698
2015-11-09,488633
2015-11-10,493353
2015-11-11,496646
2015-11-12,498436
2015-11-13,501124
2015-11-16,500139
2015-11-17,508302
2015-11-18,508652
2015-11-19,509765
2015-11-20,509630
2015-11-23,513680
2015-11-24,506775
2015-11-25,505627
2015-11-26,505181
2015-11-30,493783
2015-12-01,491094
2015-12-02,487376
2015-12-03,487146
2015-12-04,488284
2015-12-09,475628
2015-12-10,478109
2015-12-11,481931
2015-12-14,475546
2015-12-15,475864
2015-12-16,473768
2015-12-17,472293
2015-12-18,469449
2015-12-21,480699
2015-12-22,490006
2015-12-23,500755
2015-12-24,503362
2015-12-28,499879
2015-12-29,507700
2015-12-30,510288
2015-12-31,512452
2016-01-04,503715
2016-01-05,513651
2016-01-06,517762
2016-01-07,522618
2016-01-08,523732
2016-01-11,519905
2016-01-12,528097
2016-01-13,532026
2016-01-14,538566
2016-01-15,545256
2016-01-18,545278
2016-01-19,549441
2016-01-20,547856
2016-01-21,546998
2016-01-22,545906
2016-01-25,542881
2016-01-26,542162
2016-01-27,537894
2016-01-28,538226
2016-01-29,536314
2016-02-01,536822
2016-02-02,540550
2016-02-03,538317
2016-02-04,539501
2016-02-05,541178
2016-02-10,534845
2016-02-11,537619
2016-02-12,539210
2016-02-15,536704
2016-02-16,546993
2016-02-17,549987
2016-02-18,557803
2016-02-19,555342
2016-02-22,556422
2016-02-23,555495
2016-02-24,553857
2016-02-25,554421
2016-02-26,555332
2016-02-29,546707
2016-03-01,551143
2016-03-02,550854
2016-03-03,553264
2016-03-04,551272
2016-03-07,546812
2016-03-08,550257
2016-03-09,554812
2016-03-10,558116
2016-03-11,557792
2016-03-14,554115
2016-03-15,559934
2016-03-16,563357
2016-03-17,569501
2016-03-18,571426
2016-03-21,568008
2016-03-22,571630
2016-03-23,572216
2016-03-28,562911
2016-03-29,566054
2016-03-30,563170
2016-03-31,563730
2016-04-01,566449
2016-04-04,561032
2016-04-05,558777
2016-04-06,556735
2016-04-07,558238
2016-04-08,561556
2016-04-11,556444
2016-04-12,559352
2016-04-13,557094
2016-04-14,549838
2016-04-15,554663
2016-04-18,555313
2016-04-19,558843
2016-04-20,562932
2016-04-21,558871
2016-04-22,560082
2016-04-25,563819
2016-04-26,569880
2016-04-27,566776
2016-04-28,567435
2016-04-29,567188
2016-05-02,562126
2016-05-03,563750
2016-05-04,559931
2016-05-05,554767
2016-05-06,555181
2016-05-09,551548
2016-05-10,555220
2016-05-11,553987
2016-05-12,557752
2016-05-13,560056
2016-05-16,555304
2016-05-17,556672
2016-05-18,559347
2016-05-19,562139
2016-05-20,567385
2016-05-23,559104
2016-05-24,571452
2016-05-26,572517
2016-05-27,574620
2016-05-30,569067
2016-05-31,574733
2016-06-01,573148
2016-06-02,574108
2016-06-03,572345
2016-06-06,564890
2016-06-07,569353
2016-06-08,570760
2016-06-09,572821
2016-06-10,574028
2016-06-13,569828
2016-06-14,574161
2016-06-15,575667
2016-06-16,585453
2016-06-21,570127
2016-06-22,581591
2016-06-23,583787
2016-06-24,596099
2016-06-27,586002
2016-06-28,588583
2016-06-29,586631
2016-06-30,589216
2016-07-01,588435
2016-07-04,585134
2016-07-05,584883
2016-07-06,578823
2016-07-07,583441
2016-07-11,573708
2016-07-12,580708
2016-07-13,582585
2016-07-14,584788
2016-07-15,592775
2016-07-18,592150
2016-07-19,597412
2016-07-20,601795
2016-07-21,599799
2016-07-22,599704
2016-07-25,590540
2016-07-26,600987
2016-07-27,601606
2016-07-28,601501
2016-07-29,603959
2016-08-01,597924
2016-08-02,598713
2016-08-03,598151
2016-08-04,594916
2016-08-05,595149
2016-08-08,592394
2016-08-09,595226
2016-08-10,592988
2016-08-11,592773
2016-08-12,594887
2016-08-16,589990
2016-08-17,590732
2016-08-18,595062
2016-08-19,599573
2016-08-22,587017
2016-08-23,597336
2016-08-24,597035
2016-08-25,601562
2016-08-26,604013
2016-08-29,598357
2016-08-30,600332
2016-08-31,608189
2016-09-01,607252
2016-09-02,607813
2016-09-05,600068
2016-09-06,597745
2016-09-07,596627
2016-09-08,599264
2016-09-09,600889
2016-09-12,593511
2016-09-13,598762
2016-09-14,604215
2016-09-15,603565
2016-09-16,605532
2016-09-19,602500
2016-09-20,606635
2016-09-21,604745
2016-09-22,602581
2016-09-23,610028
2016-09-26,605299
2016-09-27,609028
2016-09-28,604750
2016-09-29,608820
2016-09-30,609270
2016-10-03,603918
2016-10-04,608988
2016-10-05,604500
2016-10-06,604378
2016-10-07,606762
2016-10-11,598463
2016-10-12,599088
2016-10-13,603443
2016-10-14,606902
2016-10-17,603534
2016-10-18,606887
2016-10-19,605747
2016-10-20,609825
2016-10-21,614070
2016-10-24,608393
2016-10-25,617544
2016-10-26,617576
2016-10-27,620894
2016-10-28,611262
2016-10-31,608682
2016-11-01,614361
2016-11-02,613353
2016-11-03,614242
2016-11-04,615571
2016-11-07,610811
2016-11-08,622221
2016-11-09,625187
2016-11-10,622754
2016-11-11,625625
2016-11-14,619277
2016-11-15,626428
2016-11-16,629438
2016-11-17,635180
2016-11-18,638398
2016-11-21,632455
2016-11-22,632849
2016-11-23,625350
2016-11-24,634370
2016-11-25,635025
2016-11-29,626661
2016-11-30,634230
2016-12-01,633432
2016-12-02,632844
2016-12-05,620394
2016-12-06,616389
2016-12-07,617286
2016-12-12,600639
2016-12-13,603595
2016-12-14,600095
2016-12-15,598922
2016-12-16,599664
2016-12-19,591246
2016-12-20,594270
2016-12-21,591621
2016-12-22,594572
2016-12-23,594978
2016-12-26,576417
2016-12-27,582564
2016-12-28,586291
2016-12-29,598151
2016-12-30,600422
2017-01-02,600965
2017-01-03,610949
2017-01-04,609785
2017-01-05,613607
2017-01-06,615419
2017-01-09,618583
2017-01-10,622025
2017-01-11,620177
2017-01-12,622710
2017-01-13,625516
2017-01-16,620340
2017-01-17,627916
2017-01-18,629235
2017-01-19,633391
2017-01-20,635203
2017-01-23,632406
2017-01-24,637699
2017-01-25,639444
2017-01-26,646913
2017-01-27,653318
2017-01-30,647520
2017-01-31,650002
2017-02-01,671837
2017-02-02,678388
2017-02-03,702641
2017-02-06,696141
2017-02-07,702388
2017-02-08,702362
2017-02-09,702831
2017-02-10,701122
2017-02-13,699668
2017-02-14,708460
2017-02-15,710938
2017-02-16,717031
2017-02-17,720804
2017-02-20,717506
2017-02-21,724280
2017-02-22,724620
2017-02-23,725412
2017-02-24,727918
2017-03-01,716271
2017-03-02,721976
2017-03-03,698770
2017-03-06,688686
2017-03-07,693394
2017-03-08,691049
2017-03-09,695332
2017-03-10,695809
2017-03-13,691935
2017-03-14,697182
2017-03-15,673085
2017-03-16,680001
2017-03-17,683678
2017-03-20,680004
2017-03-21,686688
2017-03-22,686499
2017-03-23,694921
2017-03-27,688465
2017-03-28,691540
2017-03-29,695694
2017-03-30,697709
2017-03-31,692958
2017-04-03,683113
2017-04-04,689886
2017-04-05,679841
2017-04-06,668115
2017-04-07,675101
2017-04-10,670400
2017-04-11,680085
2017-04-12,684234
2017-04-17,670744
2017-04-18,678863
2017-04-19,684110
2017-04-20,690530
2017-04-21,694274
2017-04-24,692007
2017-04-25,696307
2017-04-26,695329
2017-04-27,699120
2017-04-28,702506
2017-05-02,677198
2017-05-03,692547
2017-05-04,692312
2017-05-05,685362
2017-05-08,680655
2017-05-09,685341
2017-05-10,683585
2017-05-11,685082
2017-05-12,686216
2017-05-15,685410
2017-05-16,687241
2017-05-17,685074
2017-05-18,691346
2017-05-19,695806
2017-05-22,691769
2017-05-23,699609
2017-05-24,700481
2017-05-26,696536
2017-05-29,689059
2017-05-30,692190
2017-05-31,699724
2017-06-01,698516
2017-06-02,686949
2017-06-05,677123
2017-06-06,676393
2017-06-07,674528
2017-06-08,674911
2017-06-09,680851
2017-06-12,674412
2017-06-13,680332
2017-06-14,679889
2017-06-15,681711
2017-06-16,684544
2017-06-19,684721
2017-06-21,684539
2017-06-22,693937
2017-06-23,702221
2017-06-26,697647
2017-06-27,703814
2017-06-28,703388
2017-06-29,698633
2017-06-30,697390
2017-07-03,685350
2017-07-04,693668
2017-07-05,689550
2017-07-06,681845
2017-07-07,682252
2017-07-10,677692
2017-07-11,683252
2017-07-12,682542
2017-07-13,684698
2017-07-14,686370
2017-07-17,680852
2017-07-18,686553
2017-07-19,690988
2017-07-20,709316
2017-07-21,711215
2017-07-24,706293
2017-07-25,710246
2017-07-26,711462
2017-07-27,712247
2017-07-28,714193
2017-07-31,706640
2017-08-01,705199
2017-08-02,701035
2017-08-03,701452
2017-08-04,690186
2017-08-07,681849
2017-08-08,686716
2017-08-09,684904
2017-08-10,685117
2017-08-11,686025
2017-08-14,684239
2017-08-15,687972
2017-08-16,690980
2017-08-17,694637
2017-08-18,701591
2017-08-22,697754
2017-08-23,699620
2017-08-24,701378
2017-08-25,703930
2017-08-28,700082
2017-08-29,706890
2017-08-30,705159
2017-08-31,703073
2017-09-01,700320
2017-09-04,693154
2017-09-05,695969
2017-09-06,684527
2017-09-07,686552
2017-09-08,686059
2017-09-11,680864
2017-09-12,686845
2017-09-13,686734
2017-09-14,687961
2017-09-15,691114
2017-09-18,688384
2017-09-19,694148
2017-09-20,698054
2017-09-21,698623
2017-09-22,699108
2017-09-25,696006
2017-09-26,701218
2017-09-27,702529
2017-09-28,706896
2017-09-29,706802
2017-10-02,698871
2017-10-03,703667
2017-10-04,699561
2017-10-05,692988
2017-10-06,691876
2017-10-09,688676
2017-10-10,690681
2017-10-11,690017
2017-10-12,694706
2017-10-13,695873
2017-10-17,690523
2017-10-18,694898
2017-10-19,698795
2017-10-20,712835
2017-10-23,708471
2017-10-24,711881
2017-10-25,712816
2017-10-26,713632
2017-10-27,723384
2017-10-30,719796
2017-10-31,724370
2017-11-01,720161
2017-11-02,720114
2017-11-03,717440
2017-11-07,707650
2017-11-08,709377
2017-11-09,707702
2017-11-10,712491
2017-11-13,709133
2017-11-14,717433
2017-11-15,723658
2017-11-16,724584
2017-11-17,733412
2017-11-21,728886
2017-11-22,733980
2017-11-23,736208
2017-11-24,741746
2017-11-27,732562
2017-11-28,737840
2017-11-29,736086
2017-11-30,737907
2017-12-01,737249
2017-12-04,725933
2017-12-05,728188
2017-12-06,725159
2017-12-07,722481
2017-12-11,703966
2017-12-12,713413
2017-12-13,713238
2017-12-14,710706
2017-12-15,715006
2017-12-18,694897
2017-12-19,698220
2017-12-20,704887
2017-12-21,722618
2017-12-22,725066
2017-12-26,714832
2017-12-27,706900
2017-12-28,712247
2017-12-29,728247
2018-01-02,722101.064
2018-01-03,722516.393
2018-01-04,725175.618
2018-01-05,733035.541
2018-01-08,733432.931
2018-01-09,737968.184
2018-01-10,734878.116
2018-01-11,739323.147
2018-01-12,745229.783
2018-01-15,747752.174
2018-01-16,758826.207
2018-01-17,754515.912
2018-01-18,769313.028
2018-01-19,824500.045
2018-01-22,813944.847
2018-01-23,831581.721
2018-01-24,837442.508
2018-01-25,830187.725
2018-01-26,862312.576
2018-01-29,855321.063
2018-01-30,853002.023
2018-01-31,854367.699
2018-02-01,848173.885
2018-02-02,870955.218
2018-02-05,870962.032
2018-02-06,869348.932
2018-02-07,867727.432
2018-02-08,907872.455
2018-02-09,897668.349
2018-02-14,894493.197
2018-02-15,901462.112
2018-02-16,980717.887
2018-02-19,965448.542
2018-02-20,958689.874
2018-02-21,978479.679
2018-02-22,989463.687
2018-02-23,1004990.599
2018-02-26,1017020.731
2018-02-27,1024777.386
2018-02-28,1025581.94
2018-03-01,1026778.401
2018-03-02,1029736.265
2018-03-05,991897.278
2018-03-06,990704.778
2018-03-07,990383.505
2018-03-08,991595.002
2018-03-09,992991.702
2018-03-12,949545.487
2018-03-13,956275.307
2018-03-14,961894.404
2018-03-15,1036188.992
2018-03-16,1036458.985
2018-03-19,1032197.217
2018-03-20,990753.625
2018-03-21,992954.142
2018-03-22,1004749.286
2018-03-23,1013821.166
2018-03-26,1003834.961
2018-03-27,983245.598
2018-03-28,981291.396
2018-04-03,956046.028
2018-04-04,956082.444
2018-04-05,961900.286
2018-04-06,952463.256
2018-04-09,954281.169
2018-04-10,957067.945
2018-04-11,959674.979
2018-04-12,964919.67
2018-04-13,974619.948
2018-04-16,971623.787
2018-04-17,961323.296
2018-04-18,968809.406
2018-04-19,1005002.509
2018-04-20,1016903.62
2018-04-23,1017011.483
2018-04-24,1023626.648
2018-04-25,1020839.958
2018-04-26,1024906.484
2018-04-27,1024592.879
2018-05-02,1019545.024
2018-05-03,1016783.903
2018-05-04,1015684.388
2018-05-07,1002986.442
2018-05-08,1010832.225
2018-05-09,1010635.31
2018-05-10,1013817.06
2018-05-11,1017206.146
2018-05-14,1014001.394
2018-05-15,1022609.387
2018-05-16,1031338.667
2018-05-17,1046317.01
2018-05-18,971462.508
2018-05-21,965166.707
2018-05-22,974956.822
2018-05-23,977561.273
2018-05-24,982175.776
2018-05-28,965107.764
2018-05-29,972690.75
2018-05-30,976217.074
2018-05-31,970945.404
2018-06-01,967637.264
2018-06-04,950162.613
2018-06-05,954747.149
2018-06-06,942207.075
2018-06-07,942796.885
2018-06-08,944180.491
2018-06-11,938007.93
2018-06-12,945729.803
2018-06-13,946884.186
2018-06-14,953293.354
2018-06-15,885606.575
2018-06-18,881809.982
2018-06-19,891042.085
2018-06-21,886799.074
2018-06-22,897314.244
2018-06-25,882329.989
2018-06-26,897081.139
2018-06-27,876476.747
2018-06-28,939545.781
2018-06-29,939798.751
2018-07-02,933668.169
2018-07-03,941582.504
2018-07-04,935371.932
2018-07-05,930684.195
2018-07-06,1028937.969
2018-07-10,1016486.73
2018-07-11,1020783.428
2018-07-12,1024531.586
2018-07-13,1031397.3
2018-07-16,1026621.163
2018-07-17,1037133.263
2018-07-18,1045178.691
2018-07-19,1050694.066
2018-07-20,1062578.88
2018-07-23,1054956.373
2018-07-24,1065663.548
2018-07-25,1073421.598
2018-07-26,1173227.57
2018-07-27,1175582.169
2018-07-30,1165602.229
2018-07-31,1168445.496
2018-08-01,1167771.393
2018-08-02,1169321.105
2018-08-03,1172335.565
2018-08-06,1161157.169
2018-08-07,1168520.21
2018-08-08,1172563.229
2018-08-09,1174565.027
2018-08-10,1146592.2
2018-08-13,1142525.693
2018-08-14,1151314.765
2018-08-15,1158564.817
2018-08-16,1168958.199
2018-08-17,1182164.175
2018-08-21,1183399.953
2018-08-22,1185098.509
2018-08-23,1196425.346
2018-08-24,1203979.081
2018-08-27,1205184.578
2018-08-28,1215233.297
2018-08-29,1141537.931
2018-08-30,1124240.622
2018-08-31,1121203.079
2018-09-03,1107402.476
2018-09-04,1115279.391
2018-09-05,1043756.004
2018-09-06,1045587.6
2018-09-07,1052145.292
2018-09-10,1041570.683
2018-09-11,1051138.231
2018-09-12,1053075.658
2018-09-13,1057638.899
2018-09-14,1060339.776
2018-09-17,1055360.027
2018-09-18,1067064.416
2018-09-19,1096985.925
2018-09-20,1122199.219
2018-09-21,1122088.541
2018-09-24,1120490.047
2018-09-25,1113410.174
2018-09-26,1122846.873
2018-09-27,1207108.636
2018-09-28,1201009.919
2018-10-01,1196639.367
2018-10-02,1204799.869
2018-10-03,1206397.013
2018-10-04,1200610.45
2018-10-05,1203725.972
2018-10-08,1207587.789
2018-10-09,1215417.597
2018-10-10,1212120.984
2018-10-11,1219450.259
2018-10-12,1241599.598
2018-10-16,1243408.786
2018-10-17,1273490.499
2018-10-18,1302811.321
2018-10-19,1349149.778
2018-10-22,1358509.678
2018-10-23,1376003.14
2018-10-24,1385026.288
2018-10-25,1398080.842
2018-10-26,1408071.696
2018-10-29,1376123.209
2018-10-30,1380360.82
2018-10-31,1375548.564
2018-11-01,1377337.556
2018-11-02,1421543.05
2018-11-05,1403130.991
2018-11-07,1401194.607
2018-11-08,1407341.472
2018-11-09,1412062.581
2018-11-12,1382444.459
2018-11-13,1403536.632
2018-11-14,1410708.102
2018-11-15,1414877.911
2018-11-16,1418929.152
2018-11-20,1409582.457
2018-11-21,1426739.613
2018-11-22,1437108.53
2018-11-23,1454431.77
2018-11-26,1471539.849
2018-11-27,1481787.055
2018-11-28,1455822.882
2018-11-29,1453907.501
2018-12-03,1425181.692
2018-12-04,1435972.716
2018-12-05,1427718.922
2018-12-06,1429232.165
2018-12-07,1417941.872
2018-12-10,1411062.834
2018-12-11,1419582.97
2018-12-12,1419877.834
2018-12-13,1404129.305
2018-12-14,1411744.96
2018-12-17,1385708.538
2018-12-18,1370872.036
2018-12-19,1380538.539
2018-12-20,1384759.497
2018-12-21,1380576.36
2018-12-26,1236559.688
2018-12-27,1244956.732
2018-12-28,1237330.351
2019-01-02,1242108.329
2019-01-03,1255585.918
2019-01-04,1381860.774
2019-01-07,1384160.567
2019-01-08,1398945.261
2019-01-09,1400368.338
2019-01-10,1402316.172
2019-01-11,1418389.04
2019-01-14,1412701.537
2019-01-15,1427527.571
2019-01-16,1434889.475
2019-01-17,1454317.436
2019-01-18,1492797.481
2019-01-21,1486819.416
2019-01-22,1504925.386
2019-01-23,1519270.293
2019-01-24,1527668.379
2019-01-25,1534404.274
2019-01-28,1531864.931
2019-01-29,1544791.825
2019-01-30,1549239.725
2019-01-31,1550083.052
2019-02-01,1544090.34
2019-02-04,1495911.431
2019-02-05,1505217.348
2019-02-06,1493246.223
2019-02-07,1496519.214
2019-02-08,1506727.136
2019-02-11,1472553.082
2019-02-12,1488106.955
2019-02-13,1498473.835
2019-02-14,1505387.686
2019-02-15,1510751.282
2019-02-18,1469630.709
2019-02-19,1482555.183
2019-02-20,1483675.06
2019-02-21,1487721.619
2019-02-22,1516245.569
2019-02-25,1509441.533
2019-02-26,1517181.37
2019-02-27,1507648.57
2019-02-28,1510555.251
2019-03-01,1514271.175
2019-03-06,1470390.627
2019-03-07,1448572.311
2019-03-08,1448702.102
2019-03-11,1443645.146
2019-03-12,1455502.035
2019-03-13,1461570.259
2019-03-14,1469472.837
2019-03-15,1444393.855
2019-03-18,1436742.629
2019-03-19,1453859.475
2019-03-20,1456211.028
2019-03-21,1460242.103
2019-03-22,1455181.187
2019-03-25,1451484.137
2019-03-26,1471837.075
2019-03-27,1469410.975
2019-03-28,1442870.846
2019-03-29,1439653.583
2019-04-01,1422753.231
2019-04-03,1432651.053
2019-04-04,1428533.664
2019-04-05,1419906.784
2019-04-08,1412134.707
2019-04-09,1428732.662
2019-04-10,1424029.686
2019-04-11,1425990.257
2019-04-12,1430743.23
2019-04-15,1423368.287
2019-04-16,1436601.2
2019-04-17,1443810.215
2019-04-22,1413551.783
2019-04-23,1435732.393
2019-04-24,1437412.321
2019-04-25,1452549.401
2019-04-26,1447319.273
2019-04-29,1412376.54
2019-04-30,1425712.529
2019-05-02,1422315.934
2019-05-03,1432272.968
2019-05-06,1418621.775
2019-05-07,1421290.922
2019-05-08,1419918.398
2019-05-09,1424881.66
2019-05-10,1427242.492
2019-05-13,1419041.354
2019-05-14,1444990.669
2019-05-15,1436379.029
2019-05-16,1444687.98
2019-05-17,1459927.294
2019-05-20,1470676.345
2019-05-21,1490632.36
2019-05-22,1491044.313
2019-05-23,1502240.424
2019-05-24,1566013.636
2019-05-27,1559095.89
2019-05-28,1569768.971
2019-05-29,1533279.15
2019-05-30,1545411.799
2019-05-31,1499643.312
2019-06-03,1482184.925
2019-06-04,1491642.91
2019-06-05,1497003.182
2019-06-06,1491077.965
2019-06-07,1494299.07
2019-06-10,1485142.316
2019-06-11,1497788.211
2019-06-12,1502362.155
2019-06-13,1503438.556
2019-06-14,1516976.325
2019-06-18,1515261.395
2019-06-19,1529621.603
2019-06-21,1525419.729
2019-06-24,1519235.76
2019-06-25,1537641.578
2019-06-26,1513396.425
2019-06-27,1521636.32
2019-06-28,1529863.398
2019-07-01,1517827.476
2019-07-02,1532370.23
2019-07-03,1522999.953
2019-07-04,1513416.596
2019-07-05,1512716.298
2019-07-10,1476897.455
2019-07-11,1490156.539
2019-07-12,1502356.789
2019-07-15,1500498.934
2019-07-16,1519585.065
2019-07-17,1533591.72
2019-07-18,1541003.459
2019-07-19,1567844.361
2019-07-22,1567043.197
2019-07-23,1589656.744
2019-07-24,1594323.737
2019-07-25,1602519.978
2019-07-26,1612761.36
2019-07-29,1596359.367
2019-07-30,1604658.098
2019-07-31,1602261.317
2019-08-01,1596609.586
2019-08-02,1601034.463
2019-08-05,1581945.329
2019-08-06,1577929.23
2019-08-07,1587464.287
2019-08-08,1598900.203
2019-08-09,1588864.424
2019-08-12,1557540.402
2019-08-13,1577551.459
2019-08-14,1578419.499
2019-08-15,1588085.264
2019-08-16,1605246.47
2019-08-20,1581949.546
2019-08-21,1593581.434
2019-08-22,1639471.515
2019-08-23,1651213.522
2019-08-26,1632952.282
2019-08-27,1656614.608
2019-08-28,1645144.847
2019-08-29,1622601.771
2019-08-30,1542527.615
2019-09-02,1496308.463
2019-09-03,1496619.614
2019-09-04,1478427.355
2019-09-05,1461961.562
2019-09-06,1480275.102
2019-09-09,1474561.79
2019-09-10,1491787.467
2019-09-11,1493556.519
2019-09-12,1513349.482
2019-09-13,1521521.447
2019-09-16,1507814.815
2019-09-17,1526766.807
2019-09-18,1543690.93
2019-09-19,1541156.052
2019-09-20,1546029.808
2019-09-23,1533350.854
2019-09-24,1551761.014
2019-09-25,1555662.001
2019-09-26,1550102.61
2019-09-27,1540282.997
2019-09-30,1509358.161
2019-10-01,1515085.253
2019-10-02,1506356.614
2019-10-03,1495711.023
2019-10-04,1477386.345
2019-10-07,1457091.403
2019-10-08,1470536.951
2019-10-09,1450510.004
2019-10-10,1451683.255
2019-10-11,1457677.218
2019-10-15,1425362.392
2019-10-16,1427958.637
2019-10-17,1440923.115
2019-10-18,1454710.138
2019-10-21,1429920.13
2019-10-22,1453530.791
2019-10-23,1448551.037
2019-10-24,1453170.209
2019-10-25,1445519.294
2019-10-28,1431234.416
2019-10-29,1458133.269
2019-10-30,1470199.337
2019-10-31,1464927.6
2019-11-01,1476123.845
2019-11-04,1471234.934
2019-11-05,1463316.099
2019-11-07,1457345.835
2019-11-08,1471046.269
2019-11-11,1469776.369
2019-11-12,1495562.651
2019-11-13,1512517.956
2019-11-14,1503801.831
2019-11-15,1516393.9
2019-11-19,1508127.157
2019-11-20,1518289.346
2019-11-21,1531894.012
2019-11-22,1545131.325
2019-11-25,1538938.425
2019-11-26,1556621.368
2019-11-27,1556498.129
2019-11-28,1547226.781
2019-11-29,1522697.045
2019-12-02,1494968.199
2019-12-03,1504106.088
2019-12-04,1499917.524
2019-12-05,1487488.384
2019-12-06,1502363.327
2019-12-09,1468274.202
2019-12-10,1477702.292
2019-12-11,1477047.621
2019-12-12,1481976.537
2019-12-13,1491600.162
2019-12-16,1470994.919
2019-12-17,1488937.719
2019-12-18,1498392.875
2019-12-19,1494031.883
2019-12-20,1488760.702
2019-12-23,1480374.517
2019-12-26,1471195.289
2019-12-27,1492771.411
2019-12-30,1489988.641
2020-01-02,1502650.768
2020-01-03,1524367.082
2020-01-06,1528925.075
2020-01-07,1550161.533
2020-01-08,1559299.069
2020-01-09,1573031.003
2020-01-10,1590320.796
2020-01-13,1591353.655
2020-01-14,1609841.369
2020-01-15,1611302.386
2020-01-16,1628179.292
2020-01-17,1660626.057
2020-01-20,1637208.909
2020-01-21,1651211.823
2020-01-22,1650694.696
2020-01-23,1669403.671
2020-01-24,1707270.797
2020-01-27,1678116.704
2020-01-28,1694203.271
2020-01-29,1675669.466
2020-01-30,1686903.705
2020-01-31,1698095.461
2020-02-03,1657160.026
2020-02-04,1682168.766
2020-02-05,1684752.642
2020-02-06,1694910.224
2020-02-07,1689529.25
2020-02-10,1671726.96
2020-02-11,1700342.234
2020-02-12,1702948.576
2020-02-13,1714249.62
2020-02-14,1727149.862
2020-02-17,1728068.798
2020-02-18,1753503.255
2020-02-19,1750524.308
2020-02-20,1755416.833
2020-02-21,1779633.743
2020-02-26,1742841.937
2020-02-27,1752438.951
2020-02-28,1763260.227
2020-03-02,1761968.724
2020-03-03,1786552.583
2020-03-04,1784242.885
2020-03-05,1792140.434
2020-03-06,1802759.662
2020-03-09,1784439.567
2020-03-10,1800338.967
2020-03-11,1796152.201
2020-03-12,1807726.093
2020-03-13,1820192.686
2020-03-16,1812835.753
2020-03-17,1830106.984
2020-03-18,1830585.399
2020-03-19,1824698.141
2020-03-20,1790420.728
2020-03-25,1745141.215
2020-03-26,1752597.404
2020-03-27,1737988.795
2020-03-30,1704156.848
2020-04-01,1698371.044
2020-04-02,1730106.045
2020-04-03,1713924.607
2020-04-06,1701334.498
2020-04-07,1716371.446
2020-04-08,1709140.45
2020-04-13,1670543.912
2020-04-14,1705550.654
2020-04-15,1708632.448
2020-04-16,1729882.746
2020-04-17,1732339.474
2020-04-20,1724937.248
2020-04-21,1744363.76
2020-04-22,1782587.419
2020-04-23,1810771.699
2020-04-24,1820237.314
2020-04-27,1812960.685
2020-04-28,1823462.868
2020-04-29,1812639.078
2020-04-30,1802468.118
2020-05-04,1777884.449
2020-05-05,1798246.8
2020-05-06,1802927.168
2020-05-07,1827151.256
2020-05-08,1850101.486
2020-05-11,1864596.556
2020-05-12,1886733.827
2020-05-13,1881579.637
2020-05-14,1893552.314
2020-05-15,1897745.684
2020-05-18,1919652.812
2020-05-19,1955699.85
2020-05-20,1965444.157
2020-05-21,1987321.76
2020-05-22,2008055.536
2020-05-26,2011554.628
2020-05-27,2017229.625
2020-05-28,2025436.619
2020-05-29,2035694.045
2020-06-01,2036414.048
2020-06-02,2072610.289
2020-06-03,2075515.908
2020-06-04,2092468.066
2020-06-05,2114952.175
2020-06-08,2094277.501
2020-06-09,2132124.631
2020-06-10,2140091.241
2020-06-11,2156606.857
2020-06-12,2177841.683
2020-06-16,2160694.027
2020-06-17,2174858.737
2020-06-18,2193537.032
2020-06-19,2208469.478
2020-06-22,2199664.104
2020-06-23,2240553.502
2020-06-24,2262591.557
2020-06-25,2264519.211
2020-06-26,2276739.785
2020-06-29,2248593.205
2020-06-30,2274355.225
2020-07-01,2279077.683
2020-07-02,2282754.153
2020-07-03,2295886.868
2020-07-06,2276780.06
2020-07-07,2293734.444
2020-07-08,2310026.331
2020-07-13,2274180.371
2020-07-14,2299844.371
2020-07-15,2329349.993
2020-07-16,2339322.609
2020-07-17,2356793.926
2020-07-20,2360361.561
2020-07-21,2395265.092
2020-07-22,2397878.274
2020-07-23,2412690.595
2020-07-24,2433038.238
2020-07-27,2412742.934
2020-07-28,2446339.199
2020-07-29,2437304.616
2020-07-30,2427026.043
2020-07-31,2468759.021
2020-08-03,2463991.399
2020-08-04,2498408.055
2020-08-05,2501326.925
2020-08-06,2502815.662
2020-08-07,2499823.952
2020-08-10,2523458.577
2020-08-11,2540836.742
2020-08-12,2525384.892
2020-08-13,2532942.092
2020-08-14,2557752.491
2020-08-18,2528446.242
2020-08-19,2544405.69
2020-08-20,2556893.34
2020-08-21,2585047.621
2020-08-24,2599111.143
2020-08-25,2629026.278
2020-08-26,2634092.543
2020-08-27,2647321.978
2020-08-28,2643064.128
2020-08-31,2637919.861
2020-09-01,2659190.329
2020-09-02,2657428.058
2020-09-03,2663075.347
2020-09-04,2668049.359
2020-09-07,2648793.514
2020-09-08,2689437.641
2020-09-09,2695228.749
2020-09-10,2709674.91
2020-09-11,2713805.447
2020-09-14,2706064.69
2020-09-15,2737913.516
2020-09-16,2754853.979
2020-09-17,2747284.377
2020-09-18,2766633.466
2020-09-21,2748764.661
2020-09-22,2790108.845
2020-09-23,2787506.865
2020-09-24,2793468.665
2020-09-25,2799342.172
2020-09-28,2797294.985
2020-09-29,2803183.841
2020-09-30,2793192.42
2020-10-01,2805902.786
2020-10-02,2802510.516
2020-10-05,2785319.083
2020-10-06,2803002.48
2020-10-07,2788100.307
2020-10-08,2781354.976
2020-10-09,2767456.624
2020-10-13,2711385.137
2020-10-14,2712774.506
2020-10-15,2746856.316
2020-10-16,2731447.52
2020-10-19,2697141.117
2020-10-20,2730135.642
2020-10-21,2736552.547
2020-10-22,2740229.607
2020-10-23,2750845.56
2020-10-26,2718973.931
2020-10-27,2756468.471
2020-10-28,2742536.683
2020-10-29,2724451.913
2020-10-30,2720148.808
2020-11-02,2672760.519
2020-11-03,2699675.032
2020-11-04,2678304.905
2020-11-05,2678476.777
2020-11-09,2615582.375
2020-11-10,2639603.234
2020-11-11,2660605.798
2020-11-12,2677128.519
2020-11-13,2688552.658
2020-11-16,2668363.417
2020-11-17,2717261.869
2020-11-18,2721711.901
2020-11-19,2739755.511
2020-11-20,2751257.903
2020-11-24,2728630.183
2020-11-25,2739622.292
2020-11-26,2742992.955
2020-11-27,2740117.455
2020-11-30,2704070.549
2020-12-01,2728564.249
2020-12-02,2723627.654
2020-12-03,2727595.639
2020-12-04,2721225.992
2020-12-09,2669011.47
2020-12-10,2696109.505
2020-12-11,2736740.509
2020-12-14,2694387.818
2020-12-15,2755373.516
2020-12-16,2747074.381
2020-12-17,2731729.229
2020-12-18,2747305.08
2020-12-21,2735907.83
2020-12-22,2775348.372
2020-12-23,2821574.562
2020-12-28,2761308.579
2020-12-29,2792028.299
2020-12-30,2810506.002
2021-01-04,2793415.538
2021-01-05,2841520.489
2021-01-06,2870308.624
2021-01-07,2892799.122
2021-01-08,2891501.359
2021-01-11,2869780.102
2021-01-12,2896994.276
2021-01-13,2897300.468
2021-01-14,2923061.356
2021-01-15,2969985.252
2021-01-18,2957169.733
2021-01-19,3003265.07
2021-01-20,3009345.498
2021-01-21,3023677.613
2021-01-22,3039369.986
2021-01-25,3045447.704
2021-01-26,3078676.548
2021-01-27,3053716.659
2021-01-28,3044481.557
2021-01-29,3043036.189
2021-02-01,3052513.464
2021-02-02,3061924.683
2021-02-03,3052058.368
2021-02-04,3043621.434
2021-02-05,3062651.582
2021-02-08,3045559.921
2021-02-09,3072976.599
2021-02-10,3070210.041
2021-02-11,3071755.065
2021-02-12,3112926.136
2021-02-17,3066147.547
2021-02-18,3107671.04
2021-02-19,3133869.507
2021-02-22,3141039.02
2021-02-23,3180693.816
2021-02-24,3197776.906
2021-02-25,3186304.765
2021-02-26,3205454.496
2021-03-01,3170097.976
2021-03-02,3209732.778
2021-03-03,3214206.318
2021-03-04,3213631.549
2021-03-05,3217397.981
2021-03-08,3192781.289
2021-03-09,3216248.086
2021-03-10,3213677.372
2021-03-11,3241138.912
2021-03-12,3276041.951
2021-03-15,3267276.769
2021-03-16,3305294.348
2021-03-17,3343888.463
2021-03-18,3371087.771
2021-03-19,3359324.772
2021-03-22,3342267.163
2021-03-23,3388243.729
2021-03-25,3377840.68
2021-03-26,3412762.739
2021-03-29,3360904.661
2021-03-30,3372494.928
2021-03-31,3369401.482
2021-04-05,3329177.42
2021-04-06,3367413.224
2021-04-07,3362578.708
2021-04-08,3384991.509
2021-04-09,3408151.6
2021-04-12,3387013.184
2021-04-13,3443958.837
2021-04-14,3466297.354
2021-04-15,3484597.345
2021-04-16,3528983.225
2021-04-19,3506319.567
2021-04-20,3542435.174
2021-04-21,3524782.947
2021-04-22,3538973.953
2021-04-23,3566100.928
2021-04-26,3551894.991
2021-04-27,3583133.031
2021-04-28,3558790.012
2021-04-29,3534086.688
2021-04-30,3534735.183
2021-05-03,3532836.143
2021-05-04,3552594.132
2021-05-05,3528493.864
2021-05-06,3517014.565
2021-05-07,3539744.721
2021-05-10,3491857.328
2021-05-11,3534433.306
2021-05-12,3535033.946
2021-05-13,3568859.873
2021-05-14,3586916.892
2021-05-17,3576087.761
2021-05-18,3602724.855
2021-05-19,3598333.973
2021-05-20,3614923.621
2021-05-21,3622509.876
2021-05-26,3600542.876
2021-05-27,3616599.446
2021-05-28,3606713.04
2021-05-31,3567062.008
2021-06-01,3608346.583
2021-06-02,3618223.756
2021-06-03,3644014.33
2021-06-04,3611021.971
2021-06-07,3590765.766
2021-06-08,3622803.987
2021-06-09,3600322.403
2021-06-10,3624931.136
2021-06-11,3651723.832
2021-06-14,3630381.05
2021-06-15,3660528.478
2021-06-16,3662504.627
2021-06-17,3688235.299
2021-06-18,3725082.469
2021-06-22,3710330.094
2021-06-23,3738131.271
2021-06-24,3767607.078
2021-06-25,3759588.069
2021-06-28,3730639.737
2021-06-29,3714492.31
2021-06-30,3709122.341
2021-07-01,3716966.494
2021-07-02,3745279.393
2021-07-05,3715743.227
2021-07-06,3724822.868
2021-07-07,3707148.639
2021-07-08,3740969.548
2021-07-12,3667023.606
2021-07-13,3711186.722
2021-07-14,3725273.607
2021-07-15,3756901.395
2021-07-16,3795677.129
2021-07-19,3804332.177
2021-07-20,3828394.272
2021-07-21,3865820.779
2021-07-22,3840478.628
2021-07-23,3881453.007
2021-07-26,3844660.403
2021-07-27,3876526.593
2021-07-28,3860808.915
2021-07-29,3835500.995
2021-07-30,3859812.322
2021-08-02,3820651.021
2021-08-03,3844145.711
2021-08-04,3832848.805
2021-08-05,3830407.712
2021-08-06,3850930.322
2021-08-09,3807335.809
2021-08-10,3838173.393
2021-08-11,3821764.832
2021-08-12,3840529.926
2021-08-13,3922210.327
2021-08-17,3905411.732
2021-08-18,3914482.328
2021-08-19,3952915.339
2021-08-20,3989787.434
2021-08-23,3960365.622
2021-08-24,4014088.724
2021-08-25,4018005.474
2021-08-26,4056548.137
2021-08-27,4068510.728
2021-08-30,3974327.4
2021-08-31,4026456.483
2021-09-01,4013106.214
2021-09-02,4028825.644
2021-09-03,4041183.106
2021-09-06,3965101.738
2021-09-07,4006775.831
2021-09-08,4001565.627
2021-09-09,4012874.859
2021-09-10,4016286.622
2021-09-13,3990122.896
2021-09-14,4064776.536
2021-09-15,4103965.609
2021-09-16,4099455.314
2021-09-17,4111729.622
2021-09-20,4081834.007
2021-09-21,4121240.78
2021-09-22,4146337.36
2021-09-23,4175021.25
2021-09-24,4203093.594
2021-09-27,4167982.281
2021-09-28,4195760.65
2021-09-29,4150976.941
2021-09-30,4156665.173
2021-10-01,4156023.615
2021-10-04,4113588.547
2021-10-05,4144288.599
2021-10-06,4118389.138
2021-10-07,4129038.351
2021-10-12,4060174.668
2021-10-13,4069014.988
2021-10-14,4110699.331
2021-10-15,4163978.465
2021-10-18,4134467.465
2021-10-19,4193095.771
2021-10-20,4201232.93
2021-10-21,4241846.346
2021-10-22,4253520.447
2021-10-25,4237869.035
2021-10-26,4282544.711
2021-10-27,4265882.138
2021-10-28,4239231.474
2021-10-29,4259533.066
2021-11-01,4201632.364
2021-11-02,4231973.867
2021-11-03,4202902.666
2021-11-04,4181139.877
2021-11-05,4180877.061
2021-11-08,4176915.134
2021-11-09,4204449.362
2021-11-10,4223020.047
2021-11-11,4182488.226
2021-11-12,4211556.273
2021-11-15,4191624.237
2021-11-16,4258177.795
2021-11-17,4252773.297
2021-11-18,4286319.935
2021-11-19,4311217.234
2021-11-23,4275463.287
2021-11-24,4292815.162
2021-11-25,4305360.304
2021-11-26,4322978.333
2021-11-29,4268916.628
2021-11-30,4286191.015
2021-12-01,4267056.095
2021-12-02,4290390.13
2021-12-03,4296404.939
2021-12-06,4241673.21
2021-12-07,4260605.776
2021-12-09,4211803.571
2021-12-10,4242171.516
2021-12-13,4184879.1
2021-12-14,4247437.786
2021-12-15,4255352.854
2021-12-16,4265619.493
2021-12-17,4263261.519
2021-12-20,4230313.945
2021-12-21,4275163.759
2021-12-22,4321117.463
2021-12-23,4347650.116
2021-12-27,4343177.231
2021-12-28,4387978.617
2021-12-29,4349469.692
2021-12-30,4343102.297
2022-01-03,4272829.499
2022-01-04,4340662.801
2022-01-05,4371614.498
2022-01-06,4391522.597
2022-01-07,4433528.131
2022-01-10,4402081.841
2022-01-11,4441670.685
2022-01-12,4438090.474
2022-01-13,4494169.05
2022-01-14,4537321.803
2022-01-17,4517010.423
2022-01-18,4574067.717
2022-01-19,4584609.966
2022-01-20,4611335.673
2022-01-21,4647635.727
2022-01-24,4656887.981
2022-01-25,4702019.881
2022-01-26,4684489.58
2022-01-27,4686728.552
2022-01-28,4669802.728
2022-01-31,4676979.627
2022-02-01,4709769.691
2022-02-02,4666815.191
2022-02-03,4697054.969
2022-02-04,4709668.924
2022-02-07,4679813.711
2022-02-08,4721990.125
2022-02-09,4728175.445
2022-02-10,4733445.822
2022-02-11,4749356.733
2022-02-14,4732184.985
2022-02-15,4794321.457
2022-02-16,4790160.951
2022-02-17,4805388.513
2022-02-18,4858889.666
2022-02-21,4847369.718
2022-02-22,4914964.178
2022-02-23,4897059.963
2022-02-24,4897989.99
2022-02-25,4916948.429
2022-03-02,4868518.426
2022-03-03,4908804.916
2022-03-04,4958445.387
2022-03-07,4913835.867
2022-03-08,4964271.469
2022-03-09,4956885.893
2022-03-10,5001576.653
2022-03-11,5027605.368
2022-03-14,4994129.036
2022-03-15,5069359.074
2022-03-16,5058511.529
2022-03-17,5076746.067
2022-03-18,5112121.561
2022-03-21,5068104.121
2022-03-22,5143991.899
2022-03-23,5188813.547
2022-03-25,5224088.37
2022-03-28,5193157.288
2022-03-29,5244328.612
2022-03-30,5238282.981
2022-03-31,5272382.205
2022-04-01,5277624.982
2022-04-04,5235191.819
2022-04-05,5286157.655
2022-04-06,5258453.499
2022-04-07,5277734.404
2022-04-08,5305852.785
2022-04-11,5276294.912
2022-04-12,5311180.753
2022-04-13,5308343.364
2022-04-18,5250141.018
2022-04-19,5338857.709
2022-04-20,5360027.074
2022-04-21,5419930.438
2022-04-22,5452757.16
2022-04-25,5453185.757
2022-04-26,5513083.57
2022-04-27,5456143.333
2022-04-28,5451842.061
2022-04-29,5522636.943
2022-05-02,5465554.285
2022-05-03,5534050.936
2022-05-04,5485830.406
2022-05-05,5517746.035
2022-05-06,5534345.64
2022-05-09,5482678.821
2022-05-10,5541369.951
2022-05-11,5535776.368
2022-05-12,5562449.159
2022-05-13,5653969.669
2022-05-16,5705229.998
2022-05-17,5755021.629
2022-05-19,5713884.079
2022-05-20,5762655.649
2022-05-23,5745192.059
2022-05-24,5805685.349
2022-05-26,5803806.782
2022-05-27,5791880.424
2022-05-30,5763876.587
2022-05-31,5832404.269
2022-06-01,5798589.722
2022-06-02,5834770.674
2022-06-03,5845279.61
2022-06-06,5840789.15
2022-06-07,5906780.37
2022-06-08,5887092.597
2022-06-09,5936158.023
2022-06-10,5970487.182
2022-06-13,5915556.149
2022-06-14,5979190.543
2022-06-15,5986113.72
2022-06-16,6037490.185
2022-06-21,6029904.607
2022-06-22,6092126.758
2022-06-23,6144096.707
2022-06-24,6250489.8
2022-06-27,6162668.41
2022-06-28,6251725.745
2022-06-29,6198794.389
2022-06-30,6269227.362
2022-07-01,6292031.217
2022-07-04,6246178.195
2022-07-05,6332815.542
2022-07-06,6288792.296
2022-07-07,6322721.331
2022-07-08,6378646.254
2022-07-11,6331109.404
2022-07-12,6426959.313
2022-07-13,6454843.966
2022-07-14,6529478.29
2022-07-15,6597161.926
2022-07-18,6642961.444
2022-07-19,6690609.604
2022-07-20,6738029.682
2022-07-21,6687145.291
2022-07-22,6725057.273
2022-07-25,6702946.943
2022-07-26,6785638.771
2022-07-27,6782264.461
2022-07-28,6739078.137
2022-07-29,6733249.995
2022-08-01,6659874.894
2022-08-02,6773742.934
2022-08-03,6743581.657
2022-08-04,6736217.924
2022-08-05,6764208.124
2022-08-08,6755815.362
2022-08-09,6800545.218
2022-08-10,6797045.015
2022-08-11,6795719.521
2022-08-12,6915998.263
2022-08-16,6927063.628
2022-08-17,6971129.676
2022-08-18,7041851.306
2022-08-19,7131858.114
2022-08-22,7066980.987
2022-08-23,7220349.456
2022-08-24,7253271.557
2022-08-25,7315989.57
2022-08-26,7369209.823
2022-08-29,7280412.727
2022-08-30,7257577.74
2022-08-31,7211838.922
2022-09-01,7209578.1
2022-09-05,7047182.815
2022-09-06,7133830.169
2022-09-07,7139059.41
2022-09-08,7190378.219
2022-09-09,7192135.731
2022-09-12,7116004.052
2022-09-13,7239173.499
2022-09-14,7314505.673
2022-09-15,7273392.075
2022-09-16,7531748.405
2022-09-19,7645091.958
2022-09-20,7737187.556
2022-09-21,7776476.599
2022-09-22,7858712.657
2022-09-23,7963993.206
2022-09-26,7948690.004
2022-09-27,8013254.53
2022-09-28,8024598.665
2022-09-29,7978502.845
2022-09-30,7959524.169
2022-10-03,7980619.922
2022-10-04,8060903.553
2022-10-05,8025406.86
2022-10-06,8084999.745
2022-10-11,7931131.588
2022-10-12,7935367.494
2022-10-13,8048137.225
2022-10-14,8181805.312
2022-10-17,8165449.518
2022-10-18,8283427.009
2022-10-19,8263752.337
2022-10-20,8339521.262
2022-10-21,8453852.205
2022-10-24,8441541.482
2022-10-25,8548750.644
2022-10-26,8555319.054
2022-10-27,8495311.899
2022-10-28,8556551.705
2022-10-31,8449506.32
2022-11-01,8521464.44
2022-11-02,8531797.52
2022-11-03,8611783.75
2022-11-04,8628906.949
2022-11-07,8609430.026
2022-11-08,8676031.027
2022-11-09,8757404.644
2022-11-10,8711214.443
2022-11-11,8751788.369
2022-11-14,8759021.444
2022-11-15,8886313.546
2022-11-16,8894570.514
2022-11-17,8968035.313
2022-11-18,9050596.949
2022-11-22,8975059.717
2022-11-23,8979134.862
2022-11-24,9064911.911
2022-11-25,9143205.605
2022-11-28,8938828.018
2022-11-29,9022032.574
2022-11-30,8920385.173
2022-12-01,8955196.031
2022-12-02,9029521.115
2022-12-05,8886868.743
2022-12-06,8924026.814
2022-12-07,8981374.03
2022-12-12,8801217.256
2022-12-13,8923071.91
2022-12-14,8946474.877
2022-12-15,8981837.292
2022-12-16,8976038.404
2022-12-19,8914193.885
2022-12-20,8922852.011
2022-12-21,9040502.183
2022-12-22,9026391.849
2022-12-23,9107352.567
2022-12-26,9050744.845
2022-12-27,9144792.698
2022-12-28,9073909.642
2022-12-29,9067504.858
2022-12-30,9091266.423
2023-01-02,9226255.797
2023-01-03,9393783.791
2023-01-04,9417803.514
2023-01-05,9524404.481
2023-01-06,9578679.95
2023-01-09,9600117.924
2023-01-10,9690168.921
2023-01-11,9647877.666
2023-01-12,9804165.303
2023-01-13,9921486.46
2023-01-16,9949360.08
2023-01-17,10121343.007
2023-01-18,10121239.9
2023-01-19,10203068.701
2023-01-20,10238011.893
2023-01-23,9912816.281
2023-01-24,10161002.248
2023-01-25,10077127.247
2023-01-26,10073060.792
2023-01-27,10182159.823
2023-01-30,9956769.917
2023-01-31,10021735.965
2023-02-01,9907345.14
2023-02-02,10008613.533
2023-02-03,10112634.718
2023-02-06,9849157.006
2023-02-07,9974221.224
2023-02-08,9998706.527
2023-02-09,10020161.45
2023-02-10,10023549.85
2023-02-13,9973156.317
2023-02-14,10134429.671
2023-02-15,10180995.007
2023-02-16,10185628.602
2023-02-17,10249940.618
2023-02-22,10147181.296
2023-02-23,10139667.162
2023-02-24,10217467.108
2023-02-27,10113509.425
2023-02-28,10206166.663
2023-03-01,10247091.287
2023-03-02,10312861.085
2023-03-03,10377132.774
2023-03-06,10178007.543
2023-03-07,10360348.572
2023-03-08,10334799.827
2023-03-09,10373136.413
2023-03-10,10469267.816
2023-03-13,10432049.907
2023-03-14,10595712.545
2023-03-15,10575688.817
2023-03-16,10580146.135
2023-03-17,10937411.231
2023-03-20,11082910.902
2023-03-21,11231082.77
2023-03-22,11357689.821
2023-03-23,11504858.263
2023-03-27,11339395.128
2023-03-28,11520084.347
2023-03-29,11494458.751
2023-03-30,11477536.329
2023-03-31,11497028.414
2023-04-03,11431401.852
2023-04-04,11464835.219
2023-04-05,11525480.428
2023-04-10,11326632.408
2023-04-11,11556024.601
2023-04-12,11557615.335
2023-04-13,11769489.578
2023-04-14,11847300.4
2023-04-17,11717016.339
2023-04-18,11931728.326
2023-04-19,11693815.891
2023-04-20,11771879.698
2023-04-21,12256330.042
2023-04-24,12300112.375
2023-04-25,12669629.027
2023-04-26,12503607.984
2023-04-27,12291445.739
2023-04-28,12355101.362
2023-05-02,12299403.857
2023-05-03,12274253.385
2023-05-04,12407502.111
2023-05-05,12348912.005
2023-05-08,12464741.981
2023-05-09,12566208.238
2023-05-10,12436932.848
2023-05-11,12581045.617
2023-05-12,12738007.126
2023-05-15,12603222.508
2023-05-16,13005502.226
2023-05-17,13078301.083
2023-05-18,13206950.015
2023-05-19,13530824.704
2023-05-22,13350524.249
2023-05-23,13522228.01
2023-05-24,13575367.84
2023-05-29,13322087.516
2023-05-30,13315721.669
2023-05-31,13305208.032
2023-06-01,13274431.056
2023-06-02,13403701.796
2023-06-05,13293959.707
2023-06-06,13362743.011
2023-06-07,13434391.568
2023-06-08,13465554.891
2023-06-09,13651093.931
2023-06-12,13560142.734
2023-06-13,13686889.157
2023-06-14,13800923.955
2023-06-15,13924380.08
2023-06-16,14293341.992
2023-06-21,13984820.408
2023-06-22,14173017.725
2023-06-23,14290099.547
2023-06-26,14416235.19
2023-06-27,14564794.093
2023-06-28,14411346.185
2023-06-29,14324611.035
2023-06-30,14245832.875
2023-07-03,14172546.429
2023-07-04,14351323.701
2023-07-05,14353425.756
2023-07-06,14287807.335
2023-07-07,14369174.716
2023-07-10,14361900.466
2023-07-11,14525155.982
2023-07-12,14621442.117
2023-07-13,14781839.598
2023-07-14,15055371.274
2023-07-17,14908557.643
2023-07-18,14992832.837
2023-07-19,15153240.484
2023-07-20,15382533.674
2023-07-21,15381157.974
2023-07-24,15354690.795
2023-07-25,15567415.479
2023-07-26,15690911.399
2023-07-27,15660536.703
2023-07-28,15682727.21
2023-07-31,15569444.044
2023-08-01,15659636.801
2023-08-02,15583155.82
2023-08-03,15632211.342
2023-08-04,15530111.593
2023-08-07,15442817.5
2023-08-08,15667219.419
2023-08-09,15664574.185
2023-08-10,15739836.866
2023-08-11,15853803.081
2023-08-14,15357345.039
2023-08-15,16130666.8
2023-08-16,16264363.857
2023-08-17,16410003.427
2023-08-18,16711794.628
2023-08-22,16612512.581
2023-08-23,16622739.315
2023-08-24,16796581.932
2023-08-25,16987484.778
2023-08-28,17000465.758
2023-08-29,17118393.285
2023-08-30,16886680.006
2023-08-31,16632234.531
2023-09-01,16834039.597
2023-09-04,16775504.071
2023-09-05,16931970.744
2023-09-06,16726493.784
2023-09-07,16667328.361
2023-09-08,16695510.689
2023-09-11,16640105.473
2023-09-12,16695039.855
2023-09-13,16752116.78
2023-09-14,16916915.675
2023-09-15,17117236.851
2023-09-18,17073795.173
2023-09-19,17393226.958
2023-09-20,17597694.507
2023-09-21,18130718.995
2023-09-22,18158995.555
2023-09-25,18048039.998
2023-09-26,18193560.893
2023-09-27,18022359.924
2023-09-28,17888831.18
2023-09-29,17717641.577
2023-10-02,17395804.584
2023-10-03,17539396.594
2023-10-04,17342512.278
2023-10-05,17221543.69
2023-10-06,17160865.501
2023-10-09,16891298.77
2023-10-10,16978371.107
2023-10-11,16829911.033
2023-10-12,16904671.903
2023-10-17,16539210.957
2023-10-18,16404343.501
2023-10-19,16398831.511
2023-10-20,16206127.65
2023-10-23,15691497.736
2023-10-24,16056983.732
2023-10-25,16257137.273
2023-10-26,16560023.204
2023-10-27,16679355.938
2023-10-30,16480222.923
2023-10-31,16616025.619
2023-11-01,16596274.921
2023-11-02,16610922.001
2023-11-03,17038122.025
2023-11-07,16922238.043
2023-11-08,16847075.592
2023-11-09,17022294.41
2023-11-10,17143228.865
2023-11-13,17163008.766
2023-11-14,17289872.102
2023-11-15,17381481.115
2023-11-16,17097518.951
2023-11-17,17095154.747
2023-11-21,16978461.356
2023-11-22,16939228.735
2023-11-23,16980919.206
2023-11-24,16971730.589
2023-11-27,17082638.59
2023-11-28,17286655.255
2023-11-29,17070699.879
2023-11-30,16534546.814
2023-12-01,16822796.939
2023-12-04,15989737.691
2023-12-05,15677630.579
2023-12-06,15348718.266
2023-12-07,15097792.406
2023-12-11,14705053.734
2023-12-12,14888676.123
2023-12-13,15054075.733
2023-12-14,15960276.164
2023-12-15,16421267.813
2023-12-18,16400700.585
2023-12-19,16472311.767
2023-12-20,16505512.745
2023-12-21,16479101.711
2023-12-22,16354925.745
2023-12-26,16367060.381
2023-12-27,16206933.395
2023-12-28,16303122.843
2023-12-29,15936728.89
2024-01-02,16173478.228
2024-01-03,16211669.61
2024-01-04,16223196.641
2024-01-05,16245270.975
2024-01-08,16178217.466
2024-01-09,16306024.476
2024-01-10,16218428.256
2024-01-11,16531269.821
2024-01-12,16610239.209
2024-01-15,16642813.095
2024-01-16,16842279.828
2024-01-17,16790461.354
2024-01-18,18108392.527
2024-01-19,18550460.523
2024-01-22,18787339.15
2024-01-23,19054360.323
2024-01-24,19226381.599
2024-01-25,19391011.696
2024-01-26,19691689.568
2024-01-29,19008033.464
2024-01-30,19023711.087
2024-01-31,19541043.713
2024-02-01,19696238.949
2024-02-02,20109472.987
2024-02-05,20126064.403
2024-02-06,20313766.18
2024-02-07,20331726.413
2024-02-08,20561396.352
2024-02-09,20703716.233
2024-02-14,20670336.038
2024-02-15,21116025.739
2024-02-16,21766201.483
2024-02-19,21107786.877
2024-02-20,21533263.372
2024-02-21,22816446.352
2024-02-22,23056087.773
2024-02-23,23327144.786
2024-02-26,22577079.257
2024-02-27,22446745.563
2024-02-28,22639736.685
2024-02-29,22828739.326
2024-03-01,23273155.945
2024-03-04,22826315.552
2024-03-05,23166834.76
2024-03-06,23150159.589
2024-03-07,23393747.861
2024-03-08,23820942.239
2024-03-11,23943601.486
2024-03-12,24003157.39
2024-03-13,24779751.81
2024-03-14,25220637.504
2024-03-15,25616135.061
2024-03-18,25616130.478
2024-03-19,26135406.638
2024-03-20,26431620.057
2024-03-21,27786544.081
2024-03-22,27961331.769
2024-03-25,27328977.1
2024-03-26,27228683.071
2024-03-27,27670967.244
2024-04-03,27430281.464
2024-04-04,27616350.591
2024-04-05,28360180.83
2024-04-08,28397032.616
2024-04-09,28770119.718
2024-04-10,28971626.861
2024-04-11,29175557.488
2024-04-12,29935159.853
2024-04-15,29873942.934
2024-04-16,30282667.327
2024-04-17,30532189.345
2024-04-18,30990390.267
2024-04-19,31208800.733
2024-04-22,31337179.621
2024-04-23,31774096.603
2024-04-24,31872794.424
2024-04-25,31629399.127
2024-04-26,31646250.808
2024-04-29,31003247.117
2024-04-30,30917125.679
2024-05-02,32026747.229
2024-05-03,31898958.243
2024-05-06,31436692.372
2024-05-07,31603481.76
2024-05-08,31504147.927
2024-05-09,31350249.867
2024-05-10,31704215.903
2024-05-13,31921310.273
2024-05-14,32480777.93
2024-05-15,32725073.25
2024-05-16,33135368.704
2024-05-17,33970471.007
2024-05-20,33985403.206
2024-05-21,34516076.132
2024-05-22,32536720.48
2024-05-23,32755969.595
2024-05-24,33114047.951
2024-05-27,32399913.817
2024-05-28,32395086.151
2024-05-29,32236438.524
2024-05-30,31504621.173
2024-05-31,31393278.157
2024-06-03,30331746.031
2024-06-04,30519372.794
2024-06-05,30099992.205
2024-06-06,29820916.758
2024-06-07,29741014.256
2024-06-10,29227928.041
2024-06-11,29549668.372
2024-06-12,30460758.534
2024-06-13,30743912.758
2024-06-14,32788302.442
2024-06-18,32771752.363
2024-06-19,33597985.765
2024-06-24,32943495.391
2024-06-25,33491800.584
2024-06-26,33401508.202
2024-06-27,32772902.53
2024-06-28,32262956.509
2024-07-01,32074281.455
2024-07-02,32462756.95
2024-07-03,32183447.831
2024-07-04,31601743.675
2024-07-05,31995726.809
2024-07-08,31742311.611
2024-07-10,31627987.028
2024-07-11,32043117.878
2024-07-12,31424513.926
2024-07-15,30035073.232
2024-07-16,32868288.74
2024-07-17,33931233.992
2024-07-18,34383943.874
2024-07-19,34547456.587
2024-07-22,34412118.669
2024-07-23,35003698.83
2024-07-24,34931503.897
2024-07-25,34382806.454
2024-07-26,34857778.702
2024-07-29,33542180.913
2024-07-30,33966213.54
2024-07-31,33777139.427
2024-08-01,34375757.135
2024-08-02,34473905.243
2024-08-05,34006530.893
2024-08-06,34069836.168
2024-08-07,33911803.578
2024-08-08,34223105.222
2024-08-09,34417217.691
2024-08-12,33887248.336
2024-08-13,34538945.266
2024-08-14,34907014.422
2024-08-15,35511040.879
2024-08-16,36205111.638
2024-08-19,36110313.964
2024-08-20,36512386.18
2024-08-21,36401090.521
2024-08-22,36847199.187
2024-08-23,37209881.665
2024-08-26,37155518.734
2024-08-27,37365137.108
2024-08-28,36383054.279
2024-08-29,36115103.099
2024-08-30,35858894.982
2024-09-02,35811544.588
2024-09-03,35953421.837
2024-09-04,35573536.685
2024-09-05,35159281.405
2024-09-06,36611443.72
2024-09-09,36410411.47
2024-09-10,36553226.248
2024-09-11,36873061.209
2024-09-12,37458380.92
2024-09-13,38649496.591
2024-09-16,38646130.347
2024-09-17,39169677.738
2024-09-18,39155805.06
2024-09-19,39601637.561
2024-09-20,40203778.104
2024-09-23,39792180.399
2024-09-24,40464044.262
2024-09-25,40326722.059
2024-09-26,40225293.231
2024-09-27,39504083.512
2024-09-30,38774790.28
2024-10-01,39924997.541
2024-10-02,39941061.87
2024-10-03,39992230.235
2024-10-04,39759979.636
2024-10-07,39634465.753
2024-10-08,39759730.112
2024-10-09,39901393.036
2024-10-10,40556160.746
2024-10-14,40519872.452
2024-10-15,41628417.3
2024-10-16,42008240.927
2024-10-17,42695100.042
2024-10-18,43534144.181
2024-10-21,43276433.889
2024-10-22,43847527.664
2024-10-23,43786878.229
2024-10-24,43976907.432
2024-10-25,44696399.35
2024-10-28,43877588.97
2024-10-29,43988748.338
2024-10-30,43533080.766
2024-10-31,42868018.009
2024-11-01,43212398.066
2024-11-04,43284978.059
2024-11-05,43178279.52
2024-11-07,43088144.084
2024-11-08,43414110.428
2024-11-11,43453319.204
2024-11-12,44571585.906
2024-11-13,44673109.537
2024-11-14,45661070.424
2024-11-15,46396324.987
2024-11-19,46316037.319
2024-11-20,46541976.431
2024-11-21,47168108.746
2024-11-22,47336592.61
2024-11-25,47235343.316
2024-11-26,47882786.648
2024-11-27,46736050.337
2024-11-28,46372318.724
2024-11-29,46561715.392
2024-12-02,46722304.237
2024-12-03,47228215.773
2024-12-04,46875418.891
2024-12-05,46591932.374
2024-12-06,47050216.65
2024-12-09,46146201.672
2024-12-10,46353390.023
2024-12-11,46525902.658
2024-12-12,46915220.02
2024-12-13,46889306.423
2024-12-16,46378653.17
2024-12-17,46825543.462
2024-12-18,46841973.77
2024-12-19,46684251.83
2024-12-20,46635824.763
2024-12-23,46229612.873
2024-12-26,46468481.769
2024-12-27,46503544.801
2024-12-30,42949716.242
2025-01-02,43646626.646
2025-01-03,48028457.722
2025-01-06,47603275.79
2025-01-07,48005320.636
2025-01-08,47921459.707
2025-01-09,48118948.632
2025-01-10,48322114.87
2025-01-13,48169290.099
2025-01-14,49375698.81
2025-01-15,49856914.641
2025-01-16,50526523.799
2025-01-17,50514072.562
2025-01-20,50076354.281
2025-01-21,50821118.365
2025-01-22,51214326.76
2025-01-23,51270389.713
2025-01-24,52020744.006
2025-01-27,50991882.392
2025-01-28,51488569.662
2025-01-29,50755647.123
2025-01-30,50703601.896
2025-01-31,50618123.404
2025-02-03,50448330.002
2025-02-04,51623708.202
2025-02-05,52016385.802
2025-02-06,52490108.139
2025-02-07,53365352.784
2025-02-10,52904829.573
2025-02-11,53136635.994
2025-02-12,53129885.621
2025-02-13,54056239.715
2025-02-14,55029025.522
2025-02-17,54937770.248
2025-02-18,55490187.093
2025-02-19,55513553.633
2025-02-20,55932348.259
2025-02-21,56598068.138
2025-02-24,56176986.38
2025-02-25,56652077.229
2025-02-26,56038624.125
2025-02-27,54871056.89
2025-02-28,54834793.967
2025-03-05,53671482.264
2025-03-06,53649492.652
2025-03-07,54225215.138
2025-03-10,53253852.409
2025-03-11,53477061.605
2025-03-12,53333141.664
2025-03-13,53563800.53
2025-03-14,54259312.422
2025-03-17,54047451.973
2025-03-18,54680427.88
2025-03-19,54919102.771
2025-03-20,55408652.657
2025-03-21,56001851.366
2025-03-25,55599481.965
2025-03-26,55467068.171
2025-03-27,55770651.492
2025-03-28,55267651.758
2025-03-31,54551956.528
2025-04-01,54841485.43
2025-04-03,55034308.135
2025-04-04,55105445.554
2025-04-07,54155870.737
2025-04-08,54457029.607
2025-04-09,54054511.289
2025-04-10,53982046.167
2025-04-11,53707165.298
2025-04-14,51903706.361
2025-04-15,52083383.685
2025-04-16,54307131.637
2025-04-21,52947380.376
2025-04-22,53530570.398
2025-04-23,53783542.944
2025-04-24,53804203.867
2025-04-25,54156722.873
2025-04-28,53833415.655
2025-04-29,53981138.409
2025-04-30,53820050.136
2025-05-05,52466506.024
2025-05-06,52671484.292
2025-05-07,52416667.812
2025-05-08,52675720.917
2025-05-09,53286293.264
2025-05-12,53355519.646
2025-05-13,53898923.539
2025-05-14,54898842.983
2025-05-15,55486206.723
2025-05-16,56008913.837
2025-05-19,56591600.563
2025-05-20,57870526.63
2025-05-21,57669404.801
2025-05-22,58015523.459
2025-05-23,59554898.872
2025-05-26,58968144.466
2025-05-27,59167279.776
2025-05-28,58971065.904
2025-05-29,58424173.07
2025-05-30,58390965.995
2025-06-02,58684694.825
2025-06-03,58806716.831
2025-06-04,58509503.097
2025-06-05,58470421.625
2025-06-06,58638055.394
2025-06-09,57977868.992
2025-06-10,58496515.934
2025-06-11,58664576.701
2025-06-12,59314799.154
2025-06-13,60874061.014
2025-06-17,60094706.227
2025-06-18,60535495.585
2025-06-19,61422442.067
2025-06-23,59577971.641
2025-06-24,60488674.944
2025-06-25,60263039.919
2025-06-26,60457699.09
2025-06-27,60907992.8
2025-06-30,59442629.474
2025-07-01,59701716.61
2025-07-02,59834634.316
2025-07-03,60369002.804
2025-07-04,60330745.288
2025-07-07,59890460.763
2025-07-08,60412961.53
2025-07-10,59913219.386
2025-07-11,60630694.621
2025-07-14,60426241.47
2025-07-15,62011672.657
2025-07-16,63399716.099
2025-07-17,63752155.834
2025-07-18,64421061.52
2025-07-21,64519997.298
2025-07-22,64758424.2
2025-07-23,64161895.068
2025-07-24,64356886.711
2025-07-25,64055587.92
2025-07-28,63007845.097
2025-07-29,63263684.246
2025-07-30,61857301.839
2025-07-31,60762448.827
2025-08-01,60633673.142
2025-08-04,60069923.072
2025-08-05,60778783.454
2025-08-06,60456326.235
2025-08-07,60562542.384
2025-08-08,61049176.33
2025-08-11,59509981.524
2025-08-12,59980204.844
2025-08-13,59898290.38
2025-08-14,60955225.141
2025-08-18,61424122.225
2025-08-19,62869798.497
2025-08-20,63524781.751
2025-08-21,63928101.262
2025-08-22,64551630.138
2025-08-25,63646701.975
2025-08-26,64249075.737
2025-08-27,64648935.998
2025-08-28,65135010.697
2025-08-29,65357400.129
2025-09-01,65065413.972
2025-09-02,65380622.859
2025-09-03,65760697.425
2025-09-04,66068663.014
2025-09-05,66488331.759
2025-09-08,65759701.664
2025-09-09,66265182.815
2025-09-10,66162266.025
2025-09-11,66460059.175
2025-09-12,68203796.408
2025-09-15,68334027.554
2025-09-16,69049612.343
2025-09-17,68922537.308
2025-09-18,68624555.006
2025-09-19,68589731.028
2025-09-22,67614382.478
2025-09-23,67832094.036
2025-09-24,68204030.037
2025-09-25,68766365.356
2025-09-26,69464883.33
2025-09-29,68369270.14
2025-09-30,68846691.807
2025-10-01,68051541.887
2025-10-02,68093640.752
2025-10-03,67937733.907
2025-10-06,66916211.874
2025-10-07,67239568.811
2025-10-08,66803360.797
2025-10-09,67188963.254
2025-10-13,65818900.347
2025-10-14,66279404.787
2025-10-15,66855208.027
2025-10-16,67711163.271
2025-10-17,68413266.76
2025-10-20,67622394.509
2025-10-21,67892658.53
2025-10-22,67189214.832
2025-10-23,67396556.184
2025-10-24,68296042.088
2025-10-27,67484421.578
2025-10-28,68249140.98
2025-10-29,68391572.565
2025-10-30,68614750.423
2025-10-31,68619691.667
2025-11-03,68146382.704
2025-11-04,68349610.12
2025-11-05,68165463.429
2025-11-07,67812533.837
2025-11-10,67621613.044
2025-11-11,68146554.943
2025-11-12,67901132.671
2025-11-13,68651950.179
2025-11-14,70363025.374
2025-11-17,69846162.078
2025-11-18,70760451.515
2025-11-19,70189004.848
2025-11-20,70648813.091
2025-11-25,69560006.19
2025-11-26,69529128.489
2025-11-27,69044676.94
2025-11-28,68433773.497
2025-12-01,67888691.696
2025-12-02,68245093.69
2025-12-03,67766071.077
2025-12-04,67653701.895
2025-12-05,70039715.762
2025-12-09,69503495.106
2025-12-10,69328314.767
2025-12-11,69374951.775
2025-12-12,69820131.401
2025-12-15,69171421.848
2025-12-16,69928645.024
2025-12-17,69551342.326
2025-12-18,69842976.876
2025-12-19,70179064.971
2025-12-22,69657297.691
2025-12-23,71276187.699
2025-12-26,73351045.126
2025-12-29,64147860.964
2025-12-30,64520886.28
2026-01-02,64744044.765
2026-01-05,65033817.107
2026-01-06,65563560.198
2026-01-07,70667093.372
2026-01-08,70408846.407
2026-01-09,70762043.792
2026-01-12,70143520.054
2026-01-13,70307014.965
2026-01-14,71425019.36
2026-01-15,72353047.137
2026-01-16,72585104.939
2026-01-19,72254814.621
2026-01-20,73067034.789
2026-01-21,73286384.887
2026-01-22,73596909.02
2026-01-23,74266750.954
2026-01-26,74346398.067
2026-01-27,74920360.696
2026-01-28,74391355.503
2026-01-29,74023717.018
2026-01-30,73870935.993
2026-02-02,72849815.601
2026-02-03,73204507.739
2026-02-04,72846922.728
2026-02-05,73050681.202
2026-02-06,73341387.378
2026-02-09,72603168.509
2026-02-10,72919377.607
2026-02-11,72177690.8
2026-02-12,72368180.689
2026-02-13,74432992.302
2026-02-18,73063079.453
2026-02-19,73090861.96
2026-02-20,73089483.865
2026-02-23,72247838.18
2026-02-24,73530525.707
2026-02-25,73571346.171
2026-02-26,74057614.651
2026-02-27,73922567.965
2026-03-02,73265278.188
2026-03-03,73881864.519
2026-03-04,73607760.976
2026-03-05,74209711.223
2026-03-06,74219097.855
2026-03-09,73514816.57
2026-03-10,73816010.335
2026-03-11,73620394.454
2026-03-12,74689718.898
2026-03-13,75843487.59
2026-03-16,75617570.497
2026-03-17,76696203.578
2026-03-18,77160528.505
2026-03-19,76795057.818
2026-03-20,76684495.403
2026-03-25,75661445.407
2026-03-26,76057563.968
2026-03-27,76936699.746
2026-03-30,75619870.534
2026-03-31,76116550.222
2026-04-01,75907707.33
2026-04-06,74596253.937
2026-04-07,75456557.314
2026-04-08,76275718.519
2026-04-09,77869386.94
2026-04-10,78473630.147
2026-04-13,77625245.751
2026-04-14,80179147.751
2026-04-15,80824566.565
2026-04-16,81625793.879
2026-04-17,83485321.135
2026-04-20,82971680.439
2026-04-21,83636985.723
2026-04-22,84166415.924
2026-04-23,84266806.001
2026-04-24,84305592.442
2026-04-27,83094555.717
2026-04-28,82952438.627
2026-04-29,81710121.309
2026-04-30,81014652.149
2026-05-04,80301365.953
2026-05-05,81083232.119
2026-05-06,80173631.364
2026-05-07,80480920.507
2026-05-08,80729391.683
2026-05-11,80038048.43
2026-05-12,80613625.738
2026-05-13,80330734.486
2026-05-14,80395744.324
2026-05-15,82042224.921
2026-05-18,82578664.455
2026-05-19,83515284.107
2026-05-20,84438988.676
2026-05-21,84579943.241
2026-05-22,85270448.87
2026-05-26,84970200.869
2026-05-27,84843423.002
2026-05-28,84014389.117
2026-05-29,83175561.999
2026-06-01,82269631.693
2026-06-02,83040970.714
2026-06-03,82786478.058
2026-06-04,82307313.776
2026-06-05,81952801.942
2026-06-08,81351714.821
2026-06-09,81821239.008
2026-06-10,81184975.249
2026-06-11,81777040.743
2026-06-12,83669011.308
2026-06-16,83168894.435
2026-06-17,83757638.941
2026-06-18,84176107.879
2026-06-19,84294658.584
2026-06-22,83091643.718
2026-06-23,84134572.357
2026-06-24,83862421.478
2026-06-25,83113023.652
2026-06-26,83253295.503
2026-06-29,81681584.533
2026-06-30,81895333.601
2026-07-01,81836486.509
2026-07-02,82349335.064
2026-07-03,82837558.735
2026-07-06,82211946.146
2026-07-07,82511951.974
2026-07-08,82026872.619
2026-07-13,81192242.783
2026-07-14,81155788.893
2026-07-15,81351351.57
2026-07-16,82082907.588
2026-07-17,84009505.875
2026-07-20,83621723.622
2026-07-21,84074146.977
2026-07-22,84925263.226
2026-07-23,85123395.557
2026-07-24,87000688.348
2026-07-27,86106146.07
2026-07-28,86194425.703
2026-07-29,85927133.893
2026-07-30,84597960.955
2026-07-31,86889175.111
2026-08-03,86942619.033
2026-08-04,87123780.446
2026-08-05,86772190.889
2026-08-06,86577082.925
2026-08-07,86753140.839
2026-08-10,86844233.133
2026-08-11,86924174.189
2026-08-12,86146557.213
2026-08-13,87518343.157
2026-08-14,88789474.818
2026-08-18,87090478.532
2026-08-19,88419359.864
2026-08-20,88911859.965
2026-08-21,89727426.083
2026-08-24,89380460.404
2026-08-25,89616695.614
2026-08-26,89948307.12
2026-08-27,89982344.019
2026-08-28,89930976.304
2026-08-31,88302036.116
2026-09-01,88594628.966
2026-09-02,88542853.803
2026-09-03,89053306.893
2026-09-04,89190700.597
2026-09-07,88840338.159
2026-09-08,89007471.248
2026-09-09,88907339.873
2026-09-10,88995483.354
2026-09-11,88903063.557
2026-09-14,89496954.794
2026-09-15,90878995.656
2026-09-16,93191616.955
2026-09-17,93224829.397
2026-09-18,93721893.57
2026-09-21,92435838.006
2026-09-22,93392157.632
2026-09-23,92652969.25
2026-09-24,93325734.969
2026-09-25,93862851.901
2026-09-28,93457612.027
2026-09-29,92792978.912
2026-09-30,92266518.451
