anio,geocodigoFundar,geonombreFundar,industry_gdp
1970,ABW,Aruba,2517232.37295248
1971,ABW,Aruba,2746007.10715572
1972,ABW,Aruba,2995583.23147431
1973,ABW,Aruba,3267835.6880905
1974,ABW,Aruba,3564812.60881807
1975,ABW,Aruba,3888843.2845879
1976,ABW,Aruba,4242255.3621255
1977,ABW,Aruba,4627710.80991352
1978,ABW,Aruba,5048607.10430029
1979,ABW,Aruba,5507138.71137692
1980,ABW,Aruba,6007231.44548173
1981,ABW,Aruba,6555226.45863121
1982,ABW,Aruba,7148077.03828781
1983,ABW,Aruba,7796854.16722882
1984,ABW,Aruba,8517802.59444037
1985,ABW,Aruba,9268153.7980894
1986,ABW,Aruba,10118357.5934314
1987,ABW,Aruba,11817325.408286
1988,ABW,Aruba,13817503.9726777
1989,ABW,Aruba,15662376.3791681
1990,ABW,Aruba,16643782.8298589
1991,ABW,Aruba,16621221.0438682
1992,ABW,Aruba,19215415.9295189
1993,ABW,Aruba,21744810.4895413
1994,ABW,Aruba,15463007.7098131
1995,ABW,Aruba,28642394.4849864
1996,ABW,Aruba,28209516.8661197
1997,ABW,Aruba,30048255.8385378
1998,ABW,Aruba,35985079.670035
1999,ABW,Aruba,47069995.4435926
2000,ABW,Aruba,53591418.1360981
2001,ABW,Aruba,58205183.3441914
2002,ABW,Aruba,64375443.2320959
2003,ABW,Aruba,75047419.0210181
2004,ABW,Aruba,99881661.7918781
2005,ABW,Aruba,118957831.613413
2006,ABW,Aruba,136875328.819527
2007,ABW,Aruba,158061023.438913
2008,ABW,Aruba,180521344.420462
2009,ABW,Aruba,101757812.465057
2010,ABW,Aruba,65748448.4298791
2011,ABW,Aruba,110482554.198412
2012,ABW,Aruba,52273749.217874
2013,ABW,Aruba,87312785.4580966
2014,ABW,Aruba,96120536.5434063
2015,ABW,Aruba,106229050.27933
2016,ABW,Aruba,109557702.931522
2017,ABW,Aruba,116142138.698427
2018,ABW,Aruba,102706737.090734
2019,ABW,Aruba,79725862.3354745
2020,ABW,Aruba,75064033.7162109
2021,ABW,Aruba,90175779.4210328
2022,ABW,Aruba,96961619.9315999
2023,ABW,Aruba,105097770.125257
1970,AFG,Afganistán,1043274933.54122
1971,AFG,Afganistán,1093553243.55007
1972,AFG,Afganistán,1143831553.60216
1973,AFG,Afganistán,1194109863.66867
1974,AFG,Afganistán,1315032530.8743
1975,AFG,Afganistán,1440993828.2386
1976,AFG,Afganistán,1476262596.23704
1977,AFG,Afganistán,1531684724.06228
1978,AFG,Afganistán,1672761068.96532
1979,AFG,Afganistán,1546801594.78462
1980,AFG,Afganistán,1451072354.3886
1981,AFG,Afganistán,1420838268.51082
1982,AFG,Afganistán,1486335398.29476
1983,AFG,Afganistán,1637492599.09219
1984,AFG,Afganistán,1672770475.52843
1985,AFG,Afganistán,1823924570.93683
1986,AFG,Afganistán,1909543398.2857
1987,AFG,Afganistán,1879316707.08284
1988,AFG,Afganistán,1652630362.74125
1989,AFG,Afganistán,1516617966.27914
1990,AFG,Afganistán,1943632928.54557
1991,AFG,Afganistán,1704466478.81787
1992,AFG,Afganistán,1034179536.34592
1993,AFG,Afganistán,670405801.85193
1994,AFG,Afganistán,408703131.683907
1995,AFG,Afganistán,405837869.669119
1996,AFG,Afganistán,483690675.913565
1997,AFG,Afganistán,578251540.492924
1998,AFG,Afganistán,695093249.00071
1999,AFG,Afganistán,831869843.547249
2000,AFG,Afganistán,988160123.726596
2001,AFG,Afganistán,1067807329.04247
2002,AFG,Afganistán,1545257608.91804
2003,AFG,Afganistán,1478982857.12381
2004,AFG,Afganistán,1421611126.61282
2005,AFG,Afganistán,1355048277.17753
2006,AFG,Afganistán,1290527682.94367
2007,AFG,Afganistán,1245070251.56568
2008,AFG,Afganistán,1176032397.868
2009,AFG,Afganistán,1142853023.64641
2010,AFG,Afganistán,1095228036.58068
2011,AFG,Afganistán,1041695622.70166
2012,AFG,Afganistán,1031726843.90509
2013,AFG,Afganistán,964468232.940143
2014,AFG,Afganistán,867944953.277162
2015,AFG,Afganistán,809348330.76595
2016,AFG,Afganistán,754349423.205029
2017,AFG,Afganistán,900192888.873811
2018,AFG,Afganistán,1067987660.47614
2019,AFG,Afganistán,1583563310.70769
2020,AFG,Afganistán,1469165649.92938
2021,AFG,Afganistán,1317755749.7377
2022,AFG,Afganistán,1186214120.41202
2023,AFG,Afganistán,1206135558.88819
1970,AGO,Angola,2917623771.49363
1971,AGO,Angola,3094977179.70686
1972,AGO,Angola,3102242840.94179
1973,AGO,Angola,3352407939.60099
1974,AGO,Angola,3448740231.27488
1975,AGO,Angola,3277274728.98122
1976,AGO,Angola,3124275925.43757
1977,AGO,Angola,3144162140.6555
1978,AGO,Angola,2966430201.70661
1979,AGO,Angola,2941012688.90925
1980,AGO,Angola,3050533635.7348
1981,AGO,Angola,3009955568.41081
1982,AGO,Angola,2899823190.51103
1983,AGO,Angola,2978274680.01059
1984,AGO,Angola,2994481446.42577
1985,AGO,Angola,3546627321.5254
1986,AGO,Angola,3387003489.9544
1987,AGO,Angola,2527693926.74407
1988,AGO,Angola,2809539937.27012
1989,AGO,Angola,2306724150.58469
1990,AGO,Angola,1925034855.92237
1991,AGO,Angola,1887269061.80211
1992,AGO,Angola,1466408062.5719
1993,AGO,Angola,1381356391.18271
1994,AGO,Angola,1520873382.60479
1995,AGO,Angola,1347493818.64067
1996,AGO,Angola,1382528656.987
1997,AGO,Angola,1511103824.82857
1998,AGO,Angola,1585147910.07554
1999,AGO,Angola,1697693414.02364
2000,AGO,Angola,1848788127.80357
2001,AGO,Angola,1991302115.11346
2002,AGO,Angola,2164442355.43292
2003,AGO,Angola,2240382028.95012
2004,AGO,Angola,2620663971.55267
2005,AGO,Angola,2842586384.26939
2006,AGO,Angola,4156829579.97283
2007,AGO,Angola,4419764666.83929
2008,AGO,Angola,4536223495.49571
2009,AGO,Angola,4711443641.92692
2010,AGO,Angola,5186034256.26935
2011,AGO,Angola,5658692146.28393
2012,AGO,Angola,6181974256.18137
2013,AGO,Angola,6563618184.23676
2014,AGO,Angola,5898013530.12876
2015,AGO,Angola,6605775153.74522
2016,AGO,Angola,7372045071.57974
2017,AGO,Angola,7460509612.4386
2018,AGO,Angola,7505272670.1131
2019,AGO,Angola,7122503763.9374
2020,AGO,Angola,7314811365.56307
2021,AGO,Angola,7373329856.48807
2022,AGO,Angola,7557663102.90037
2023,AGO,Angola,7663470386.34097
1970,AIA,Anguila,803406.00327359
1971,AIA,Anguila,783348.636162572
1972,AIA,Anguila,873718.325636255
1973,AIA,Anguila,909482.422383516
1974,AIA,Anguila,907765.871923456
1975,AIA,Anguila,940876.052771717
1976,AIA,Anguila,954165.911807462
1977,AIA,Anguila,955757.179771355
1978,AIA,Anguila,1021962.66980466
1979,AIA,Anguila,1124672.23449424
1980,AIA,Anguila,1194135.06942787
1981,AIA,Anguila,1215211.37079727
1982,AIA,Anguila,1208297.85002863
1983,AIA,Anguila,1175361.62257432
1984,AIA,Anguila,1295470.58256777
1985,AIA,Anguila,1533664.15373172
1986,AIA,Anguila,1444750.08462716
1987,AIA,Anguila,1827365.53185707
1988,AIA,Anguila,1708977.17823183
1989,AIA,Anguila,1730075.11111137
1990,AIA,Anguila,1941060.29844069
1991,AIA,Anguila,2173143.86930601
1992,AIA,Anguila,2299734.62117844
1993,AIA,Anguila,2405226.98951487
1994,AIA,Anguila,2489620.52365885
1995,AIA,Anguila,2658408.49325973
1996,AIA,Anguila,2643286.26505344
1997,AIA,Anguila,2734135.90365812
1998,AIA,Anguila,3040122.62756758
1999,AIA,Anguila,4697052.58980225
2000,AIA,Anguila,4878141.67816338
2001,AIA,Anguila,4103756.59901067
2002,AIA,Anguila,5073331.8071901
2003,AIA,Anguila,5147343.11778489
2004,AIA,Anguila,4399230.85965371
2005,AIA,Anguila,6933742.17470858
2006,AIA,Anguila,8892997.72776332
2007,AIA,Anguila,12830019.5480096
2008,AIA,Anguila,12727409.5783979
2009,AIA,Anguila,10851186.5769748
2010,AIA,Anguila,6015410.21139984
2011,AIA,Anguila,5974811.0214822
2012,AIA,Anguila,6088854.59616666
2013,AIA,Anguila,6089065.50339042
2014,AIA,Anguila,6946983.36284654
2015,AIA,Anguila,7145746.2962963
2016,AIA,Anguila,6882974.82306075
2017,AIA,Anguila,6767504.47002067
2018,AIA,Anguila,7401944.94504774
2019,AIA,Anguila,7555612.48906817
2020,AIA,Anguila,7579966.8655351
2021,AIA,Anguila,7497889.70560081
2022,AIA,Anguila,8416491.61212971
2023,AIA,Anguila,8791674.38234787
1970,ALB,Albania,310201639.298409
1971,ALB,Albania,322674963.766045
1972,ALB,Albania,335586939.256822
1973,ALB,Albania,348949944.956147
1974,ALB,Albania,363185702.478752
1975,ALB,Albania,377506490.329211
1976,ALB,Albania,392317018.238937
1977,ALB,Albania,409471170.23491
1978,ALB,Albania,423946240.400119
1979,ALB,Albania,440326638.562628
1980,ALB,Albania,465504402.433184
1981,ALB,Albania,470430256.822138
1982,ALB,Albania,493468506.536217
1983,ALB,Albania,492732333.801538
1984,ALB,Albania,494949100.630374
1985,ALB,Albania,496197525.042203
1986,ALB,Albania,532415968.288244
1987,ALB,Albania,551292510.169537
1988,ALB,Albania,549663775.464335
1989,ALB,Albania,571055292.361002
1990,ALB,Albania,560706333.974383
1991,ALB,Albania,345676936.639333
1992,ALB,Albania,169505928.025191
1993,ALB,Albania,154320544.550107
1994,ALB,Albania,145596623.46132
1995,ALB,Albania,160889652.12877
1996,ALB,Albania,188323265.79094
1997,ALB,Albania,146211566.989096
1998,ALB,Albania,206737347.525587
1999,ALB,Albania,233530075.9967
2000,ALB,Albania,249471535.530886
2001,ALB,Albania,263834446.288744
2002,ALB,Albania,274859495.792023
2003,ALB,Albania,327907615.623888
2004,ALB,Albania,347644524.32948
2005,ALB,Albania,395911407.654593
2006,ALB,Albania,447486430.222803
2007,ALB,Albania,504106931.394468
2008,ALB,Albania,478750479.359495
2009,ALB,Albania,492609358.240509
2010,ALB,Albania,549635826.753883
2011,ALB,Albania,607192875.936788
2012,ALB,Albania,512122206.654785
2013,ALB,Albania,562547861.381816
2014,ALB,Albania,615277896.274107
2015,ALB,Albania,645804411.394999
2016,ALB,Albania,675131587.653484
2017,ALB,Albania,759060557.272803
2018,ALB,Albania,806569358.938082
2019,ALB,Albania,851716514.267435
2020,ALB,Albania,816704234.557672
2021,ALB,Albania,907678067.873552
2022,ALB,Albania,972006471.431571
2023,ALB,Albania,912555456.318038
1970,AND,Andorra,32789588.5130488
1971,AND,Andorra,34314138.939345
1972,AND,Andorra,37110856.8740413
1973,AND,Andorra,40001380.0724087
1974,AND,Andorra,42248423.1938529
1975,AND,Andorra,42477137.6540171
1976,AND,Andorra,43881106.8682864
1977,AND,Andorra,45128010.5454193
1978,AND,Andorra,45788215.0423732
1979,AND,Andorra,45802638.6592445
1980,AND,Andorra,46815070.8054229
1981,AND,Andorra,46758904.2062458
1982,AND,Andorra,47346673.3442753
1983,AND,Andorra,48177646.9394805
1984,AND,Andorra,49008025.3635995
1985,AND,Andorra,50175897.2960267
1986,AND,Andorra,51842862.3749899
1987,AND,Andorra,54718680.6847061
1988,AND,Andorra,57425326.3947936
1989,AND,Andorra,60024742.3017006
1990,AND,Andorra,62707843.3136394
1991,AND,Andorra,64368340.2667528
1992,AND,Andorra,64750686.4981649
1993,AND,Andorra,63541709.5078287
1994,AND,Andorra,64390927.5157629
1995,AND,Andorra,69803758.7753059
1996,AND,Andorra,69788539.7218412
1997,AND,Andorra,74231118.351314
1998,AND,Andorra,73954112.9018087
1999,AND,Andorra,75476703.4263429
2000,AND,Andorra,85841805.907647
2001,AND,Andorra,83626490.2429713
2002,AND,Andorra,87084006.7206206
2003,AND,Andorra,99545905.9392635
2004,AND,Andorra,108813569.191992
2005,AND,Andorra,109091997.876704
2006,AND,Andorra,112966884.547793
2007,AND,Andorra,113511508.844966
2008,AND,Andorra,112818936.716673
2009,AND,Andorra,107893393.064522
2010,AND,Andorra,108323387.860529
2011,AND,Andorra,107167262.962716
2012,AND,Andorra,103595799.911784
2013,AND,Andorra,102987961.469717
2014,AND,Andorra,101131050.182552
2015,AND,Andorra,103395506.277344
2016,AND,Andorra,108244631.762168
2017,AND,Andorra,108840927.935476
2018,AND,Andorra,106478244.984633
2019,AND,Andorra,110539809.485844
2020,AND,Andorra,99772725.7527186
2021,AND,Andorra,117605356.595982
2022,AND,Andorra,113375029.026854
2023,AND,Andorra,110506056.87226
1970,ANT,Antillas Holandesas,132079409.40228
1971,ANT,Antillas Holandesas,140653237.387063
1972,ANT,Antillas Holandesas,147355871.438832
1973,ANT,Antillas Holandesas,153009252.596026
1974,ANT,Antillas Holandesas,161822882.263589
1975,ANT,Antillas Holandesas,166233119.684189
1976,ANT,Antillas Holandesas,174863833.986705
1977,ANT,Antillas Holandesas,242725291.381264
1978,ANT,Antillas Holandesas,258277069.731594
1979,ANT,Antillas Holandesas,258521563.905793
1980,ANT,Antillas Holandesas,309952340.872648
1981,ANT,Antillas Holandesas,294972314.919417
1982,ANT,Antillas Holandesas,281413759.474458
1983,ANT,Antillas Holandesas,266018973.925488
1984,ANT,Antillas Holandesas,245317904.27689
1985,ANT,Antillas Holandesas,238589931.198433
1986,ANT,Antillas Holandesas,236588752.975867
1987,ANT,Antillas Holandesas,186651888.365795
1988,ANT,Antillas Holandesas,203604350.497921
1989,ANT,Antillas Holandesas,221154615.684321
1990,ANT,Antillas Holandesas,237110720.415845
1991,ANT,Antillas Holandesas,242919232.74905
1992,ANT,Antillas Holandesas,272013216.833938
1993,ANT,Antillas Holandesas,251199503.907456
1994,ANT,Antillas Holandesas,269849449.547877
1995,ANT,Antillas Holandesas,281721726.106532
1996,ANT,Antillas Holandesas,294131970.404995
1997,ANT,Antillas Holandesas,245760019.660115
1998,ANT,Antillas Holandesas,219509201.467004
1999,ANT,Antillas Holandesas,217744731.469498
2000,ANT,Antillas Holandesas,231903727.982939
2001,ANT,Antillas Holandesas,246809343.717737
2002,ANT,Antillas Holandesas,229461198.66829
2003,ANT,Antillas Holandesas,215561343.819327
2004,ANT,Antillas Holandesas,222388007.948376
2005,ANT,Antillas Holandesas,186713371.816463
2006,ANT,Antillas Holandesas,235445189.82797
2007,ANT,Antillas Holandesas,224301793.677565
2008,ANT,Antillas Holandesas,257989162.539639
2009,ANT,Antillas Holandesas,244861608.944616
1970,ARE,Emiratos Árabes Unidos,265713417.983349
1971,ARE,Emiratos Árabes Unidos,323674999.982329
1972,ARE,Emiratos Árabes Unidos,339750470.76696
1973,ARE,Emiratos Árabes Unidos,383235784.307432
1974,ARE,Emiratos Árabes Unidos,573396730.554732
1975,ARE,Emiratos Árabes Unidos,344233614.023366
1976,ARE,Emiratos Árabes Unidos,511974569.815875
1977,ARE,Emiratos Árabes Unidos,1402460253.54038
1978,ARE,Emiratos Árabes Unidos,1658447538.44831
1979,ARE,Emiratos Árabes Unidos,1853902217.58267
1980,ARE,Emiratos Árabes Unidos,3056531941.05486
1981,ARE,Emiratos Árabes Unidos,5827174948.25035
1982,ARE,Emiratos Árabes Unidos,6746832972.19952
1983,ARE,Emiratos Árabes Unidos,6648376324.04826
1984,ARE,Emiratos Árabes Unidos,7041473607.92655
1985,ARE,Emiratos Árabes Unidos,6886860204.93554
1986,ARE,Emiratos Árabes Unidos,5558600295.04131
1987,ARE,Emiratos Árabes Unidos,5993168243.05261
1988,ARE,Emiratos Árabes Unidos,5915779430.44388
1989,ARE,Emiratos Árabes Unidos,6157619470.02451
1990,ARE,Emiratos Árabes Unidos,6488754293.66979
1991,ARE,Emiratos Árabes Unidos,6682575486.64177
1992,ARE,Emiratos Árabes Unidos,7075705236.99825
1993,ARE,Emiratos Árabes Unidos,6388222114.75887
1994,ARE,Emiratos Árabes Unidos,8065351312.74596
1995,ARE,Emiratos Árabes Unidos,9026235344.31445
1996,ARE,Emiratos Árabes Unidos,9879434096.78066
1997,ARE,Emiratos Árabes Unidos,12275569621.8744
1998,ARE,Emiratos Árabes Unidos,12873084864.7266
1999,ARE,Emiratos Árabes Unidos,14021175613.0279
2000,ARE,Emiratos Árabes Unidos,18289930535.7617
2001,ARE,Emiratos Árabes Unidos,18447774709.1566
2002,ARE,Emiratos Árabes Unidos,18982169466.3148
2003,ARE,Emiratos Árabes Unidos,19796051793.6471
2004,ARE,Emiratos Árabes Unidos,21363230020.0339
2005,ARE,Emiratos Árabes Unidos,22767308141.4146
2006,ARE,Emiratos Árabes Unidos,24420343189.5179
2007,ARE,Emiratos Árabes Unidos,24877703049.2115
2008,ARE,Emiratos Árabes Unidos,28598585664.6191
2009,ARE,Emiratos Árabes Unidos,25072612746.6366
2010,ARE,Emiratos Árabes Unidos,26661662419.8156
2011,ARE,Emiratos Árabes Unidos,33288406129.7075
2012,ARE,Emiratos Árabes Unidos,26781231267.7048
2013,ARE,Emiratos Árabes Unidos,28383991732.6507
2014,ARE,Emiratos Árabes Unidos,28986158149.7619
2015,ARE,Emiratos Árabes Unidos,33976082195.5072
2016,ARE,Emiratos Árabes Unidos,38033340523.6741
2017,ARE,Emiratos Árabes Unidos,39373446311.2224
2018,ARE,Emiratos Árabes Unidos,39693071264.4327
2019,ARE,Emiratos Árabes Unidos,41270075591.9991
2020,ARE,Emiratos Árabes Unidos,42267617481.571
2021,ARE,Emiratos Árabes Unidos,47014480523.3045
2022,ARE,Emiratos Árabes Unidos,51810252631.1788
2023,ARE,Emiratos Árabes Unidos,53759415944.8478
1970,ARG,Argentina,45011099432.4364
1971,ARG,Argentina,47775766694.652
1972,ARG,Argentina,49695376624.7136
1973,ARG,Argentina,51666462128.3408
1974,ARG,Argentina,54701376152.3233
1975,ARG,Argentina,53305101219.8133
1976,ARG,Argentina,51687910284.1757
1977,ARG,Argentina,55726597991.5917
1978,ARG,Argentina,49862672238.6192
1979,ARG,Argentina,54827920270.2156
1980,ARG,Argentina,52848255504.6926
1981,ARG,Argentina,46521094118.5307
1982,ARG,Argentina,45277605754.1267
1983,ARG,Argentina,48605765789.0398
1984,ARG,Argentina,49904113935.1498
1985,ARG,Argentina,44948447069.002
1986,ARG,Argentina,50068693277.347
1987,ARG,Argentina,50544144711.0104
1988,ARG,Argentina,48276607104.6453
1989,ARG,Argentina,44601001790.9489
1990,ARG,Argentina,43595239142.6464
1991,ARG,Argentina,47892588638.5448
1992,ARG,Argentina,52811682317.3754
1993,ARG,Argentina,55518098170.0866
1994,ARG,Argentina,57933913838.4411
1995,ARG,Argentina,59717022673.856
1996,ARG,Argentina,63569913332.9145
1997,ARG,Argentina,69387477142.5939
1998,ARG,Argentina,70670270981.5913
1999,ARG,Argentina,65066919958.5847
2000,ARG,Argentina,62579271944.9337
2001,ARG,Argentina,57972198737.6733
2002,ARG,Argentina,51621214837.1763
2003,ARG,Argentina,59863669677.1183
2004,ARG,Argentina,67075060489.2241
2005,ARG,Argentina,72054149062.1411
2006,ARG,Argentina,78610922696.7002
2007,ARG,Argentina,84533444073.7789
2008,ARG,Argentina,87594484990.56
2009,ARG,Argentina,81235279187.4359
2010,ARG,Argentina,90096376358.0552
2011,ARG,Argentina,97003713288.8985
2012,ARG,Argentina,94177678654.2847
2013,ARG,Argentina,95593669856.283
2014,ARG,Argentina,90762320524.9934
2015,ARG,Argentina,91457498475.6646
2016,ARG,Argentina,86334836230.3757
2017,ARG,Argentina,88557155759.1111
2018,ARG,Argentina,84302052978.7763
2019,ARG,Argentina,79111954553.1486
2020,ARG,Argentina,73023140435.3399
2021,ARG,Argentina,84538806929.9441
2022,ARG,Argentina,88446407986.0194
2023,ARG,Argentina,86582756847.3247
1990,ARM,Armenia,1773287165.14891
1991,ARM,Armenia,1809628150.8164
1992,ARM,Armenia,539907621.471043
1993,ARM,Armenia,592460743.029709
1994,ARM,Armenia,333085964.90974
1995,ARM,Armenia,341622727.478394
1996,ARM,Armenia,344082556.999217
1997,ARM,Armenia,349153277.088266
1998,ARM,Armenia,340161636.019193
1999,ARM,Armenia,355300301.717785
2000,ARM,Armenia,380513971.257362
2001,ARM,Armenia,390669722.371407
2002,ARM,Armenia,457282738.119666
2003,ARM,Armenia,531257054.949125
2004,ARM,Armenia,662788956.403147
2005,ARM,Armenia,721365541.945777
2006,ARM,Armenia,718036527.828115
2007,ARM,Armenia,729486845.697622
2008,ARM,Armenia,735740169.945215
2009,ARM,Armenia,683416278.712568
2010,ARM,Armenia,769255367.841485
2011,ARM,Armenia,864467097.193048
2012,ARM,Armenia,900199664.261502
2013,ARM,Armenia,969843286.639437
2014,ARM,Armenia,1027925739.70703
2015,ARM,Armenia,971558305.281334
2016,ARM,Armenia,1079636818.46961
2017,ARM,Armenia,1206840056.03221
2018,ARM,Armenia,1342557675.73381
2019,ARM,Armenia,1470122521.32735
2020,ARM,Armenia,1411836982.01683
2021,ARM,Armenia,1448408383.2586
2022,ARM,Armenia,1629414104.10361
2023,ARM,Armenia,1663615296.4512
1970,ATG,Antigua y Barbuda,10638595.8148483
1971,ATG,Antigua y Barbuda,11343822.0234869
1972,ATG,Antigua y Barbuda,12146618.9290374
1973,ATG,Antigua y Barbuda,13571958.180267
1974,ATG,Antigua y Barbuda,13341925.0647395
1975,ATG,Antigua y Barbuda,12766842.0940814
1976,ATG,Antigua y Barbuda,5635812.96697782
1977,ATG,Antigua y Barbuda,7016012.38750042
1978,ATG,Antigua y Barbuda,8439551.06427114
1979,ATG,Antigua y Barbuda,9761408.74468868
1980,ATG,Antigua y Barbuda,11591672.4979089
1981,ATG,Antigua y Barbuda,14133706.135033
1982,ATG,Antigua y Barbuda,14133706.135033
1983,ATG,Antigua y Barbuda,14438749.8514504
1984,ATG,Antigua y Barbuda,15048838.0116431
1985,ATG,Antigua y Barbuda,15455563.4517716
1986,ATG,Antigua y Barbuda,16065651.6119643
1987,ATG,Antigua y Barbuda,16777420.7685102
1988,ATG,Antigua y Barbuda,17082464.8486065
1989,ATG,Antigua y Barbuda,17592299.4523069
1990,ATG,Antigua y Barbuda,18120128.5265482
1991,ATG,Antigua y Barbuda,17124451.2191776
1992,ATG,Antigua y Barbuda,16098783.491251
1993,ATG,Antigua y Barbuda,15295044.2935528
1994,ATG,Antigua y Barbuda,15600944.8375657
1995,ATG,Antigua y Barbuda,14821197.5398976
1996,ATG,Antigua y Barbuda,15421003.0415872
1997,ATG,Antigua y Barbuda,16344703.9215096
1998,ATG,Antigua y Barbuda,17244412.174044
1999,ATG,Antigua y Barbuda,18018161.314865
2000,ATG,Antigua y Barbuda,18557047.3200843
2001,ATG,Antigua y Barbuda,18908589.9354277
2002,ATG,Antigua y Barbuda,19910485.7890863
2003,ATG,Antigua y Barbuda,20204902.8067182
2004,ATG,Antigua y Barbuda,21176038.6951721
2005,ATG,Antigua y Barbuda,22208694.8777142
2006,ATG,Antigua y Barbuda,24968303.080732
2007,ATG,Antigua y Barbuda,28840240.7949413
2008,ATG,Antigua y Barbuda,28490046.3374486
2009,ATG,Antigua y Barbuda,34097596.7225401
2010,ATG,Antigua y Barbuda,33651368.1116799
2011,ATG,Antigua y Barbuda,37458931.3794372
2012,ATG,Antigua y Barbuda,32272869.6175851
2013,ATG,Antigua y Barbuda,37338917.3274449
2014,ATG,Antigua y Barbuda,39022750.8447924
2015,ATG,Antigua y Barbuda,40259259.2592593
2016,ATG,Antigua y Barbuda,43095955.0336244
2017,ATG,Antigua y Barbuda,45241660.8116698
2018,ATG,Antigua y Barbuda,49096657.633243
2019,ATG,Antigua y Barbuda,49787647.6295627
2020,ATG,Antigua y Barbuda,37858978.2194118
2021,ATG,Antigua y Barbuda,39713740.8411121
2022,ATG,Antigua y Barbuda,39204590.3175081
2023,ATG,Antigua y Barbuda,39248231.7909599
1970,AUS,Australia,45479119606.6274
1971,AUS,Australia,46410232518.982
1972,AUS,Australia,48453052031.1924
1973,AUS,Australia,51727192146.3774
1974,AUS,Australia,49599939220.9327
1975,AUS,Australia,49070571568.5862
1976,AUS,Australia,50282574644.4181
1977,AUS,Australia,50065398171.6605
1978,AUS,Australia,52126312407.9328
1979,AUS,Australia,54373297111.75
1980,AUS,Australia,55487457662.0947
1981,AUS,Australia,56863474219.9571
1982,AUS,Australia,52186262163.4336
1983,AUS,Australia,52978616950.76
1984,AUS,Australia,55684839404.2624
1985,AUS,Australia,56038882299.9557
1986,AUS,Australia,57572691138.806
1987,AUS,Australia,61412303309.512
1988,AUS,Australia,64949338884.0583
1989,AUS,Australia,64184131155.8266
1990,AUS,Australia,62770787391.709
1991,AUS,Australia,60908951588.7978
1992,AUS,Australia,62209748170.4187
1993,AUS,Australia,64984969399.1201
1994,AUS,Australia,66364944903.1004
1995,AUS,Australia,67872737810.3183
1996,AUS,Australia,68898104854.8742
1997,AUS,Australia,71184679019.8711
1998,AUS,Australia,72890419232.9878
1999,AUS,Australia,73825861644.2925
2000,AUS,Australia,75531036293.6781
2001,AUS,Australia,77612876388.0025
2002,AUS,Australia,80850728748.776
2003,AUS,Australia,82011831088.8054
2004,AUS,Australia,81276032674.5929
2005,AUS,Australia,80802090267.898
2006,AUS,Australia,82372095185.5413
2007,AUS,Australia,85652930389.8814
2008,AUS,Australia,81187804732.5352
2009,AUS,Australia,81547503265.5399
2010,AUS,Australia,81242664414.4557
2011,AUS,Australia,82162271041.2885
2012,AUS,Australia,79440778367.0453
2013,AUS,Australia,78699324315.5214
2014,AUS,Australia,77457346361.9391
2015,AUS,Australia,75706361050.3313
2016,AUS,Australia,75229590824.9807
2017,AUS,Australia,76871422336.4786
2018,AUS,Australia,76090378823.775
2019,AUS,Australia,74625003196.3926
2020,AUS,Australia,75891300390.4139
2021,AUS,Australia,77744652737.358
2022,AUS,Australia,77868511194.4775
2023,AUS,Australia,78064196245.4518
1970,AUT,Austria,19315307654.2382
1971,AUT,Austria,20443074979.8897
1972,AUT,Austria,21998339471.8571
1973,AUT,Austria,23137567847.0947
1974,AUT,Austria,23931818615.6994
1975,AUT,Austria,22506063989.7137
1976,AUT,Austria,23921503670.7391
1977,AUT,Austria,25020669133.1948
1978,AUT,Austria,25488348122.1176
1979,AUT,Austria,26777449210.1475
1980,AUT,Austria,27711939327.0099
1981,AUT,Austria,27713852349.1359
1982,AUT,Austria,27692949459.1304
1983,AUT,Austria,28853293351.4239
1984,AUT,Austria,28989534544.4615
1985,AUT,Austria,30684701706.3284
1986,AUT,Austria,31838918313.6834
1987,AUT,Austria,31446431013.3583
1988,AUT,Austria,32998035306.6225
1989,AUT,Austria,34194962834.6047
1990,AUT,Austria,36387905743.0167
1991,AUT,Austria,37368037669.7582
1992,AUT,Austria,37176822775.8212
1993,AUT,Austria,36381222703.0713
1994,AUT,Austria,37730604070.2541
1995,AUT,Austria,40627426283.5789
1996,AUT,Austria,40997125964.3512
1997,AUT,Austria,42081569411.2125
1998,AUT,Austria,43356359780.0765
1999,AUT,Austria,45496326110.7922
2000,AUT,Austria,48264386579.3777
2001,AUT,Austria,49725930157.9918
2002,AUT,Austria,49075029982.6551
2003,AUT,Austria,49355656859.055
2004,AUT,Austria,50722357056.7527
2005,AUT,Austria,53053807560.184
2006,AUT,Austria,57284677561.5918
2007,AUT,Austria,61582444533.2269
2008,AUT,Austria,62446356759.8961
2009,AUT,Austria,53563482277.7246
2010,AUT,Austria,57954975350.7953
2011,AUT,Austria,62067541321.2144
2012,AUT,Austria,63339971756.1601
2013,AUT,Austria,63573522000.6109
2014,AUT,Austria,64986894967.5656
2015,AUT,Austria,65444863055.8644
2016,AUT,Austria,68594277528.6254
2017,AUT,Austria,70725577454.1523
2018,AUT,Austria,73452078898.3937
2019,AUT,Austria,74282508245.0496
2020,AUT,Austria,68690675337.1015
2021,AUT,Austria,76169536703.0636
2022,AUT,Austria,81269321724.7644
2023,AUT,Austria,79845636945.0043
1990,AZE,Azerbaiyán,2851386997.04214
1991,AZE,Azerbaiyán,2800397465.90597
1992,AZE,Azerbaiyán,2178850466.39009
1993,AZE,Azerbaiyán,1713490319.58158
1994,AZE,Azerbaiyán,1294679705.77342
1995,AZE,Azerbaiyán,1018360802.27121
1996,AZE,Azerbaiyán,950580670.911879
1997,AZE,Azerbaiyán,958912635.243577
1998,AZE,Azerbaiyán,968769076.448778
1999,AZE,Azerbaiyán,1005413910.56516
2000,AZE,Azerbaiyán,1097947579.31585
2001,AZE,Azerbaiyán,1142797659.90437
2002,AZE,Azerbaiyán,1236451322.57462
2003,AZE,Azerbaiyán,1409710596.46003
2004,AZE,Azerbaiyán,1557549591.85852
2005,AZE,Azerbaiyán,1811306419.01226
2006,AZE,Azerbaiyán,1974511280.79117
2007,AZE,Azerbaiyán,2175757441.04289
2008,AZE,Azerbaiyán,2330300098.96474
2009,AZE,Azerbaiyán,2036406159.5320401
2010,AZE,Azerbaiyán,2175734309.09558
2011,AZE,Azerbaiyán,2323674292.98882
2012,AZE,Azerbaiyán,2432184020.40414
2013,AZE,Azerbaiyán,2483094582.64073
2014,AZE,Azerbaiyán,2575319760.60754
2015,AZE,Azerbaiyán,2648932112.24205
2016,AZE,Azerbaiyán,2615942463.78973
2017,AZE,Azerbaiyán,2586477274.73872
2018,AZE,Azerbaiyán,2752440618.19645
2019,AZE,Azerbaiyán,3038537929.25979
2020,AZE,Azerbaiyán,3331135680.97173
2021,AZE,Azerbaiyán,3981806886.15003
2022,AZE,Azerbaiyán,4096546390.34785
2023,AZE,Azerbaiyán,4498602078.48973
1970,BDI,Burundi,110779499.126205
1971,BDI,Burundi,122956599.029992
1972,BDI,Burundi,121581632.374048
1973,BDI,Burundi,132021498.958602
1974,BDI,Burundi,135627698.930206
1975,BDI,Burundi,136129932.259463
1976,BDI,Burundi,150225398.814783
1977,BDI,Burundi,153691632.120856
1978,BDI,Burundi,168371665.338535
1979,BDI,Burundi,184393731.878655
1980,BDI,Burundi,207389431.697255
1981,BDI,Burundi,227247120.859999
1982,BDI,Burundi,248259760.123402
1983,BDI,Burundi,256320951.88109
1984,BDI,Burundi,260270990.920561
1985,BDI,Burundi,284497298.642754
1986,BDI,Burundi,288263001.58402
1987,BDI,Burundi,309625288.602684
1988,BDI,Burundi,311344644.34553
1989,BDI,Burundi,313585093.386658
1990,BDI,Burundi,337064381.482654
1991,BDI,Burundi,368342916.238514
1992,BDI,Burundi,399917664.262798
1993,BDI,Burundi,343835585.707731
1994,BDI,Burundi,280335026.865923
1995,BDI,Burundi,233845437.73734
1996,BDI,Burundi,242865992.55438
1997,BDI,Burundi,240362540.399865
1998,BDI,Burundi,236598706.314639
1999,BDI,Burundi,247187003.192135
2000,BDI,Burundi,232125761.516091
2001,BDI,Burundi,217744825.514954
2002,BDI,Burundi,203133444.187466
2003,BDI,Burundi,220037576.473437
2004,BDI,Burundi,223998252.849673
2005,BDI,Burundi,228926214.412435
2006,BDI,Burundi,243571052.040861
2007,BDI,Burundi,250950361.972835
2008,BDI,Burundi,250298455.136557
2009,BDI,Burundi,254955908.17533
2010,BDI,Burundi,263407087.721453
2011,BDI,Burundi,269650457.878043
2012,BDI,Burundi,279673606.893216
2013,BDI,Burundi,285125936.656893
2014,BDI,Burundi,317668315.793978
2015,BDI,Burundi,307103830.930542
2016,BDI,Burundi,313271532.616009
2017,BDI,Burundi,337136772.467674
2018,BDI,Burundi,343172149.471583
2019,BDI,Burundi,345882516.807841
2020,BDI,Burundi,354646127.990131
2021,BDI,Burundi,364312457.325331
2022,BDI,Burundi,375514964.682214
2023,BDI,Burundi,386360862.191178
1970,BEL,Bélgica,23116599769.3503
1971,BEL,Bélgica,24042147720.0695
1972,BEL,Bélgica,25933029205.367
1973,BEL,Bélgica,28235334789.5685
1974,BEL,Bélgica,29290902905.871
1975,BEL,Bélgica,27393182125.14
1976,BEL,Bélgica,29807674374.9847
1977,BEL,Bélgica,30010497813.429
1978,BEL,Bélgica,30804565795.0824
1979,BEL,Bélgica,32098141074.0732
1980,BEL,Bélgica,32707412587.5896
1981,BEL,Bélgica,32609800984.2366
1982,BEL,Bélgica,33903605310.9537
1983,BEL,Bélgica,35637310065.4546
1984,BEL,Bélgica,36718942750.9403
1985,BEL,Bélgica,37532056574.2967
1986,BEL,Bélgica,37639944746.4204
1987,BEL,Bélgica,37456294538.955
1988,BEL,Bélgica,39512335762.1494
1989,BEL,Bélgica,42062980383.7944
1990,BEL,Bélgica,43111664806.8746
1991,BEL,Bélgica,42868284014.235
1992,BEL,Bélgica,42484446226.0667
1993,BEL,Bélgica,41332332081.7897
1994,BEL,Bélgica,43154225614.72
1995,BEL,Bélgica,44246616300.6732
1996,BEL,Bélgica,45507504969.6903
1997,BEL,Bélgica,48363731223.8798
1998,BEL,Bélgica,49819274851.3882
1999,BEL,Bélgica,50185014856.9044
2000,BEL,Bélgica,53025189188.6296
2001,BEL,Bélgica,53401190233.1895
2002,BEL,Bélgica,53624799608.7842
2003,BEL,Bélgica,53517617468.2788
2004,BEL,Bélgica,56241770942.6986
2005,BEL,Bélgica,57730840737.3794
2006,BEL,Bélgica,56391013183.8384
2007,BEL,Bélgica,59967645654.4488
2008,BEL,Bélgica,57963898396.45
2009,BEL,Bélgica,53487748701.1616
2010,BEL,Bélgica,55693160934.4243
2011,BEL,Bélgica,56036448567.3796
2012,BEL,Bélgica,55104725903.3271
2013,BEL,Bélgica,56228868448.0595
2014,BEL,Bélgica,57133973367.2661
2015,BEL,Bélgica,57942868346.1328
2016,BEL,Bélgica,56788044278.7154
2017,BEL,Bélgica,58219510022.5274
2018,BEL,Bélgica,58943776827.8954
2019,BEL,Bélgica,60747586216.2121
2020,BEL,Bélgica,56593998886.8999
2021,BEL,Bélgica,53719790415.7725
2022,BEL,Bélgica,60341919593.4271
2023,BEL,Bélgica,59385509479.0022
1970,BEN,Benin,81956149.1667663
1971,BEN,Benin,86710205.9971552
1972,BEN,Benin,91069407.6093598
1973,BEN,Benin,92190796.4321153
1974,BEN,Benin,114729132.306504
1975,BEN,Benin,104968311.303315
1976,BEN,Benin,95302255.5528955
1977,BEN,Benin,90311285.5905813
1978,BEN,Benin,82977541.1149645
1979,BEN,Benin,89544395.193204
1980,BEN,Benin,85624733.1552107
1981,BEN,Benin,91384932.1475861
1982,BEN,Benin,473748532.257964
1983,BEN,Benin,421076632.525161
1984,BEN,Benin,394367476.003254
1985,BEN,Benin,441080509.421298
1986,BEN,Benin,422731182.044966
1987,BEN,Benin,446317842.861359
1988,BEN,Benin,530202259.462431
1989,BEN,Benin,550890348.562724
1990,BEN,Benin,590994930.724929
1991,BEN,Benin,616402631.743459
1992,BEN,Benin,736909811.809601
1993,BEN,Benin,690452417.494295
1994,BEN,Benin,746113084.169683
1995,BEN,Benin,764217124.322343
1996,BEN,Benin,860725180.24325
1997,BEN,Benin,863512143.941063
1998,BEN,Benin,849571920.564018
1999,BEN,Benin,811349660.770936
2000,BEN,Benin,897354740.332971
2001,BEN,Benin,980003668.082092
2002,BEN,Benin,1005546021.13351
2003,BEN,Benin,1016423148.15577
2004,BEN,Benin,1017052020.61595
2005,BEN,Benin,1084413415.33106
2006,BEN,Benin,1117752586.75859
2007,BEN,Benin,1071702142.89914
2008,BEN,Benin,938044251.095506
2009,BEN,Benin,945427574.067455
2010,BEN,Benin,941843135.563902
2011,BEN,Benin,945311638.883436
2012,BEN,Benin,948527110.489439
2013,BEN,Benin,990273229.245577
2014,BEN,Benin,1075686892.93882
2015,BEN,Benin,1142878265.61218
2016,BEN,Benin,1216384930.22706
2017,BEN,Benin,1209537784.7717
2018,BEN,Benin,1255414746.71537
2019,BEN,Benin,1396734312.29415
2020,BEN,Benin,1443765381.24269
2021,BEN,Benin,1516501748.18153
2022,BEN,Benin,1626849825.36203
2023,BEN,Benin,1741917355.82047
1970,BFA,Burkina Faso,249152662.96597
1971,BFA,Burkina Faso,256605373.53654
1972,BFA,Burkina Faso,280589055.949092
1973,BFA,Burkina Faso,294975642.489959
1974,BFA,Burkina Faso,299771054.339343
1975,BFA,Burkina Faso,314163938.16765
1976,BFA,Burkina Faso,326155616.590441
1977,BFA,Burkina Faso,330950977.904627
1978,BFA,Burkina Faso,342943007.622904
1979,BFA,Burkina Faso,355228613.93412
1980,BFA,Burkina Faso,378658074.799435
1981,BFA,Burkina Faso,387217221.097228
1982,BFA,Burkina Faso,405405406.981731
1983,BFA,Burkina Faso,388828071.664376
1984,BFA,Burkina Faso,385245732.3429
1985,BFA,Burkina Faso,386363710.722312
1986,BFA,Burkina Faso,405859127.318989
1987,BFA,Burkina Faso,432739171.413562
1988,BFA,Burkina Faso,425059158.814871
1989,BFA,Burkina Faso,428899165.113371
1990,BFA,Burkina Faso,493588502.0015
1991,BFA,Burkina Faso,478523861.903222
1992,BFA,Burkina Faso,507471601.698289
1993,BFA,Burkina Faso,540554732.890959
1994,BFA,Burkina Faso,500086974.200393
1995,BFA,Burkina Faso,526671633.194171
1996,BFA,Burkina Faso,517812157.761135
1997,BFA,Burkina Faso,633406333.130463
1998,BFA,Burkina Faso,664490255.061826
1999,BFA,Burkina Faso,681098910.107906
2000,BFA,Burkina Faso,635409779.220995
2001,BFA,Burkina Faso,678143703.103441
2002,BFA,Burkina Faso,719555805.141584
2003,BFA,Burkina Faso,796870404.610731
2004,BFA,Burkina Faso,816400506.508918
2005,BFA,Burkina Faso,854924987.114966
2006,BFA,Burkina Faso,926309753.918483
2007,BFA,Burkina Faso,1001111234.73306
2008,BFA,Burkina Faso,972135556.084524
2009,BFA,Burkina Faso,1007938550.73979
2010,BFA,Burkina Faso,1029942534.05979
2011,BFA,Burkina Faso,1107576141.42855
2012,BFA,Burkina Faso,1103676865.14077
2013,BFA,Burkina Faso,1141859334.73505
2014,BFA,Burkina Faso,1291187287.11023
2015,BFA,Burkina Faso,1379664852.34193
2016,BFA,Burkina Faso,1411311722.76727
2017,BFA,Burkina Faso,1351229559.61622
2018,BFA,Burkina Faso,1448492514.73571
2019,BFA,Burkina Faso,1491146003.3474
2020,BFA,Burkina Faso,1569903194.01004
2021,BFA,Burkina Faso,1608338457.69231
2022,BFA,Burkina Faso,1684200376.86955
2023,BFA,Burkina Faso,1779181297.44777
1970,BGD,Bangladesh,3368438530.01869
1971,BGD,Bangladesh,2819925243.45804
1972,BGD,Bangladesh,1535605753.24393
1973,BGD,Bangladesh,2533193148.38577
1974,BGD,Bangladesh,3612009880.30998
1975,BGD,Bangladesh,3217624349.19474
1976,BGD,Bangladesh,3195394959.7646
1977,BGD,Bangladesh,3567976544.30778
1978,BGD,Bangladesh,3609989026.71868
1979,BGD,Bangladesh,4013947022.15913
1980,BGD,Bangladesh,4072232693.97477
1981,BGD,Bangladesh,3947897018.17436
1982,BGD,Bangladesh,3958320368.24042
1983,BGD,Bangladesh,4033304672.28182
1984,BGD,Bangladesh,4335794545.65763
1985,BGD,Bangladesh,4266340998.78355
1986,BGD,Bangladesh,4377381585.1981
1987,BGD,Bangladesh,4722734826.71332
1988,BGD,Bangladesh,4752409466.17829
1989,BGD,Bangladesh,4884828556.31919
1990,BGD,Bangladesh,5238903376.43111
1991,BGD,Bangladesh,5363026330.82102
1992,BGD,Bangladesh,5755922811.90211
1993,BGD,Bangladesh,6252170340.34811
1994,BGD,Bangladesh,6761420973.73056
1995,BGD,Bangladesh,7470074060.02528
1996,BGD,Bangladesh,7948704478.5486
1997,BGD,Bangladesh,8350219708.98707
1998,BGD,Bangladesh,9063712660.64529
1999,BGD,Bangladesh,9353265672.37176
2000,BGD,Bangladesh,9798436488.36164
2001,BGD,Bangladesh,10453334803.3792
2002,BGD,Bangladesh,11026568456.8497
2003,BGD,Bangladesh,11770681623.3547
2004,BGD,Bangladesh,12605848790.2324
2005,BGD,Bangladesh,13638417932.3086
2006,BGD,Bangladesh,15106736285.8178
2007,BGD,Bangladesh,17307868783.9716
2008,BGD,Bangladesh,19254970494.1884
2009,BGD,Bangladesh,21293786775.6687
2010,BGD,Bangladesh,23538201557.4659
2011,BGD,Bangladesh,26840570357.312
2012,BGD,Bangladesh,30590045049.5676
2013,BGD,Bangladesh,34974801436.8498
2014,BGD,Bangladesh,39429765151.7299
2015,BGD,Bangladesh,45083124550.8711
2016,BGD,Bangladesh,52192022944.4781
2017,BGD,Bangladesh,55890564104.8981
2018,BGD,Bangladesh,61732510634.7839
2019,BGD,Bangladesh,69346896406.9407
2020,BGD,Bangladesh,70512491631.0058
2021,BGD,Bangladesh,78681459268.3826
2022,BGD,Bangladesh,87659663325.4054
2023,BGD,Bangladesh,95456281395.9072
1970,BGR,Bulgaria,1551513459.41578
1971,BGR,Bulgaria,1656265559.92544
1972,BGR,Bulgaria,1783076192.20091
1973,BGR,Bulgaria,1932586177.69562
1974,BGR,Bulgaria,2087219434.70244
1975,BGR,Bulgaria,2254247729.1881
1976,BGR,Bulgaria,2387934323.19546
1977,BGR,Bulgaria,2554496661.84781
1978,BGR,Bulgaria,2730935947.05759
1979,BGR,Bulgaria,2955656459.84449
1980,BGR,Bulgaria,2922044117.40733
1981,BGR,Bulgaria,3082241083.38851
1982,BGR,Bulgaria,3370406057.29051
1983,BGR,Bulgaria,3627984584.0008
1984,BGR,Bulgaria,3851247192.99944
1985,BGR,Bulgaria,4042144752.33795
1986,BGR,Bulgaria,4259436407.87539
1987,BGR,Bulgaria,4485862921.03518
1988,BGR,Bulgaria,4930886671.04948
1989,BGR,Bulgaria,4984094971.04109
1990,BGR,Bulgaria,4322298897.297
1991,BGR,Bulgaria,3578429033.85386
1992,BGR,Bulgaria,3277997963.74841
1993,BGR,Bulgaria,3289658688.37007
1994,BGR,Bulgaria,3527903113.56706
1995,BGR,Bulgaria,3119677272.9725
1996,BGR,Bulgaria,3260548810.75803
1997,BGR,Bulgaria,3552169534.74522
1998,BGR,Bulgaria,3214485607.48603
1999,BGR,Bulgaria,3076378778.71918
2000,BGR,Bulgaria,3605413326.44408
2001,BGR,Bulgaria,3857022319.87774
2002,BGR,Bulgaria,4100393708.79964
2003,BGR,Bulgaria,4603522238.72672
2004,BGR,Bulgaria,4710319138.41033
2005,BGR,Bulgaria,5007860042.59177
2006,BGR,Bulgaria,5522194278.19699
2007,BGR,Bulgaria,6346803902.71511
2008,BGR,Bulgaria,6477913952.58903
2009,BGR,Bulgaria,5937708413.81951
2010,BGR,Bulgaria,5724747488.92501
2011,BGR,Bulgaria,6099304142.76014
2012,BGR,Bulgaria,6711170476.43241
2013,BGR,Bulgaria,6326454006.51892
2014,BGR,Bulgaria,6455411749.11428
2015,BGR,Bulgaria,6919077306.73317
2016,BGR,Bulgaria,7235240831.56321
2017,BGR,Bulgaria,7355583559.27209
2018,BGR,Bulgaria,7595235586.75336
2019,BGR,Bulgaria,7844668684.76004
2020,BGR,Bulgaria,6937192559.66103
2021,BGR,Bulgaria,7014729473.877
2022,BGR,Bulgaria,8864232130.68001
2023,BGR,Bulgaria,9480331424.34532
1970,BHR,Bahrein,244008032.703351
1971,BHR,Bahrein,240989240.899548
1972,BHR,Bahrein,292357026.844756
1973,BHR,Bahrein,303166424.579018
1974,BHR,Bahrein,302199224.694188
1975,BHR,Bahrein,412794387.219293
1976,BHR,Bahrein,275434016.14856
1977,BHR,Bahrein,298768371.815571
1978,BHR,Bahrein,328771565.242578
1979,BHR,Bahrein,362811642.54111
1980,BHR,Bahrein,464569266.04123503
1981,BHR,Bahrein,518242034.746438
1982,BHR,Bahrein,626797691.449821
1983,BHR,Bahrein,634040241.437268
1984,BHR,Bahrein,687027905.181541
1985,BHR,Bahrein,1004283871.99554
1986,BHR,Bahrein,1021529264.60648
1987,BHR,Bahrein,1228763972.20737
1988,BHR,Bahrein,1233918713.38574
1989,BHR,Bahrein,1206903633.1394
1990,BHR,Bahrein,1350251383.5392
1991,BHR,Bahrein,1400921201.34909
1992,BHR,Bahrein,1572290104.84529
1993,BHR,Bahrein,1891150290.08018
1994,BHR,Bahrein,1988192765.57444
1995,BHR,Bahrein,2033544751.54977
1996,BHR,Bahrein,2020062265.79473
1997,BHR,Bahrein,2052229233.6903
1998,BHR,Bahrein,2119419322.86246
1999,BHR,Bahrein,2223133910.03185
2000,BHR,Bahrein,2270961714.71678
2001,BHR,Bahrein,2352014684.82552
2002,BHR,Bahrein,2458331499.49821
2003,BHR,Bahrein,2551979791.23737
2004,BHR,Bahrein,2830914718.22695
2005,BHR,Bahrein,3286270480.03828
2006,BHR,Bahrein,3644258180.58981
2007,BHR,Bahrein,3840106599.85612
2008,BHR,Bahrein,4102812022.46077
2009,BHR,Bahrein,4296709685.12066
2010,BHR,Bahrein,4459180708.27842
2011,BHR,Bahrein,4597939932.84378
2012,BHR,Bahrein,4812527872.96805
2013,BHR,Bahrein,4988070871.77556
2014,BHR,Bahrein,5230811934.35009
2015,BHR,Bahrein,5398138297.87234
2016,BHR,Bahrein,5679446590.40984
2017,BHR,Bahrein,5740466254.00113
2018,BHR,Bahrein,5848174240.56989
2019,BHR,Bahrein,5940085905.03985
2020,BHR,Bahrein,5646516354.42164
2021,BHR,Bahrein,5687089972.07055
2022,BHR,Bahrein,5928811917.09031
2023,BHR,Bahrein,5967216212.44948
1970,BHS,Bahamas,117579392.258087
1971,BHS,Bahamas,119495676.684566
1972,BHS,Bahamas,115316438.687157
1973,BHS,Bahamas,124027653.997795
1974,BHS,Bahamas,103252592.741135
1975,BHS,Bahamas,87978682.3041637
1976,BHS,Bahamas,92551434.7503134
1977,BHS,Bahamas,101007811.795071
1978,BHS,Bahamas,115244486.238436
1979,BHS,Bahamas,145499813.260684
1980,BHS,Bahamas,155027384.526906
1981,BHS,Bahamas,140737743.299545
1982,BHS,Bahamas,149928955.240331
1983,BHS,Bahamas,154756564.89698
1984,BHS,Bahamas,178307713.649127
1985,BHS,Bahamas,186633809.3449
1986,BHS,Bahamas,189628906.886737
1987,BHS,Bahamas,193346843.434581
1988,BHS,Bahamas,195031355.457016
1989,BHS,Bahamas,223691635.62622
1990,BHS,Bahamas,208627776.799336
1991,BHS,Bahamas,199162873.540271
1992,BHS,Bahamas,181832771.883147
1993,BHS,Bahamas,175833889.113378
1994,BHS,Bahamas,180766303.554527
1995,BHS,Bahamas,189298046.236691
1996,BHS,Bahamas,210760711.877858
1997,BHS,Bahamas,269323424.24975
1998,BHS,Bahamas,265733989.046153
1999,BHS,Bahamas,300586246.58334
2000,BHS,Bahamas,324438621.866746
2001,BHS,Bahamas,281712764.782755
2002,BHS,Bahamas,262607706.339179
2003,BHS,Bahamas,337870056.109169
2004,BHS,Bahamas,370406549.584527
2005,BHS,Bahamas,349564667.502562
2006,BHS,Bahamas,387195842.38755703
2007,BHS,Bahamas,338448997.321966
2008,BHS,Bahamas,313670316.255957
2009,BHS,Bahamas,294912623.171547
2010,BHS,Bahamas,321659704.518937
2011,BHS,Bahamas,322586010.30154
2012,BHS,Bahamas,359758955.922529
2013,BHS,Bahamas,315776019.235388
2014,BHS,Bahamas,335629171.439551
2015,BHS,Bahamas,293891839
2016,BHS,Bahamas,307432177.168655
2017,BHS,Bahamas,258948042.647105
2018,BHS,Bahamas,219934610.016462
2019,BHS,Bahamas,226173326.125256
2020,BHS,Bahamas,177065509.517944
2021,BHS,Bahamas,59576496.5070686
2022,BHS,Bahamas,49707326.1498004
2023,BHS,Bahamas,52097216.5552705
1990,BIH,Bosnia y Herzegovina,358987575.959705
1991,BIH,Bosnia y Herzegovina,324991028.45013
1992,BIH,Bosnia y Herzegovina,304855272.346332
1993,BIH,Bosnia y Herzegovina,297875693.285533
1994,BIH,Bosnia y Herzegovina,329212184.845228
1995,BIH,Bosnia y Herzegovina,387284257.967259
1996,BIH,Bosnia y Herzegovina,589999436.50332
1997,BIH,Bosnia y Herzegovina,791050231.172562
1998,BIH,Bosnia y Herzegovina,992157863.265455
1999,BIH,Bosnia y Herzegovina,876866667.038505
2000,BIH,Bosnia y Herzegovina,882258602.301621
2001,BIH,Bosnia y Herzegovina,939381418.431838
2002,BIH,Bosnia y Herzegovina,1017837827.29239
2003,BIH,Bosnia y Herzegovina,1048632807.19617
2004,BIH,Bosnia y Herzegovina,1097288746.48274
2005,BIH,Bosnia y Herzegovina,1200397912.29076
2006,BIH,Bosnia y Herzegovina,1372305476.43292
2007,BIH,Bosnia y Herzegovina,1518292408.18218
2008,BIH,Bosnia y Herzegovina,1615612209.03197
2009,BIH,Bosnia y Herzegovina,1527363784.96233
2010,BIH,Bosnia y Herzegovina,1637510806.32161
2011,BIH,Bosnia y Herzegovina,1636854895.8395
2012,BIH,Bosnia y Herzegovina,1623703560.56411
2013,BIH,Bosnia y Herzegovina,1705037773.24615
2014,BIH,Bosnia y Herzegovina,1778270591.83504
2015,BIH,Bosnia y Herzegovina,1823801698.5044
2016,BIH,Bosnia y Herzegovina,1925821775.24291
2017,BIH,Bosnia y Herzegovina,2085002135.92456
2018,BIH,Bosnia y Herzegovina,2122608932.04446
2019,BIH,Bosnia y Herzegovina,2122260004.278
2020,BIH,Bosnia y Herzegovina,2029763013.37964
2021,BIH,Bosnia y Herzegovina,2317996245.17316
2022,BIH,Bosnia y Herzegovina,2438856688.83183
2023,BIH,Bosnia y Herzegovina,2378083106.25268
1990,BLR,Belarús,4246605142.06814
1991,BLR,Belarús,4272342142.67655
1992,BLR,Belarús,3908222073.77415
1993,BLR,Belarús,3537992516.21274
1994,BLR,Belarús,2952154436.26725
1995,BLR,Belarús,2653548747.23402
1996,BLR,Belarús,2777865727.15283
1997,BLR,Belarús,3264314946.56796
1998,BLR,Belarús,3606896330.40005
1999,BLR,Belarús,3918205834.77555
2000,BLR,Belarús,4251398052.14646
2001,BLR,Belarús,4560195045.81164
2002,BLR,Belarús,4872292623.25502
2003,BLR,Belarús,5351706124.00048
2004,BLR,Belarús,6428768192.62107
2005,BLR,Belarús,7354429472.5404
2006,BLR,Belarús,8355640613.57515
2007,BLR,Belarús,9051724952.34173
2008,BLR,Belarús,10382193439.7128
2009,BLR,Belarús,10155495066.8713
2010,BLR,Belarús,11245052358.9276
2011,BLR,Belarús,12339880599.0441
2012,BLR,Belarús,13075517242.2502
2013,BLR,Belarús,12440593230.6275
2014,BLR,Belarús,12459373578.7238
2015,BLR,Belarús,11654692701.96
2016,BLR,Belarús,11628352107.2892
2017,BLR,Belarús,12425259133.8652
2018,BLR,Belarús,13065144442.9529
2019,BLR,Belarús,13229397083.5937
2020,BLR,Belarús,13262293728.5527
2021,BLR,Belarús,14026352930.0045
2022,BLR,Belarús,13181121487.4529
2023,BLR,Belarús,14387385530.1891
1970,BLZ,Belice,34301605.0644993
1971,BLZ,Belice,39132817.3661651
1972,BLZ,Belice,43480908.1271196
1973,BLZ,Belice,49278362.9926333
1974,BLZ,Belice,57008301.43312
1975,BLZ,Belice,52660210.6721654
1976,BLZ,Belice,49278362.9926333
1977,BLZ,Belice,55558937.8461351
1978,BLZ,Belice,60873271.1709377
1979,BLZ,Belice,55075816.8229983
1980,BLZ,Belice,63288877.3217705
1981,BLZ,Belice,65868806.0979569
1982,BLZ,Belice,65062578.3877471
1983,BLZ,Belice,64336973.7591028
1984,BLZ,Belice,58854624.9156164
1985,BLZ,Belice,59418983.8987037
1986,BLZ,Belice,60870194.191141
1987,BLZ,Belice,68284907.5674887
1988,BLZ,Belice,71317130.6356614
1989,BLZ,Belice,83172125.6423268
1990,BLZ,Belice,96344094.915837
1991,BLZ,Belice,100308347.327421
1992,BLZ,Belice,110772681.000184
1993,BLZ,Belice,115232938.414396
1994,BLZ,Belice,113254990.069146
1995,BLZ,Belice,109334652.810092
1996,BLZ,Belice,109148817.722456
1997,BLZ,Belice,113328170.948441
1998,BLZ,Belice,108942025.012292
1999,BLZ,Belice,116375355.022165
2000,BLZ,Belice,145053288.071353
2001,BLZ,Belice,144038467.527223
2002,BLZ,Belice,145115395.963975
2003,BLZ,Belice,143160649.961417
2004,BLZ,Belice,161398957.304457
2005,BLZ,Belice,162190802.139719
2006,BLZ,Belice,153576881.304771
2007,BLZ,Belice,146195090.835886
2008,BLZ,Belice,147024268.312481
2009,BLZ,Belice,145611569.178283
2010,BLZ,Belice,143580752.678565
2011,BLZ,Belice,145125483.488994
2012,BLZ,Belice,162995150.537289
2013,BLZ,Belice,155539237.203704
2014,BLZ,Belice,156186869.249275
2015,BLZ,Belice,160135758.5
2016,BLZ,Belice,160931860.384686
2017,BLZ,Belice,159201065.201162
2018,BLZ,Belice,162441924.06193
2019,BLZ,Belice,163772072.667504
2020,BLZ,Belice,149896132.340041
2021,BLZ,Belice,170436257.620067
2022,BLZ,Belice,180724284.749864
2023,BLZ,Belice,165935993.257606
1970,BMU,Bermuda,66754014.5853955
1971,BMU,Bermuda,69048797.4319022
1972,BMU,Bermuda,70300406.6363833
1973,BMU,Bermuda,71343223.1825758
1974,BMU,Bermuda,71968890.1541307
1975,BMU,Bermuda,74681270.0078517
1976,BMU,Bermuda,81357252.0659557
1977,BMU,Bermuda,83422375.5292106
1978,BMU,Bermuda,85110457.8691566
1979,BMU,Bermuda,90699177.703266
1980,BMU,Bermuda,94152240.2075809
1981,BMU,Bermuda,90838260.1535586
1982,BMU,Bermuda,90913565.9257254
1983,BMU,Bermuda,91697292.4404192
1984,BMU,Bermuda,89838264.2865703
1985,BMU,Bermuda,93680842.8870788
1986,BMU,Bermuda,97812920.9925188
1987,BMU,Bermuda,101638933.95984
1988,BMU,Bermuda,103004559.825255
1989,BMU,Bermuda,103215029.558617
1990,BMU,Bermuda,100613883.994131
1991,BMU,Bermuda,100598714.860719
1992,BMU,Bermuda,97594498.4373732
1993,BMU,Bermuda,100410789.990179
1994,BMU,Bermuda,102364474.046653
1995,BMU,Bermuda,108297426.824402
1996,BMU,Bermuda,109921556.063876
1997,BMU,Bermuda,115074129.037583
1998,BMU,Bermuda,123661750.306165
1999,BMU,Bermuda,127096799.663826
2000,BMU,Bermuda,130531847.958701
2001,BMU,Bermuda,120749008.869287
2002,BMU,Bermuda,117356089.380438
2003,BMU,Bermuda,111604931.328093
2004,BMU,Bermuda,107501893.828726
2005,BMU,Bermuda,106459158.05421
2006,BMU,Bermuda,103587900.312732
2007,BMU,Bermuda,96172648.0455886
2008,BMU,Bermuda,86281378.2943435
2009,BMU,Bermuda,80461096.6914427
2010,BMU,Bermuda,69525108.0084655
2011,BMU,Bermuda,63555382.8621853
2012,BMU,Bermuda,52926675.1436159
2013,BMU,Bermuda,35534778.5259085
2014,BMU,Bermuda,35436469.8304909
2015,BMU,Bermuda,34216064
2016,BMU,Bermuda,35035006.9656657
2017,BMU,Bermuda,37279800.6466751
2018,BMU,Bermuda,36357376.4099376
2019,BMU,Bermuda,36345310.6093617
2020,BMU,Bermuda,29335111.2955087
2021,BMU,Bermuda,27494914.6329313
2022,BMU,Bermuda,27893333.6808932
2023,BMU,Bermuda,26321206.5221185
1970,BOL,Bolivia,854707354.932186
1971,BOL,Bolivia,885311466.264701
1972,BOL,Bolivia,956949448.203696
1973,BOL,Bolivia,1004682726.16642
1974,BOL,Bolivia,1118344263.20686
1975,BOL,Bolivia,1186632541.22352
1976,BOL,Bolivia,1285524930.5727
1977,BOL,Bolivia,1374824986.6285
1978,BOL,Bolivia,1437403542.27229
1979,BOL,Bolivia,1414336264.2766
1980,BOL,Bolivia,1449098737.9566
1981,BOL,Bolivia,1344659711.41108
1982,BOL,Bolivia,1153075883.80576
1983,BOL,Bolivia,1152887134.45321
1984,BOL,Bolivia,1169089504.22292
1985,BOL,Bolivia,1095952158.27183
1986,BOL,Bolivia,1110532908.26825
1987,BOL,Bolivia,1138328893.96998
1988,BOL,Bolivia,1130604591.9008
1989,BOL,Bolivia,1187055074.58425
1990,BOL,Bolivia,1279459350.6087
1991,BOL,Bolivia,1341128624.87709
1992,BOL,Bolivia,1342175553.87687
1993,BOL,Bolivia,1396937490.94972
1994,BOL,Bolivia,1472540588.08368
1995,BOL,Bolivia,1572581603.40418
1996,BOL,Bolivia,1649079033.04139
1997,BOL,Bolivia,1682397560.0592
1998,BOL,Bolivia,1724203772.12787
1999,BOL,Bolivia,1774645032.3932
2000,BOL,Bolivia,1806412844.57986
2001,BOL,Bolivia,1854956492.36866
2002,BOL,Bolivia,1859605498.31694
2003,BOL,Bolivia,1930388098.72967
2004,BOL,Bolivia,2038115220.22962
2005,BOL,Bolivia,2099345327.72697
2006,BOL,Bolivia,2269234830.16541
2007,BOL,Bolivia,2407444449.98885
2008,BOL,Bolivia,2495560350.43293
2009,BOL,Bolivia,2615612543.25577
2010,BOL,Bolivia,2683339179.93095
2011,BOL,Bolivia,2781952338.88376
2012,BOL,Bolivia,2913965491.25013
2013,BOL,Bolivia,3091287602.02556
2014,BOL,Bolivia,3215932936.06
2015,BOL,Bolivia,3363113189.58032
2016,BOL,Bolivia,3571116073.07196
2017,BOL,Bolivia,3688498787.67084
2018,BOL,Bolivia,3891961687.41149
2019,BOL,Bolivia,4016262138.50625
2020,BOL,Bolivia,3695338080.07373
2021,BOL,Bolivia,3839803093.95517
2022,BOL,Bolivia,3928157626.39987
2023,BOL,Bolivia,3999517014.8337
1970,BRA,Brasil,56994786999.3873
1971,BRA,Brasil,63720336114.8322
1972,BRA,Brasil,72768356048.5166
1973,BRA,Brasil,85138466681.7796
1974,BRA,Brasil,92375266438.3658
1975,BRA,Brasil,96903509921.5592
1976,BRA,Brasil,108241554429.954
1977,BRA,Brasil,111593140241.183
1978,BRA,Brasil,118733019369.686
1979,BRA,Brasil,126810909854.32
1980,BRA,Brasil,138556609671.3
1981,BRA,Brasil,126298451509.179
1982,BRA,Brasil,126219497480.605
1983,BRA,Brasil,118755575074.233
1984,BRA,Brasil,126284287355.153
1985,BRA,Brasil,136799090994.034
1986,BRA,Brasil,152592689646.224
1987,BRA,Brasil,153954554920.2
1988,BRA,Brasil,150183575919.89
1989,BRA,Brasil,154683639949.553
1990,BRA,Brasil,142275133158.352
1991,BRA,Brasil,126413775485.047
1992,BRA,Brasil,104515658530.387
1993,BRA,Brasil,104830873807.079
1994,BRA,Brasil,120801892327.699
1995,BRA,Brasil,159979128314.576
1996,BRA,Brasil,160107462024.118
1997,BRA,Brasil,164099593998.343
1998,BRA,Brasil,156155295841.732
1999,BRA,Brasil,153246745695.518
2000,BRA,Brasil,161965847551.201
2001,BRA,Brasil,163121292925.685
2002,BRA,Brasil,166535429616.827
2003,BRA,Brasil,170964221990.269
2004,BRA,Brasil,186492595632.623
2005,BRA,Brasil,190675077806.266
2006,BRA,Brasil,193027245011.066
2007,BRA,Brasil,204881645464.909
2008,BRA,Brasil,213383310215.386
2009,BRA,Brasil,193615573694.342
2010,BRA,Brasil,211408912604.644
2011,BRA,Brasil,216159660319.177
2012,BRA,Brasil,211017891779.43
2013,BRA,Brasil,217376496124.434
2014,BRA,Brasil,207187988088.708
2015,BRA,Brasil,189609597294.471
2016,BRA,Brasil,180570864372.66
2017,BRA,Brasil,184741224126.002
2018,BRA,Brasil,187314291631.615
2019,BRA,Brasil,186516699369.338
2020,BRA,Brasil,177812870114.037
2021,BRA,Brasil,184529947531.441
2022,BRA,Brasil,183521261721.348
2023,BRA,Brasil,181185213194.883
1970,BRB,Barbados,246673036.664456
1971,BRB,Barbados,268965688.261587
1972,BRB,Barbados,297073814.232115
1973,BRB,Barbados,318397219.932791
1974,BRB,Barbados,303373910.79974
1975,BRB,Barbados,335843643.05298
1976,BRB,Barbados,392544517.69093
1977,BRB,Barbados,405144712.334177
1978,BRB,Barbados,441976049.864799
1979,BRB,Barbados,449730015.528439
1980,BRB,Barbados,459422472.984989
1981,BRB,Barbados,442945295.761254
1982,BRB,Barbados,419198775.570774
1983,BRB,Barbados,429860477.918446
1984,BRB,Barbados,438099066.781647
1985,BRB,Barbados,396421500.774083
1986,BRB,Barbados,416775660.578304
1987,BRB,Barbados,389152157.807337
1988,BRB,Barbados,415321792.487621
1989,BRB,Barbados,437614444.084752
1990,BRB,Barbados,425983494.835293
1991,BRB,Barbados,402236974.644813
1992,BRB,Barbados,368313374.803555
1993,BRB,Barbados,357651671.953217
1994,BRB,Barbados,381882814.840592
1995,BRB,Barbados,414352546.591166
1996,BRB,Barbados,410475563.508013
1997,BRB,Barbados,425983494.835293
1998,BRB,Barbados,440522180.768784
1999,BRB,Barbados,429860477.918446
2000,BRB,Barbados,427921986.628203
2001,BRB,Barbados,393029140.387824
2002,BRB,Barbados,393998386.284279
2003,BRB,Barbados,391090649.097581
2004,BRB,Barbados,396421500.774083
2005,BRB,Barbados,404746993.029499
2006,BRB,Barbados,402185411.177922
2007,BRB,Barbados,400705071.696193
2008,BRB,Barbados,413727480.552889
2009,BRB,Barbados,358380746.601247
2010,BRB,Barbados,342346833.730393
2011,BRB,Barbados,340272004.873748
2012,BRB,Barbados,326526260.808143
2013,BRB,Barbados,317773074.275756
2014,BRB,Barbados,304027330.210151
2015,BRB,Barbados,321470957
2016,BRB,Barbados,322462007.034721
2017,BRB,Barbados,322877492.562579
2018,BRB,Barbados,307834862.460753
2019,BRB,Barbados,315509991.011697
2020,BRB,Barbados,270098370.945185
2021,BRB,Barbados,274365046.764101
2022,BRB,Barbados,324382860.281586
2023,BRB,Barbados,324241333.695212
1970,BRN,Brunei Darussalam,598235574.060217
1971,BRN,Brunei Darussalam,722459736.451054
1972,BRN,Brunei Darussalam,832358125.91307
1973,BRN,Brunei Darussalam,941634531.145522
1974,BRN,Brunei Darussalam,1065044938.40955
1975,BRN,Brunei Darussalam,1403645751.45767
1976,BRN,Brunei Darussalam,1882939422.78764
1977,BRN,Brunei Darussalam,1763819469.45607
1978,BRN,Brunei Darussalam,1829945112.62186
1979,BRN,Brunei Darussalam,2067716043.18002
1980,BRN,Brunei Darussalam,1895132803.5777
1981,BRN,Brunei Darussalam,1191668511.48147
1982,BRN,Brunei Darussalam,1141488058.63245
1983,BRN,Brunei Darussalam,1151805535.00262
1984,BRN,Brunei Darussalam,1185102844.638
1985,BRN,Brunei Darussalam,1120853105.8921
1986,BRN,Brunei Darussalam,1015802438.45741
1987,BRN,Brunei Darussalam,1342209870.02853
1988,BRN,Brunei Darussalam,1337051131.49997
1989,BRN,Brunei Darussalam,1351589393.50182
1990,BRN,Brunei Darussalam,1423342751.98808
1991,BRN,Brunei Darussalam,1472339060.11054
1992,BRN,Brunei Darussalam,1485813044.67248
1993,BRN,Brunei Darussalam,1457640167.6738
1994,BRN,Brunei Darussalam,1570331676.35548
1995,BRN,Brunei Darussalam,1722220231.53512
1996,BRN,Brunei Darussalam,1717320600.72288
1997,BRN,Brunei Darussalam,1718545507.91073
1998,BRN,Brunei Darussalam,1841036278.90384
1999,BRN,Brunei Darussalam,1887582771.27671
2000,BRN,Brunei Darussalam,1946912518.93145
2001,BRN,Brunei Darussalam,1949587985.56601
2002,BRN,Brunei Darussalam,2083081633.59898
2003,BRN,Brunei Darussalam,2145180861.41949
2004,BRN,Brunei Darussalam,2121050179.51461
2005,BRN,Brunei Darussalam,2079525808.67277
2006,BRN,Brunei Darussalam,2096276421.50785
2007,BRN,Brunei Darussalam,2032154952.72519
2008,BRN,Brunei Darussalam,2089692542.45362
2009,BRN,Brunei Darussalam,1884765483.37076
2010,BRN,Brunei Darussalam,1913918286.80667
2011,BRN,Brunei Darussalam,2038184128.7266
2012,BRN,Brunei Darussalam,1997868893.56739
2013,BRN,Brunei Darussalam,1967886242.69744
2014,BRN,Brunei Darussalam,1834457019.53569
2015,BRN,Brunei Darussalam,1878478710.92581
2016,BRN,Brunei Darussalam,1865075214.18666
2017,BRN,Brunei Darussalam,2033706753.7086
2018,BRN,Brunei Darussalam,2021743462.8238
2019,BRN,Brunei Darussalam,2140631283.97105
2020,BRN,Brunei Darussalam,2652102456.46552
2021,BRN,Brunei Darussalam,2473942879.32135
2022,BRN,Brunei Darussalam,2401460868.91264
2023,BRN,Brunei Darussalam,2320216262.67891
1970,BTN,Bhután,5071771.89451494
1971,BTN,Bhután,5189937.72027548
1972,BTN,Bhután,5259029.51549911
1973,BTN,Bhután,5372719.87627052
1974,BTN,Bhután,5545107.12016141
1975,BTN,Bhután,5452838.5800849
1976,BTN,Bhután,6073621.27272236
1977,BTN,Bhután,5946181.57766925
1978,BTN,Bhután,7211687.68934804
1979,BTN,Bhután,7838388.39301689
1980,BTN,Bhután,4861662.89138342
1981,BTN,Bhután,11941459.505009
1982,BTN,Bhután,10391804.4490311
1983,BTN,Bhután,11759147.1129239
1984,BTN,Bhután,12123771.8671757
1985,BTN,Bhután,11272980.8387448
1986,BTN,Bhután,10847585.3469682
1987,BTN,Bhután,16711966.2227887
1988,BTN,Bhután,17167747.105766602
1989,BTN,Bhután,25827584.136653
1990,BTN,Bhután,25091275.304584
1991,BTN,Bhután,24228062.9752005
1992,BTN,Bhután,25268123.8620562
1993,BTN,Bhután,25756023.7435264
1994,BTN,Bhután,31078489.3229564
1995,BTN,Bhután,38221394.9474173
1996,BTN,Bhután,42630985.7615633
1997,BTN,Bhután,45856947.4129463
1998,BTN,Bhután,45353062.6786622
1999,BTN,Bhután,47117617.0641045
2000,BTN,Bhután,48641326.8153509
2001,BTN,Bhután,54704532.1134086
2002,BTN,Bhután,55744186.2146068
2003,BTN,Bhután,59110747.1436326
2004,BTN,Bhután,61747055.5644287
2005,BTN,Bhután,66535060.69241
2006,BTN,Bhután,74176555.1036982
2007,BTN,Bhután,92748356.9311484
2008,BTN,Bhután,100639067.431892
2009,BTN,Bhután,107563315.540813
2010,BTN,Bhután,129273131.535647
2011,BTN,Bhután,138708111.090499
2012,BTN,Bhután,148121720.777974
2013,BTN,Bhután,140339719.252704
2014,BTN,Bhután,153203064.798408
2015,BTN,Bhután,159965666.432358
2016,BTN,Bhután,163841789.47293
2017,BTN,Bhután,174421860.376762
2018,BTN,Bhután,179131875.211554
2019,BTN,Bhután,174646633.424674
2020,BTN,Bhután,132178438.307823
2021,BTN,Bhután,137713864.593524
2022,BTN,Bhután,146977921.545273
2023,BTN,Bhután,153471535.882695
1970,BWA,Botswana,15276920.7957883
1971,BWA,Botswana,19285763.2342054
1972,BWA,Botswana,24522527.9775719
1973,BWA,Botswana,28856404.3872512
1974,BWA,Botswana,45614068.4562672
1975,BWA,Botswana,62045825.8594013
1976,BWA,Botswana,72842207.4365688
1977,BWA,Botswana,86007014.4002391
1978,BWA,Botswana,87337256.181667
1979,BWA,Botswana,99080080.6044652
1980,BWA,Botswana,93713242.9066598
1981,BWA,Botswana,83025437.9869569
1982,BWA,Botswana,103758862.221696
1983,BWA,Botswana,110547682.556559
1984,BWA,Botswana,107933069.373425
1985,BWA,Botswana,98804858.2299467
1986,BWA,Botswana,100777285.712228
1987,BWA,Botswana,124125323.322472
1988,BWA,Botswana,154353921.930838
1989,BWA,Botswana,227333740.602759
1990,BWA,Botswana,240360936.331077
1991,BWA,Botswana,256002745.4349
1992,BWA,Botswana,262608084.154689
1993,BWA,Botswana,240098082.212157
1994,BWA,Botswana,248461890.298523
1995,BWA,Botswana,291653350.988318
1996,BWA,Botswana,351937467.555477
1997,BWA,Botswana,402708046.515171
1998,BWA,Botswana,440032825.656317
1999,BWA,Botswana,444837162.184156
2000,BWA,Botswana,440048681.612445
2001,BWA,Botswana,444757237.380905
2002,BWA,Botswana,476544776.663272
2003,BWA,Botswana,455645022.008842
2004,BWA,Botswana,483889665.544045
2005,BWA,Botswana,519207136.446362
2006,BWA,Botswana,651265072.165722
2007,BWA,Botswana,818618909.77389
2008,BWA,Botswana,797621529.033696
2009,BWA,Botswana,837577149.553515
2010,BWA,Botswana,870320711.123291
2011,BWA,Botswana,969110400.549138
2012,BWA,Botswana,1005026065.86022
2013,BWA,Botswana,1070692316.18322
2014,BWA,Botswana,1159941928.582
2015,BWA,Botswana,979900100.092224
2016,BWA,Botswana,1028468177.6997
2017,BWA,Botswana,1006239115.32507
2018,BWA,Botswana,994523673.391233
2019,BWA,Botswana,1039480960.41811
2020,BWA,Botswana,884556264.079971
2021,BWA,Botswana,955979099.94177
2022,BWA,Botswana,1034383108.01669
2023,BWA,Botswana,1053900321.44479
1970,CAF,República Centroafricana,165855351.902885
1971,CAF,República Centroafricana,166481360.115001
1972,CAF,República Centroafricana,162909430.909897
1973,CAF,República Centroafricana,170973889.628569
1974,CAF,República Centroafricana,172262730.062386
1975,CAF,República Centroafricana,163204023.009524
1976,CAF,República Centroafricana,167328312.401018
1977,CAF,República Centroafricana,193068297.074333
1978,CAF,República Centroafricana,249591310.597677
1979,CAF,República Centroafricana,229943026.9397
1980,CAF,República Centroafricana,227674969.419785
1981,CAF,República Centroafricana,235592998.91255
1982,CAF,República Centroafricana,232190522.980423
1983,CAF,República Centroafricana,248899336.014799
1984,CAF,República Centroafricana,256362015.56818
1985,CAF,República Centroafricana,265006092.767814
1986,CAF,República Centroafricana,253090106.718183
1987,CAF,República Centroafricana,241301648.747406
1988,CAF,República Centroafricana,239996796.252733
1989,CAF,República Centroafricana,242331461.266988
1990,CAF,República Centroafricana,240647797.545091
1991,CAF,República Centroafricana,259651133.815367
1992,CAF,República Centroafricana,230394502.612269
1993,CAF,República Centroafricana,239915226.949998
1994,CAF,República Centroafricana,259877462.603933
1995,CAF,República Centroafricana,289063816.164352
1996,CAF,República Centroafricana,250562715.911358
1997,CAF,República Centroafricana,238427532.014535
1998,CAF,República Centroafricana,248271465.106426
1999,CAF,República Centroafricana,259443681.03574
2000,CAF,República Centroafricana,267226991.466681
2001,CAF,República Centroafricana,271737261.66523
2002,CAF,República Centroafricana,275269846.064654
2003,CAF,República Centroafricana,256000956.840784
2004,CAF,República Centroafricana,258560966.407389
2005,CAF,República Centroafricana,271489014.729562
2006,CAF,República Centroafricana,297676463.65736
2007,CAF,República Centroafricana,338128300.618707
2008,CAF,República Centroafricana,359285503.28364
2009,CAF,República Centroafricana,438251187.93557
2010,CAF,República Centroafricana,459857636.844318
2011,CAF,República Centroafricana,537632982.908621
2012,CAF,República Centroafricana,596726899.403468
2013,CAF,República Centroafricana,335121302.037842
2014,CAF,República Centroafricana,293161047.031567
2015,CAF,República Centroafricana,334839293.446834
2016,CAF,República Centroafricana,348880697.943307
2017,CAF,República Centroafricana,352468109.554503
2018,CAF,República Centroafricana,356114546.219631
2019,CAF,República Centroafricana,399076445.484612
2020,CAF,República Centroafricana,399042507.855911
2021,CAF,República Centroafricana,426255553.310926
2022,CAF,República Centroafricana,419861573.202508
2023,CAF,República Centroafricana,376687956.945346
1970,CAN,Canadá,61310945326.7409
1971,CAN,Canadá,65229119832.2219
1972,CAN,Canadá,70658906455.919
1973,CAN,Canadá,77875431252.334
1974,CAN,Canadá,79794988899.2706
1975,CAN,Canadá,73987826308.125
1976,CAN,Canadá,80025841795.6997
1977,CAN,Canadá,82665365326.2888
1978,CAN,Canadá,87253961942.7841
1979,CAN,Canadá,90769461533.3464
1980,CAN,Canadá,86612001148.4372
1981,CAN,Canadá,88689677217.8261
1982,CAN,Canadá,79160982960.7724
1983,CAN,Canadá,83403537515.8233
1984,CAN,Canadá,94261961233.5276
1985,CAN,Canadá,98903168858.5511
1986,CAN,Canadá,100085839631.378
1987,CAN,Canadá,104621625666.983
1988,CAN,Canadá,111385439412.554
1989,CAN,Canadá,113154573145.726
1990,CAN,Canadá,108974917185.83
1991,CAN,Canadá,101024889084.005
1992,CAN,Canadá,102172124028.661
1993,CAN,Canadá,107386506177.702
1994,CAN,Canadá,115251488291.766
1995,CAN,Canadá,120915019565.465
1996,CAN,Canadá,122194252970.667
1997,CAN,Canadá,140203082839.152
1998,CAN,Canadá,147280306462.808
1999,CAN,Canadá,159039033350.784
2000,CAN,Canadá,173450001324.907
2001,CAN,Canadá,167126307336.262
2002,CAN,Canadá,170193867694.39
2003,CAN,Canadá,168011151152.855
2004,CAN,Canadá,172093342600.07
2005,CAN,Canadá,175548737866.593
2006,CAN,Canadá,172716321508.042
2007,CAN,Canadá,167511851881.024
2008,CAN,Canadá,158559583897.099
2009,CAN,Canadá,136695772663.632
2010,CAN,Canadá,143296600651.779
2011,CAN,Canadá,148268216642.852
2012,CAN,Canadá,150428793002.609
2013,CAN,Canadá,149937128276.219
2014,CAN,Canadá,154393412450.035
2015,CAN,Canadá,155268331357.555
2016,CAN,Canadá,155253825721.217
2017,CAN,Canadá,158273288443.068
2018,CAN,Canadá,163116644070.735
2019,CAN,Canadá,163085342434.427
2020,CAN,Canadá,149167566095.783
2021,CAN,Canadá,158770297351.267
2022,CAN,Canadá,164406118795.692
2023,CAN,Canadá,163183064616.07
1970,CHE,Suiza,57878533976.2411
1971,CHE,Suiza,60247977925.9991
1972,CHE,Suiza,62179639140.6393
1973,CHE,Suiza,64035074706.6044
1974,CHE,Suiza,65039165412.5243
1975,CHE,Suiza,60283583549.2618
1976,CHE,Suiza,59275542740.7273
1977,CHE,Suiza,61106246031.3382
1978,CHE,Suiza,61076175931.1004
1979,CHE,Suiza,61973620282.8014
1980,CHE,Suiza,67032337973.3196
1981,CHE,Suiza,65612051010.9422
1982,CHE,Suiza,63036954990.3877
1983,CHE,Suiza,62913785738.7088
1984,CHE,Suiza,62960111450.4643
1985,CHE,Suiza,65830193140.1493
1986,CHE,Suiza,69005622772.9509
1987,CHE,Suiza,71088570977.2317
1988,CHE,Suiza,70824180268.8961
1989,CHE,Suiza,72213370393.5345
1990,CHE,Suiza,76954300419.1213
1991,CHE,Suiza,77506024792.3498
1992,CHE,Suiza,77988817348.1483
1993,CHE,Suiza,77481842976.5531
1994,CHE,Suiza,80205930565.0315
1995,CHE,Suiza,80167821840.4202
1996,CHE,Suiza,80765398738.7506
1997,CHE,Suiza,83218623085.7938
1998,CHE,Suiza,85000459401.7122
1999,CHE,Suiza,86003087956.4462
2000,CHE,Suiza,87677244502.4185
2001,CHE,Suiza,92644934399.2225
2002,CHE,Suiza,94591382179.8381
2003,CHE,Suiza,94314172936.2286
2004,CHE,Suiza,95506519427.8002
2005,CHE,Suiza,99696223532.2649
2006,CHE,Suiza,106308926641.537
2007,CHE,Suiza,111602989246.186
2008,CHE,Suiza,115265025174.614
2009,CHE,Suiza,100393290256.732
2010,CHE,Suiza,107553812598.006
2011,CHE,Suiza,117048049169.435
2012,CHE,Suiza,114019527194.634
2013,CHE,Suiza,116506121572.937
2014,CHE,Suiza,118106039355.208
2015,CHE,Suiza,118823719530.313
2016,CHE,Suiza,123542776174.334
2017,CHE,Suiza,129860534866.315
2018,CHE,Suiza,136734015063.315
2019,CHE,Suiza,141067933312.382
2020,CHE,Suiza,135868978538.005
2021,CHE,Suiza,162911640527.268
2022,CHE,Suiza,169318809454.565
2023,CHE,Suiza,166443629044.801
1970,CHL,Chile,8546167938.66266
1971,CHL,Chile,9706486997.96071
1972,CHL,Chile,9923588414.87402
1973,CHL,Chile,9156643431.93335
1974,CHL,Chile,8922917131.7485
1975,CHL,Chile,6650564519.7231
1976,CHL,Chile,7050661894.47012
1977,CHL,Chile,7649157692.44097
1978,CHL,Chile,8358037825.69647
1979,CHL,Chile,9018632452.37834
1980,CHL,Chile,9575443800.36691
1981,CHL,Chile,9820416345.12511
1982,CHL,Chile,7762353588.86859
1983,CHL,Chile,8002680945.65215
1984,CHL,Chile,8714494881.84008
1985,CHL,Chile,8948587907.39332
1986,CHL,Chile,9630367516.44415
1987,CHL,Chile,10138529853.8904
1988,CHL,Chile,11031995166.6179
1989,CHL,Chile,12240191044.52
1990,CHL,Chile,12360985410.9874
1991,CHL,Chile,13020712127.0849
1992,CHL,Chile,14506878494.1286
1993,CHL,Chile,15315310675.4806
1994,CHL,Chile,15219916829.314
1995,CHL,Chile,15743731145.2239
1996,CHL,Chile,15399823990.604
1997,CHL,Chile,16194121950.9592
1998,CHL,Chile,16116020455.1286
1999,CHL,Chile,16168130506.4492
2000,CHL,Chile,17158307844.3163
2001,CHL,Chile,17276990750.7671
2002,CHL,Chile,17531282615.0085
2003,CHL,Chile,17880936439.5179
2004,CHL,Chile,18729816111.5329
2005,CHL,Chile,19588975459.8767
2006,CHL,Chile,20500011652.5119
2007,CHL,Chile,20852160868.0916
2008,CHL,Chile,21480278166.4408
2009,CHL,Chile,20506697392.4044
2010,CHL,Chile,21210238272.9572
2011,CHL,Chile,23267384702.418
2012,CHL,Chile,24469004227.9944
2013,CHL,Chile,24707932563.5767
2014,CHL,Chile,24830910734.3153
2015,CHL,Chile,25216899341.7432
2016,CHL,Chile,25193812080.2588
2017,CHL,Chile,25431900467.724
2018,CHL,Chile,26760111897.9616
2019,CHL,Chile,26280583271.5945
2020,CHL,Chile,25706125960.2453
2021,CHL,Chile,27172723261.8095
2022,CHL,Chile,26035832035.8362
2023,CHL,Chile,26517737608.8422
1970,CHN,China,29262553894.4477
1971,CHN,China,32861848023.4965
1972,CHN,China,35359348473.1896
1973,CHN,China,38470971139.0274
1974,CHN,China,38855680850.2448
1975,CHN,China,45072589786.4654
1976,CHN,China,43675339502.9459
1977,CHN,China,49964588391.479
1978,CHN,China,58158780887.5251
1979,CHN,China,63208904615.1981
1980,CHN,China,71160834343.0226
1981,CHN,China,72400471687.4797
1982,CHN,China,76592635584.822
1983,CHN,China,84051650033.6548
1984,CHN,China,96483340781.9541
1985,CHN,China,113880644368.902
1986,CHN,China,124853730492.5
1987,CHN,China,141251554397.079
1988,CHN,China,162576142106.781
1989,CHN,China,170776819924.336
1990,CHN,China,176512468589.501
1991,CHN,China,201757021246.714
1992,CHN,China,244206215866.781
1993,CHN,China,292944180060.174
1994,CHN,China,347973470237.225
1995,CHN,China,396650080581.119
1996,CHN,China,446195870459.571
1997,CHN,China,496707983467.498
1998,CHN,China,540875085873.394
1999,CHN,China,587199798653.311
2000,CHN,China,645084599242.366
2001,CHN,China,701319218712.883
2002,CHN,China,771743882349.141
2003,CHN,China,870151261805.58
2004,CHN,China,1049299938247.69
2005,CHN,China,1149110593198.33
2006,CHN,China,1300132195677.7
2007,CHN,China,1516298880762.3
2008,CHN,China,1658872775445.31
2009,CHN,China,1871822990974.28
2010,CHN,China,2076477480186.37
2011,CHN,China,2302018977244.49
2012,CHN,China,2523464286605.88
2013,CHN,China,2735828384656.88
2014,CHN,China,2986278895210.48
2015,CHN,China,3202510843017.23
2016,CHN,China,3404166535738.12
2017,CHN,China,3600631194771.78
2018,CHN,China,3819861916374.72
2019,CHN,China,3988407309154.29
2020,CHN,China,4081478900734.89
2021,CHN,China,4511268232770.7
2022,CHN,China,4627011538045.29
2023,CHN,China,4822678648045.24
1970,CIV,Costa de Marfil,852431853.57608
1971,CIV,Costa de Marfil,1021037868.4898
1972,CIV,Costa de Marfil,1068328508.81649
1973,CIV,Costa de Marfil,1061825623.43886
1974,CIV,Costa de Marfil,1022480278.78978
1975,CIV,Costa de Marfil,1130912158.16853
1976,CIV,Costa de Marfil,1290067288.78105
1977,CIV,Costa de Marfil,1398432858.15153
1978,CIV,Costa de Marfil,1380249324.90218
1979,CIV,Costa de Marfil,1461676326.49893
1980,CIV,Costa de Marfil,1562813161.78905
1981,CIV,Costa de Marfil,1679628462.89859
1982,CIV,Costa de Marfil,1379758091.18113
1983,CIV,Costa de Marfil,1416365803.86443
1984,CIV,Costa de Marfil,1443705464.42909
1985,CIV,Costa de Marfil,2085754562.58903
1986,CIV,Costa de Marfil,1973247125.86119
1987,CIV,Costa de Marfil,1997360125.36457
1988,CIV,Costa de Marfil,2049604957.61834
1989,CIV,Costa de Marfil,2620279279.15216
1990,CIV,Costa de Marfil,2527846114.39479
1991,CIV,Costa de Marfil,2363073951.1364
1992,CIV,Costa de Marfil,2383168117.38668
1993,CIV,Costa de Marfil,2355036284.63781
1994,CIV,Costa de Marfil,2395224617.13685
1995,CIV,Costa de Marfil,2616260445.90058
1996,CIV,Costa de Marfil,2801126775.41229
1997,CIV,Costa de Marfil,3371801096.94459
1998,CIV,Costa de Marfil,3219085433.43485
1999,CIV,Costa de Marfil,3721439589.71316
2000,CIV,Costa de Marfil,3528535593.70286
2001,CIV,Costa de Marfil,3029280312.81875
2002,CIV,Costa de Marfil,3263693132.47913
2003,CIV,Costa de Marfil,3958908528.00021
2004,CIV,Costa de Marfil,3922263231.45281
2005,CIV,Costa de Marfil,4100325870.64329
2006,CIV,Costa de Marfil,3976274581.95523
2007,CIV,Costa de Marfil,4369455533.89703
2008,CIV,Costa de Marfil,4395291543.12023
2009,CIV,Costa de Marfil,3992578176.97007
2010,CIV,Costa de Marfil,3772347650.89361
2011,CIV,Costa de Marfil,3177198477.56395
2012,CIV,Costa de Marfil,3990949362.94729
2013,CIV,Costa de Marfil,4851881727.56907
2014,CIV,Costa de Marfil,5035281389.13122
2015,CIV,Costa de Marfil,5236929530.5978
2016,CIV,Costa de Marfil,7726719976.51747
2017,CIV,Costa de Marfil,6941391875.55264
2018,CIV,Costa de Marfil,7915312832.7
2019,CIV,Costa de Marfil,9872765941.65487
2020,CIV,Costa de Marfil,7988826238.33703
2021,CIV,Costa de Marfil,8227514181.47387
2022,CIV,Costa de Marfil,8570267786.88573
2023,CIV,Costa de Marfil,9308282673.37292
1970,CMR,Camerún,457127916.911356
1971,CMR,Camerún,470032191.115395
1972,CMR,Camerún,484027695.499551
1973,CMR,Camerún,507801937.133743
1974,CMR,Camerún,524350011.781362
1975,CMR,Camerún,545191211.082647
1976,CMR,Camerún,517109656.912133
1977,CMR,Camerún,581169735.519601
1978,CMR,Camerún,718285042.34925
1979,CMR,Camerún,769166582.232602
1980,CMR,Camerún,811223688.559252
1981,CMR,Camerún,950020366.293177
1982,CMR,Camerún,1021728317.07222
1983,CMR,Camerún,1127970465.00331
1984,CMR,Camerún,1305920563.71519
1985,CMR,Camerún,1427340161.35271
1986,CMR,Camerún,1460554580.27079
1987,CMR,Camerún,1490029627.52244
1988,CMR,Camerún,1447356797.91881
1989,CMR,Camerún,1444992761.41291
1990,CMR,Camerún,1471088418.49381
1991,CMR,Camerún,1522217803.53074
1992,CMR,Camerún,1535781500.9388
1993,CMR,Camerún,1689651545.80542
1994,CMR,Camerún,1707421754.22876
1995,CMR,Camerún,1632965339.97832
1996,CMR,Camerún,1714537368.95185
1997,CMR,Camerún,1671174009.05408
1998,CMR,Camerún,1825522194.98794
1999,CMR,Camerún,1852422015.48448
2000,CMR,Camerún,1974344775.43148
2001,CMR,Camerún,2228643557.36074
2002,CMR,Camerún,2558865890.88791
2003,CMR,Camerún,2755518823.29081
2004,CMR,Camerún,2918778217.73865
2005,CMR,Camerún,2954819826.00454
2006,CMR,Camerún,3171290567.22928
2007,CMR,Camerún,3363613104.84528
2008,CMR,Camerún,3281821236.53492
2009,CMR,Camerún,3455869687.84427
2010,CMR,Camerún,3511381231.8493
2011,CMR,Camerún,3891382344.2824
2012,CMR,Camerún,4161110479.28944
2013,CMR,Camerún,4325820878.58129
2014,CMR,Camerún,4432337942.05746
2015,CMR,Camerún,4622187180.18732
2016,CMR,Camerún,4836837231.80121
2017,CMR,Camerún,4985180078.83477
2018,CMR,Camerún,5242042412.83803
2019,CMR,Camerún,5301597725.99478
2020,CMR,Camerún,5233547198.84307
2021,CMR,Camerún,5576851207.45455
2022,CMR,Camerún,5816108238.61864
2023,CMR,Camerún,6005316605.10045
1970,COD,República Democrática del Congo,17077252328.6998
1971,COD,República Democrática del Congo,18795995143.7186
1972,COD,República Democrática del Congo,18906170965.1971
1973,COD,República Democrática del Congo,20580843451.6214
1974,COD,República Democrática del Congo,22233480773.7564
1975,COD,República Democrática del Congo,20294386315.7858
1976,COD,República Democrática del Congo,18685819322.2454
1977,COD,República Democrática del Congo,18289186364.9314
1978,COD,República Democrática del Congo,15974168902.4327
1979,COD,República Democrática del Congo,15049620310.5727
1980,COD,República Democrática del Congo,15578732219.2459
1981,COD,República Democrática del Congo,15820130451.8178
1982,COD,República Democrática del Congo,15578984151.0415
1983,COD,República Democrática del Congo,16028611038.4741
1984,COD,República Democrática del Congo,17308848396.633
1985,COD,República Democrática del Congo,18311890501.3434
1986,COD,República Democrática del Congo,19094105199.0592
1987,COD,República Democrática del Congo,19551723622.4564
1988,COD,República Democrática del Congo,19114417605.3198
1989,COD,República Democrática del Congo,18333900473.7665
1990,COD,República Democrática del Congo,15649121745.8978
1991,COD,República Democrática del Congo,12287100621.4692
1992,COD,República Democrática del Congo,8900891341.8065
1993,COD,República Democrática del Congo,7812467065.64127
1994,COD,República Democrática del Congo,7231974586.8972
1995,COD,República Democrática del Congo,8054339427.36156
1996,COD,República Democrática del Congo,7828817763.26616
1997,COD,República Democrática del Congo,6122135567.78251
1998,COD,República Democrática del Congo,5240547834.18355
1999,COD,República Democrática del Congo,6110479127.10621
2000,COD,República Democrática del Congo,5444436858.05867
2001,COD,República Democrática del Congo,4674754977.86478
2002,COD,República Democrática del Congo,4876225899.46972
2003,COD,República Democrática del Congo,4658490398.25604
2004,COD,República Democrática del Congo,4859436656.00264
2005,COD,República Democrática del Congo,4879846080.09231
2006,COD,República Democrática del Congo,4646108331.19907
2007,COD,República Democrática del Congo,4978587818.23307
2008,COD,República Democrática del Congo,5057287396.985
2009,COD,República Democrática del Congo,4558017269.38274
2010,COD,República Democrática del Congo,4406914078.17903
2011,COD,República Democrática del Congo,4485561190.54513
2012,COD,República Democrática del Congo,4719771136.91088
2013,COD,República Democrática del Congo,5194329596.78503
2014,COD,República Democrática del Congo,5710441434.2402
2015,COD,República Democrática del Congo,6494813902.4678
2016,COD,República Democrática del Congo,7056204230.89825
2017,COD,República Democrática del Congo,7224568863.04155
2018,COD,República Democrática del Congo,7169426691.52936
2019,COD,República Democrática del Congo,7607678412.40595
2020,COD,República Democrática del Congo,7059352214.04832
2021,COD,República Democrática del Congo,7366228104.79502
2022,COD,República Democrática del Congo,7528559102.56734
2023,COD,República Democrática del Congo,7725334282.64009
1970,COG,Congo,476684616.843565
1971,COG,Congo,488038923.134283
1972,COG,Congo,511140030.246309
1973,COG,Congo,543324582.390909
1974,COG,Congo,513438926.831875
1975,COG,Congo,540857473.865694
1976,COG,Congo,573939156.384715
1977,COG,Congo,543100299.79997
1978,COG,Congo,542847981.878053
1979,COG,Congo,512233407.891357
1980,COG,Congo,593395671.354875
1981,COG,Congo,727460591.53207
1982,COG,Congo,772317110.199821
1983,COG,Congo,1017934585.24696
1984,COG,Congo,1078322673.50788
1985,COG,Congo,1183455139.13754
1986,COG,Congo,1110226872.41025
1987,COG,Congo,1118132833.82262
1988,COG,Congo,998873495.533495
1989,COG,Congo,741243573.266712
1990,COG,Congo,660609584.668437
1991,COG,Congo,699559969.548369
1992,COG,Congo,681255098.809294
1993,COG,Congo,677828032.834409
1994,COG,Congo,585845640.75893
1995,COG,Congo,615483888.556195
1996,COG,Congo,604855363.676002
1997,COG,Congo,436257694.234797
1998,COG,Congo,494816031.329062
1999,COG,Congo,423976438.491393
2000,COG,Congo,555600842.130366
2001,COG,Congo,601434180.916451
2002,COG,Congo,676616071.229235
2003,COG,Congo,770136845.426932
2004,COG,Congo,786460258.457043
2005,COG,Congo,799415945.782135
2006,COG,Congo,889319445.334469
2007,COG,Congo,914035477.629709
2008,COG,Congo,930639239.195357
2009,COG,Congo,1009239652.23679
2010,COG,Congo,1099229363.94128
2011,COG,Congo,1161120227.01784
2012,COG,Congo,1086623677.52718
2013,COG,Congo,1280227255.58648
2014,COG,Congo,1256498277.35351
2015,COG,Congo,1040498809.72601
2016,COG,Congo,1092691897.12923
2017,COG,Congo,1016016192.03456
2018,COG,Congo,868366846.427334
2019,COG,Congo,1018149313.46346
2020,COG,Congo,1039682152.2691
2021,COG,Congo,952306393.726233
2022,COG,Congo,945394990.488642
2023,COG,Congo,978056814.567758
1970,COK,Islas Cook,50284358.9794589
1971,COK,Islas Cook,43758135.2692607
1972,COK,Islas Cook,34923576.7921075
1973,COK,Islas Cook,31465313.7195158
1974,COK,Islas Cook,27528586.6451252
1975,COK,Islas Cook,23527213.813988
1976,COK,Islas Cook,18903484.1994407
1977,COK,Islas Cook,18906281.3993499
1978,COK,Islas Cook,23122154.3101676
1979,COK,Islas Cook,20476313.3548892
1980,COK,Islas Cook,17719925.2992277
1981,COK,Islas Cook,14440296.4042315
1982,COK,Islas Cook,12640014.7919056
1983,COK,Islas Cook,8815701.54130314
1984,COK,Islas Cook,6814395.16871497
1985,COK,Islas Cook,6811648.45977885
1986,COK,Islas Cook,5752109.81546823
1987,COK,Islas Cook,6499390.64319909
1988,COK,Islas Cook,5332333.63559122
1989,COK,Islas Cook,4574655.99520143
1990,COK,Islas Cook,5377820.23194878
1991,COK,Islas Cook,3794884.94758648
1992,COK,Islas Cook,4232856.63156606
1993,COK,Islas Cook,4673427.15806056
1994,COK,Islas Cook,4711115.78427412
1995,COK,Islas Cook,4430398.23598472
1996,COK,Islas Cook,3930615.50274783
1997,COK,Islas Cook,4048746.34728907
1998,COK,Islas Cook,5021051.01609172
1999,COK,Islas Cook,5179568.14740878
2000,COK,Islas Cook,6205384.59209191
2001,COK,Islas Cook,6416725.37945619
2002,COK,Islas Cook,6677335.97966174
2003,COK,Islas Cook,6936650.40445809
2004,COK,Islas Cook,7455278.53275119
2005,COK,Islas Cook,7260793.07480373
2006,COK,Islas Cook,6742167.8317091
2007,COK,Islas Cook,6668797.23481253
2008,COK,Islas Cook,6951993.88988066
2009,COK,Islas Cook,7104548.75857536
2010,COK,Islas Cook,6607068.41371138
2011,COK,Islas Cook,6380984.26220469
2012,COK,Islas Cook,6526160.23583203
2013,COK,Islas Cook,6430047.06205629
2014,COK,Islas Cook,6219232.82341138
2015,COK,Islas Cook,6372328.66681776
2016,COK,Islas Cook,6778831.49116891
2017,COK,Islas Cook,7511037.1569342
2018,COK,Islas Cook,8366137.85120161
2019,COK,Islas Cook,8616284.55788398
2020,COK,Islas Cook,5926781.89427539
2021,COK,Islas Cook,4174616.73670547
2022,COK,Islas Cook,4360144.37472707
2023,COK,Islas Cook,4112258.22103992
1970,COL,Colombia,8555008937.72649
1971,COL,Colombia,9284843547.86187
1972,COL,Colombia,10279847931.7079
1973,COL,Colombia,11156767884.6909
1974,COL,Colombia,12086227606.4722
1975,COL,Colombia,12235783879.0409
1976,COL,Colombia,12772105677.3655
1977,COL,Colombia,12956124917.0912
1978,COL,Colombia,14248031014.219101
1979,COL,Colombia,15120009107.7609
1980,COL,Colombia,15303118004.9582
1981,COL,Colombia,14897885530.7635
1982,COL,Colombia,14683304791.8605
1983,COL,Colombia,14851197963.9352
1984,COL,Colombia,15740472565.522
1985,COL,Colombia,16205397499.8115
1986,COL,Colombia,17169190139.8172
1987,COL,Colombia,18236631779.1598
1988,COL,Colombia,18582301842.1923
1989,COL,Colombia,19626074575.789
1990,COL,Colombia,20455396619.4156
1991,COL,Colombia,20623549889.3557
1992,COL,Colombia,21547807653.8301
1993,COL,Colombia,21277210431.6887
1994,COL,Colombia,21665333989.718
1995,COL,Colombia,22945791334.1666
1996,COL,Colombia,22521490029.6403
1997,COL,Colombia,22615780634.5415
1998,COL,Colombia,22550642721.7678
1999,COL,Colombia,20663035854.9858
2000,COL,Colombia,23070644348.2562
2001,COL,Colombia,23430163643.3515
2002,COL,Colombia,23660537357.2555
2003,COL,Colombia,25376415461.2387
2004,COL,Colombia,26726534424.2608
2005,COL,Colombia,28175839432.8748
2006,COL,Colombia,30230342921.7862
2007,COL,Colombia,32577356937.6117
2008,COL,Colombia,32693704640.9603
2009,COL,Colombia,31495578604.9095
2010,COL,Colombia,32088623638.279
2011,COL,Colombia,33881618339.4131
2012,COL,Colombia,34162822349.7008
2013,COL,Colombia,34678545398.3997
2014,COL,Colombia,35680813388.3745
2015,COL,Colombia,36395677020.2344
2016,COL,Colombia,37569001664.9757
2017,COL,Colombia,36886598677.6238
2018,COL,Colombia,37430770381.06
2019,COL,Colombia,37880477961.7146
2020,COL,Colombia,34376916712.916
2021,COL,Colombia,39054532059.1415
2022,COL,Colombia,42776199660.926
2023,COL,Colombia,42791882893.6658
1970,COM,Comoras,13092298.2024316
1971,COM,Comoras,13653555.5306589
1972,COM,Comoras,13956833.7496179
1973,COM,Comoras,14972945.1092276
1974,COM,Comoras,15434675.041376
1975,COM,Comoras,16454385.1600219
1976,COM,Comoras,16471170.3596492
1977,COM,Comoras,17175877.7917902
1978,COM,Comoras,17695069.3982929
1979,COM,Comoras,19224622.5017038
1980,COM,Comoras,21004794.995199
1981,COM,Comoras,21612275.1622801
1982,COM,Comoras,22231438.8072613
1983,COM,Comoras,23212752.9234753
1984,COM,Comoras,24976780.7003169
1985,COM,Comoras,25864637.4965624
1986,COM,Comoras,27687075.6600564
1987,COM,Comoras,28852098.2721712
1988,COM,Comoras,30642217.2896484
1989,COM,Comoras,30993090.1029365
1990,COM,Comoras,32634409.362324
1991,COM,Comoras,33630723.0308441
1992,COM,Comoras,42993886.1220605
1993,COM,Comoras,44946339.2385649
1994,COM,Comoras,42576284.6945536
1995,COM,Comoras,46565008.505299
1996,COM,Comoras,43736537.7969937
1997,COM,Comoras,44050812.3203698
1998,COM,Comoras,42846093.3140947
1999,COM,Comoras,39441452.6483463
2000,COM,Comoras,44155570.4948285
2001,COM,Comoras,46004835.9967072
2002,COM,Comoras,45760898.7778607
2003,COM,Comoras,46836130.2015618
2004,COM,Comoras,46949690.5592748
2005,COM,Comoras,48818193.9070589
2006,COM,Comoras,50309444.9734938
2007,COM,Comoras,46336935.1591413
2008,COM,Comoras,48273273.7126293
2009,COM,Comoras,47000406.6935803
2010,COM,Comoras,55111814.1679126
2011,COM,Comoras,52977890.0477421
2012,COM,Comoras,55800243.8791957
2013,COM,Comoras,61723651.1835287
2014,COM,Comoras,61149613.1161144
2015,COM,Comoras,70061762.0975283
2016,COM,Comoras,67651218.1840024
2017,COM,Comoras,67164533.7355424
2018,COM,Comoras,70538047.3056365
2019,COM,Comoras,73520549.4385065
2020,COM,Comoras,71263914.2821858
2021,COM,Comoras,69964009.2382223
2022,COM,Comoras,82166477.8669166
2023,COM,Comoras,95200713.0963578
1970,CPV,Cabo Verde,23155564.3269149
1971,CPV,Cabo Verde,24337997.5807481
1972,CPV,Cabo Verde,24861845.482234
1973,CPV,Cabo Verde,25313908.9573533
1974,CPV,Cabo Verde,25959584.6246718
1975,CPV,Cabo Verde,21755602.9135511
1976,CPV,Cabo Verde,21696700.2205041
1977,CPV,Cabo Verde,20677040.0723703
1978,CPV,Cabo Verde,23143216.3223254
1979,CPV,Cabo Verde,23897361.5853747
1980,CPV,Cabo Verde,26209450.7182193
1981,CPV,Cabo Verde,23496048.9962251
1982,CPV,Cabo Verde,27867640.6560841
1983,CPV,Cabo Verde,33806975.543828
1984,CPV,Cabo Verde,31977941.7913781
1985,CPV,Cabo Verde,42992342.8684419
1986,CPV,Cabo Verde,41545195.2773412
1987,CPV,Cabo Verde,53584659.2318539
1988,CPV,Cabo Verde,43062690.3173633
1989,CPV,Cabo Verde,50378825.3372247
1990,CPV,Cabo Verde,49172869.0196923
1991,CPV,Cabo Verde,48901528.8394434
1992,CPV,Cabo Verde,47735771.0641518
1993,CPV,Cabo Verde,54881062.2794899
1994,CPV,Cabo Verde,59815433.5609053
1995,CPV,Cabo Verde,66679334.9503725
1996,CPV,Cabo Verde,81934682.414951
1997,CPV,Cabo Verde,84477240.332422
1998,CPV,Cabo Verde,85745236.5450361
1999,CPV,Cabo Verde,87071962.9510205
2000,CPV,Cabo Verde,83091617.5320839
2001,CPV,Cabo Verde,64481863.2699394
2002,CPV,Cabo Verde,66146507.2755592
2003,CPV,Cabo Verde,63573488.7163993
2004,CPV,Cabo Verde,59882901.5108787
2005,CPV,Cabo Verde,64737497.9301646
2006,CPV,Cabo Verde,64737559.9209782
2007,CPV,Cabo Verde,67514889.395283
2008,CPV,Cabo Verde,75517494.7366578
2009,CPV,Cabo Verde,74938844.3600282
2010,CPV,Cabo Verde,82200922.7666236
2011,CPV,Cabo Verde,85699170.3172239
2012,CPV,Cabo Verde,83692900.0695389
2013,CPV,Cabo Verde,87375295.5628424
2014,CPV,Cabo Verde,89068425.5798697
2015,CPV,Cabo Verde,86476742.2115821
2016,CPV,Cabo Verde,93017995.553257
2017,CPV,Cabo Verde,94516920.9185682
2018,CPV,Cabo Verde,100791552.757133
2019,CPV,Cabo Verde,103516940.288729
2020,CPV,Cabo Verde,83158526.8503466
2021,CPV,Cabo Verde,95032926.313027
2022,CPV,Cabo Verde,98239394.3935009
2023,CPV,Cabo Verde,109370971.752028
1970,CRI,Costa Rica,1449763771.45116
1971,CRI,Costa Rica,1567312168.68711
1972,CRI,Costa Rica,1732439645.89538
1973,CRI,Costa Rica,1910161827.00163
1974,CRI,Costa Rica,2152255391.5555
1975,CRI,Costa Rica,2220825086.34151
1976,CRI,Costa Rica,2349569687.70657
1977,CRI,Costa Rica,2649036599.09367
1978,CRI,Costa Rica,2865941073.78094
1979,CRI,Costa Rica,2941514314.64084
1980,CRI,Costa Rica,2966691148.32852
1981,CRI,Costa Rica,2951302756.7609
1982,CRI,Costa Rica,2615473994.4083
1983,CRI,Costa Rica,2661593018.08884
1984,CRI,Costa Rica,2938722682.64167
1985,CRI,Costa Rica,2997590711.21896
1986,CRI,Costa Rica,3216919545.93253
1987,CRI,Costa Rica,3393716620.91499
1988,CRI,Costa Rica,3468125778.89894
1989,CRI,Costa Rica,3585047206.88499
1990,CRI,Costa Rica,3680799635.92721
1991,CRI,Costa Rica,3758607110.3647
1992,CRI,Costa Rica,4131649935.54563
1993,CRI,Costa Rica,4343029542.81383
1994,CRI,Costa Rica,4423289167.7138
1995,CRI,Costa Rica,4578063727.07831
1996,CRI,Costa Rica,4553784776.13119
1997,CRI,Costa Rica,4896113952.81376
1998,CRI,Costa Rica,5185160130.4493
1999,CRI,Costa Rica,5296321673.99064
2000,CRI,Costa Rica,5465373705.21595
2001,CRI,Costa Rica,5434443764.57302
2002,CRI,Costa Rica,5622886277.47496
2003,CRI,Costa Rica,5699964505.42571
2004,CRI,Costa Rica,5929138403.53746
2005,CRI,Costa Rica,6142115919.45729
2006,CRI,Costa Rica,6390884611.17964
2007,CRI,Costa Rica,6571962692.27715
2008,CRI,Costa Rica,6421666669.96972
2009,CRI,Costa Rica,5908737100.28967
2010,CRI,Costa Rica,6312553607.90662
2011,CRI,Costa Rica,6549894299.19328
2012,CRI,Costa Rica,6818477767.98895
2013,CRI,Costa Rica,6814050190.05963
2014,CRI,Costa Rica,6830655534.48232
2015,CRI,Costa Rica,6551259868.22401
2016,CRI,Costa Rica,6829694005.76392
2017,CRI,Costa Rica,7099894084.23207
2018,CRI,Costa Rica,7398416601.32107
2019,CRI,Costa Rica,7621018704.61453
2020,CRI,Costa Rica,7784317417.57474
2021,CRI,Costa Rica,9188901474.47561
2022,CRI,Costa Rica,9501134250.74424
2023,CRI,Costa Rica,10299205401.7793
1970,CSK,Checoslovaquia,13533758107.1574
1971,CSK,Checoslovaquia,14263079755.381
1972,CSK,Checoslovaquia,14843592077.3258
1973,CSK,Checoslovaquia,15790126505.4014
1974,CSK,Checoslovaquia,17192671592.1718
1975,CSK,Checoslovaquia,18791428333.4256
1976,CSK,Checoslovaquia,20235000131.2177
1977,CSK,Checoslovaquia,18859898348.6719
1978,CSK,Checoslovaquia,19637136813.1716
1979,CSK,Checoslovaquia,21462209558.3579
1980,CSK,Checoslovaquia,22111548021.3825
1981,CSK,Checoslovaquia,20659626225.8266
1982,CSK,Checoslovaquia,20908961011.3674
1983,CSK,Checoslovaquia,21592015807.814
1984,CSK,Checoslovaquia,21502705909.7983
1985,CSK,Checoslovaquia,22460601286.2916
1986,CSK,Checoslovaquia,23029061313.2973
1987,CSK,Checoslovaquia,23460884621.6118
1988,CSK,Checoslovaquia,24005030502.9826
1989,CSK,Checoslovaquia,23311495729.6404
1990,CSK,Checoslovaquia,23609246519.0929
1970,CUB,Cuba,4418442139.08815
1971,CUB,Cuba,4798203195.44844
1972,CUB,Cuba,5029623501.32304
1973,CUB,Cuba,5201451165.20116
1974,CUB,Cuba,5250606023.09002
1975,CUB,Cuba,5753572107.64649
1976,CUB,Cuba,6066914335.31181
1977,CUB,Cuba,6590591179.73143
1978,CUB,Cuba,7019112767.22645
1979,CUB,Cuba,7085080298.26752
1980,CUB,Cuba,6792745864.78785
1981,CUB,Cuba,8100505504.96822
1982,CUB,Cuba,8777504718.13534
1983,CUB,Cuba,9236637062.5681
1984,CUB,Cuba,9925082662.92278
1985,CUB,Cuba,10621573161.33
1986,CUB,Cuba,10021241270.2656
1987,CUB,Cuba,9654909160.6165
1988,CUB,Cuba,10172919229.2879
1989,CUB,Cuba,10057257068.4648
1990,CUB,Cuba,9549743032.32893
1991,CUB,Cuba,8643173960.5188
1992,CUB,Cuba,7216536774.47746
1993,CUB,Cuba,6387350216.79945
1994,CUB,Cuba,6875107014.47829
1995,CUB,Cuba,7316763592.69967
1996,CUB,Cuba,7893427960.72832
1997,CUB,Cuba,8380981792.02076
1998,CUB,Cuba,7699813874.50449
1999,CUB,Cuba,8253589858.30778
2000,CUB,Cuba,8678349931.90601
2001,CUB,Cuba,8626202242.32662
2002,CUB,Cuba,8639194054.26335
2003,CUB,Cuba,8467954755.2639
2004,CUB,Cuba,8677989048.2411
2005,CUB,Cuba,9502531552.8242
2006,CUB,Cuba,9945412479.40251
2007,CUB,Cuba,10904821702.5638
2008,CUB,Cuba,11474115683.9582
2009,CUB,Cuba,11579782421.0437
2010,CUB,Cuba,11705261671.3326
2011,CUB,Cuba,12167192762.4165
2012,CUB,Cuba,12434246674.4494
2013,CUB,Cuba,12690474076.535
2014,CUB,Cuba,12232151822.1002
2015,CUB,Cuba,13000834028.357
2016,CUB,Cuba,12324177156.6521
2017,CUB,Cuba,12192454618.9602
2018,CUB,Cuba,12079498031.8436
2019,CUB,Cuba,11342573588.0988
2020,CUB,Cuba,9690628611.97655
2021,CUB,Cuba,8162105849.25328
2022,CUB,Cuba,7609592958.27716
2023,CUB,Cuba,7086689332.37147
2005,CUW,Curazao,169852450.925857
2006,CUW,Curazao,219201115.159764
2007,CUW,Curazao,215718709.473819
2008,CUW,Curazao,194500296.841974
2009,CUW,Curazao,218734598.643655
2010,CUW,Curazao,175268610.326379
2011,CUW,Curazao,232234669.220945
2012,CUW,Curazao,232165487.264361
2013,CUW,Curazao,247377291.410502
2014,CUW,Curazao,246791484.508075
2015,CUW,Curazao,262980283.240223
2016,CUW,Curazao,280472651.760916
2017,CUW,Curazao,262380655.041883
2018,CUW,Curazao,181352796.721221
2019,CUW,Curazao,143970929.016067
2020,CUW,Curazao,63831902.5862375
2021,CUW,Curazao,63229490.0476734
2022,CUW,Curazao,64494515.3163911
2023,CUW,Curazao,72723230.8809413
1970,CYM,Islas Caimán,4950629.40251761
1971,CYM,Islas Caimán,5105542.82217129
1972,CYM,Islas Caimán,5514457.65783063
1973,CYM,Islas Caimán,6314598.05839223
1974,CYM,Islas Caimán,6946232.58493034
1975,CYM,Islas Caimán,7631209.7248389
1976,CYM,Islas Caimán,8360045.84018336
1977,CYM,Islas Caimán,9156543.02617211
1978,CYM,Islas Caimán,10195375.1815007
1979,CYM,Islas Caimán,11188242.3529694
1980,CYM,Islas Caimán,12212735.6509426
1981,CYM,Islas Caimán,13189183.1567326
1982,CYM,Islas Caimán,14430121.3204853
1983,CYM,Islas Caimán,17914845.259381
1984,CYM,Islas Caimán,17914845.259381
1985,CYM,Islas Caimán,17914845.259381
1986,CYM,Islas Caimán,17914845.259381
1987,CYM,Islas Caimán,20900652.8026112
1988,CYM,Islas Caimán,20900652.8026112
1989,CYM,Islas Caimán,23886460.3458414
1990,CYM,Islas Caimán,20900652.8026112
1991,CYM,Islas Caimán,17914845.259381
1992,CYM,Islas Caimán,18465354.6614186
1993,CYM,Islas Caimán,19349970.5998824
1994,CYM,Islas Caimán,20376238.7049548
1995,CYM,Islas Caimán,21353222.6128905
1996,CYM,Islas Caimán,22424438.0977524
1997,CYM,Islas Caimán,23653033.012132
1998,CYM,Islas Caimán,30804521.6180865
1999,CYM,Islas Caimán,31885393.5415742
2000,CYM,Islas Caimán,32152493.009972
2001,CYM,Islas Caimán,32305871.6234865
2002,CYM,Islas Caimán,33053545.4141817
2003,CYM,Islas Caimán,33405982.0239281
2004,CYM,Islas Caimán,33741082.1643287
2005,CYM,Islas Caimán,36852455.8098232
2006,CYM,Islas Caimán,36506176.4247057
2007,CYM,Islas Caimán,38016617.6664707
2008,CYM,Islas Caimán,42592499.9699999
2009,CYM,Islas Caimán,39442925.3717015
2010,CYM,Islas Caimán,35408730.0349201
2011,CYM,Islas Caimán,34732127.7285109
2012,CYM,Islas Caimán,36073220.6928828
2013,CYM,Islas Caimán,37097809.99124
2014,CYM,Islas Caimán,38315760.8630434
2015,CYM,Islas Caimán,39129396.5175861
2016,CYM,Islas Caimán,42289249.1569966
2017,CYM,Islas Caimán,43340093.3603734
2018,CYM,Islas Caimán,46605426.4217057
2019,CYM,Islas Caimán,48936795.747183
2020,CYM,Islas Caimán,45638166.1526646
2021,CYM,Islas Caimán,50380679.9227197
2022,CYM,Islas Caimán,48202685.6107424
2023,CYM,Islas Caimán,49504291.2171649
1970,CYP,Chipre,431308647.123748
1971,CYP,Chipre,482161632.073316
1972,CYP,Chipre,572566938.015664
1973,CYP,Chipre,606468927.601245
1974,CYP,Chipre,462204955.96943903
1975,CYP,Chipre,404779491.83294
1976,CYP,Chipre,523832283.279712
1977,CYP,Chipre,605046591.579668
1978,CYP,Chipre,657255788.630105
1979,CYP,Chipre,717006315.907743
1980,CYP,Chipre,773856331.032277
1981,CYP,Chipre,823165017.072002
1982,CYP,Chipre,872473704.254118
1983,CYP,Chipre,889296668.34473
1984,CYP,Chipre,946146683.469264
1985,CYP,Chipre,967610464.491581
1986,CYP,Chipre,970531238.105203
1987,CYP,Chipre,1048557609.62391
1988,CYP,Chipre,1120325182.17399
1989,CYP,Chipre,1149532914.88304
1990,CYP,Chipre,1195848034.10525
1991,CYP,Chipre,1210034647.0048
1992,CYP,Chipre,1230897314.04154
1993,CYP,Chipre,1155791714.99406
1994,CYP,Chipre,1197517047.92514
1995,CYP,Chipre,1218817784.50858
1996,CYP,Chipre,1192200056.1563
1997,CYP,Chipre,1206365714.16352
1998,CYP,Chipre,1216989957.66894
1999,CYP,Chipre,1219046262.86354
2000,CYP,Chipre,1188772880.83197
2001,CYP,Chipre,1160670043.17248
2002,CYP,Chipre,1185459944.68512
2003,CYP,Chipre,1217789631.91128
2004,CYP,Chipre,1219845937.10588
2005,CYP,Chipre,1209335932.77794
2006,CYP,Chipre,1176549288.84187
2007,CYP,Chipre,1193456687.10855
2008,CYP,Chipre,1235725182.77527
2009,CYP,Chipre,1150845473.90941
2010,CYP,Chipre,1123428071.31478
2011,CYP,Chipre,1021983681.71467
2012,CYP,Chipre,932648644.927178
2013,CYP,Chipre,778539994.509887
2014,CYP,Chipre,785508584.336021
2015,CYP,Chipre,848111653.59375
2016,CYP,Chipre,970918769.382177
2017,CYP,Chipre,1108234260.71026
2018,CYP,Chipre,1292159336.44921
2019,CYP,Chipre,1394060682.75923
2020,CYP,Chipre,1375211218.47543
2021,CYP,Chipre,1354990884.06189
2022,CYP,Chipre,1207051149.22839
2023,CYP,Chipre,1236067900.3077
1990,CZE,Chequia,18895706466.8087
1991,CZE,Chequia,14160391996.8669
1992,CZE,Chequia,13593131443.891
1993,CZE,Chequia,13528929058.6975
1994,CZE,Chequia,14016843274.6652
1995,CZE,Chequia,15155070663.5611
1996,CZE,Chequia,16434854149.42
1997,CZE,Chequia,16930539603.819
1998,CZE,Chequia,17236766250.5147
1999,CZE,Chequia,18286760193.8375
2000,CZE,Chequia,19926531355.3344
2001,CZE,Chequia,20684525996.1663
2002,CZE,Chequia,21600336555.9097
2003,CZE,Chequia,21773694951.6835
2004,CZE,Chequia,23760222757.233
2005,CZE,Chequia,27276648368.613
2006,CZE,Chequia,33070206250.3661
2007,CZE,Chequia,35481880576.8617
2008,CZE,Chequia,38586510256.3954
2009,CZE,Chequia,34062732881.8025
2010,CZE,Chequia,38015782535.504
2011,CZE,Chequia,42238793056.5554
2012,CZE,Chequia,40600855110.2782
2013,CZE,Chequia,40226241565.3875
2014,CZE,Chequia,41629089585.9935
2015,CZE,Chequia,44882727780.8832
2016,CZE,Chequia,46908510303.6366
2017,CZE,Chequia,50825413735.5066
2018,CZE,Chequia,51822124879.9444
2019,CZE,Chequia,54110973786.7216
2020,CZE,Chequia,48305420301.031
2021,CZE,Chequia,49076207595.8959
2022,CZE,Chequia,53154394114.5928
2023,CZE,Chequia,54576490895.0054
1970,DEU,Alemania,361751561121.205
1971,DEU,Alemania,359845576793.682
1972,DEU,Alemania,370225284801.313
1973,DEU,Alemania,392651438873.051
1974,DEU,Alemania,396069276888.451
1975,DEU,Alemania,376387510320.064
1976,DEU,Alemania,401126513112.142
1977,DEU,Alemania,412109681433.895
1978,DEU,Alemania,415671481192.116
1979,DEU,Alemania,435551971497.331
1980,DEU,Alemania,432283774288.118
1981,DEU,Alemania,426306283415.345
1982,DEU,Alemania,416784614251.401
1983,DEU,Alemania,419746922815.914
1984,DEU,Alemania,434399700768.877
1985,DEU,Alemania,454130728129.568
1986,DEU,Alemania,453707537088.221
1987,DEU,Alemania,446724985446.382
1988,DEU,Alemania,464181378912.906
1989,DEU,Alemania,489096403169.881
1990,DEU,Alemania,509938281879.807
1991,DEU,Alemania,528981620206.635
1992,DEU,Alemania,512898180617.043
1993,DEU,Alemania,474529627589.669
1994,DEU,Alemania,488295969823.418
1995,DEU,Alemania,486183312794.144
1996,DEU,Alemania,473017409483.111
1997,DEU,Alemania,491981761957.616
1998,DEU,Alemania,497711995819.727
1999,DEU,Alemania,503305799079.118
2000,DEU,Alemania,538846915427.717
2001,DEU,Alemania,546828317898.081
2002,DEU,Alemania,531070158861.432
2003,DEU,Alemania,537073264539.546
2004,DEU,Alemania,558084139718.224
2005,DEU,Alemania,567157008231.473
2006,DEU,Alemania,616341545611.187
2007,DEU,Alemania,644174120694.862
2008,DEU,Alemania,630871786781.108
2009,DEU,Alemania,505898054804.734
2010,DEU,Alemania,604608206070.963
2011,DEU,Alemania,659386536099.506
2012,DEU,Alemania,647994283676.644
2013,DEU,Alemania,647448540044.64
2014,DEU,Alemania,683194312907.88
2015,DEU,Alemania,689879582210.156
2016,DEU,Alemania,717507511389.75
2017,DEU,Alemania,743975748614.537
2018,DEU,Alemania,751820720482.181
2019,DEU,Alemania,741247062286.202
2020,DEU,Alemania,682171051555.793
2021,DEU,Alemania,741519934102.204
2022,DEU,Alemania,746090476009.508
2023,DEU,Alemania,752843971223.706
1970,DJI,Djibouti,20111278.2413137
1971,DJI,Djibouti,19843269.3908109
1972,DJI,Djibouti,22886193.898009
1973,DJI,Djibouti,23986790.9432825
1974,DJI,Djibouti,23039226.8944848
1975,DJI,Djibouti,26003869.8399857
1976,DJI,Djibouti,27838625.8229121
1977,DJI,Djibouti,24223853.3984499
1978,DJI,Djibouti,23951690.6870987
1979,DJI,Djibouti,22760594.3288826
1980,DJI,Djibouti,23687002.5144769
1981,DJI,Djibouti,23641392.1106219
1982,DJI,Djibouti,24416768.9585936
1983,DJI,Djibouti,24614414.0380623
1984,DJI,Djibouti,24203920.4150761
1985,DJI,Djibouti,23960664.9317525
1986,DJI,Djibouti,24574234.1582744
1987,DJI,Djibouti,25659779.7169432
1988,DJI,Djibouti,24171943.7461481
1989,DJI,Djibouti,24161162.3281061
1990,DJI,Djibouti,22640982.0973309
1991,DJI,Djibouti,21581263.0270038
1992,DJI,Djibouti,21349311.1470871
1993,DJI,Djibouti,20672932.3886042
1994,DJI,Djibouti,18482669.2464488
1995,DJI,Djibouti,18801381.7473502
1996,DJI,Djibouti,18110837.9944214
1997,DJI,Djibouti,19236955.5007288
1998,DJI,Djibouti,18866009.558293
1999,DJI,Djibouti,18121540.9415211
2000,DJI,Djibouti,18404690.1175236
2001,DJI,Djibouti,18975235.1326283
2002,DJI,Djibouti,19563467.4243449
2003,DJI,Djibouti,20169934.9135102
2004,DJI,Djibouti,20976732.3077089
2005,DJI,Djibouti,21815801.596973
2006,DJI,Djibouti,22688433.6645987
2007,DJI,Djibouti,23822855.3507558
2008,DJI,Djibouti,25490455.2185177
2009,DJI,Djibouti,28330891.9048971
2010,DJI,Djibouti,31272673.3974971
2011,DJI,Djibouti,33104566.6253343
2012,DJI,Djibouti,37766743.4276417
2013,DJI,Djibouti,42437769.3332376
2014,DJI,Djibouti,63577621.045518
2015,DJI,Djibouti,66317430.1292475
2016,DJI,Djibouti,71363830.6210741
2017,DJI,Djibouti,81919120.7449294
2018,DJI,Djibouti,92691019.706601
2019,DJI,Djibouti,105529484.066898
2020,DJI,Djibouti,125252596.894002
2021,DJI,Djibouti,154231346.818064
2022,DJI,Djibouti,175324364.187033
2023,DJI,Djibouti,199420633.820859
1970,DMA,Dominica,5462573.61077482
1971,DMA,Dominica,5876838.33736885
1972,DMA,Dominica,6271859.51372074
1973,DMA,Dominica,6882390.69814366
1974,DMA,Dominica,7354539.47033898
1975,DMA,Dominica,7281289.17473769
1976,DMA,Dominica,8352429.26755448
1977,DMA,Dominica,8394289.74979822
1978,DMA,Dominica,11586208.6359968
1979,DMA,Dominica,9608393.86602098
1980,DMA,Dominica,12284644.8748991
1981,DMA,Dominica,14464810.330912
1982,DMA,Dominica,16671085.5528652
1983,DMA,Dominica,16997457.6271186
1984,DMA,Dominica,15913902.3405973
1985,DMA,Dominica,17989628.7328491
1986,DMA,Dominica,18759866.8280872
1987,DMA,Dominica,19876059.3220339
1988,DMA,Dominica,21893038.7409201
1989,DMA,Dominica,23211581.920904
1990,DMA,Dominica,23910018.1598063
1991,DMA,Dominica,24869552.0581114
1992,DMA,Dominica,26775564.9717514
1993,DMA,Dominica,27173738.9023406
1994,DMA,Dominica,24556234.8668281
1995,DMA,Dominica,25117594.834544
1996,DMA,Dominica,26631961.2590799
1997,DMA,Dominica,27297760.2905569
1998,DMA,Dominica,31893079.0960452
1999,DMA,Dominica,26377391.0411622
2000,DMA,Dominica,28329096.0451977
2001,DMA,Dominica,26677653.3494754
2002,DMA,Dominica,23668502.8248588
2003,DMA,Dominica,25913942.6957224
2004,DMA,Dominica,27735098.8700565
2005,DMA,Dominica,27023607.748184
2006,DMA,Dominica,28472699.7578692
2007,DMA,Dominica,27323870.0564972
2008,DMA,Dominica,23988347.4576271
2009,DMA,Dominica,23355185.6335755
2010,DMA,Dominica,23015758.6763519
2011,DMA,Dominica,21664578.2889427
2012,DMA,Dominica,22878682.4051655
2013,DMA,Dominica,23629338.1759483
2014,DMA,Dominica,22023587.5706215
2015,DMA,Dominica,21566666.6666667
2016,DMA,Dominica,18857778.4503632
2017,DMA,Dominica,16866908.7974173
2018,DMA,Dominica,16201109.7659403
2019,DMA,Dominica,14621468.9265537
2020,DMA,Dominica,15293795.3995157
2021,DMA,Dominica,14007889.4269572
2022,DMA,Dominica,16814689.2655367
2023,DMA,Dominica,16886491.1218725
1970,DNK,Dinamarca,19642143668.4717
1971,DNK,Dinamarca,20145634947.199
1972,DNK,Dinamarca,21586536141.9818
1973,DNK,Dinamarca,21769792823.9158
1974,DNK,Dinamarca,21973180598.3543
1975,DNK,Dinamarca,21373242389.2405
1976,DNK,Dinamarca,22048510451.3702
1977,DNK,Dinamarca,22517047065.2113
1978,DNK,Dinamarca,22315898029.1038
1979,DNK,Dinamarca,23814820306.2387
1980,DNK,Dinamarca,24140326592.8971
1981,DNK,Dinamarca,23847154430.2095
1982,DNK,Dinamarca,24182114102.4413
1983,DNK,Dinamarca,26085334563.5069
1984,DNK,Dinamarca,27250431406.4072
1985,DNK,Dinamarca,28237616223.31
1986,DNK,Dinamarca,28452769667.9714
1987,DNK,Dinamarca,27186575939.5755
1988,DNK,Dinamarca,27093392173.7557
1989,DNK,Dinamarca,28001409818.5815
1990,DNK,Dinamarca,27551485210.366
1991,DNK,Dinamarca,27225604809.397
1992,DNK,Dinamarca,27124522430.0787
1993,DNK,Dinamarca,26482293347.071
1994,DNK,Dinamarca,29363525208.6865
1995,DNK,Dinamarca,31103698558.7414
1996,DNK,Dinamarca,29982401087.1045
1997,DNK,Dinamarca,32646767775.146
1998,DNK,Dinamarca,33305363742.7303
1999,DNK,Dinamarca,33749250879.985
2000,DNK,Dinamarca,34987020189.2956
2001,DNK,Dinamarca,35557568593.2298
2002,DNK,Dinamarca,34683989483.5047
2003,DNK,Dinamarca,33707793676.0963
2004,DNK,Dinamarca,34327358017.6854
2005,DNK,Dinamarca,33748545879.772
2006,DNK,Dinamarca,35556930901.679
2007,DNK,Dinamarca,35980804736.5883
2008,DNK,Dinamarca,36039051099.8727
2009,DNK,Dinamarca,31749941500.9869
2010,DNK,Dinamarca,32571527570.3053
2011,DNK,Dinamarca,34605527311.6407
2012,DNK,Dinamarca,35442570002.915
2013,DNK,Dinamarca,37389706755.0324
2014,DNK,Dinamarca,37596516826.8016
2015,DNK,Dinamarca,37673196189.4847
2016,DNK,Dinamarca,39506974999.9314
2017,DNK,Dinamarca,43222500487.1753
2018,DNK,Dinamarca,44014815411.8438
2019,DNK,Dinamarca,46595966979.054
2020,DNK,Dinamarca,43325190441.0537
2021,DNK,Dinamarca,50166929271.368
2022,DNK,Dinamarca,54674375550.4452
2023,DNK,Dinamarca,60855114449.4856
1970,DOM,República Dominicana,1479310396.63062
1971,DOM,República Dominicana,1670535705.72323
1972,DOM,República Dominicana,1807508890.57022
1973,DOM,República Dominicana,2048151976.17262
1974,DOM,República Dominicana,2145376079.94693
1975,DOM,República Dominicana,2301686655.63362
1976,DOM,República Dominicana,2456922931.82347
1977,DOM,República Dominicana,2596044715.66416
1978,DOM,República Dominicana,2591747517.71129
1979,DOM,República Dominicana,2711531910.74681
1980,DOM,República Dominicana,2929614707.05348
1981,DOM,República Dominicana,3015558666.21445
1982,DOM,República Dominicana,3113319919.70267
1983,DOM,República Dominicana,3147160353.61173
1984,DOM,República Dominicana,3105799823.29378
1985,DOM,República Dominicana,2944117750.15736
1986,DOM,República Dominicana,3213229772.2191
1987,DOM,República Dominicana,3622537877.58386
1988,DOM,República Dominicana,3598903288.82581
1989,DOM,República Dominicana,3765956859.41194
1990,DOM,República Dominicana,3609109133.97682
1991,DOM,República Dominicana,3676252852.04652
1992,DOM,República Dominicana,4100298442.85364
1993,DOM,República Dominicana,4274310805.10076
1994,DOM,República Dominicana,4429654351.29567
1995,DOM,República Dominicana,4683362543.63976
1996,DOM,República Dominicana,5117449266.2577
1997,DOM,República Dominicana,5708756593.52147
1998,DOM,República Dominicana,6064968006.57677
1999,DOM,República Dominicana,6585998718.61002
2000,DOM,República Dominicana,6831452376.89315
2001,DOM,República Dominicana,6701788346.88817
2002,DOM,República Dominicana,7031257331.16337
2003,DOM,República Dominicana,7095416545.09657
2004,DOM,República Dominicana,7266511551.46924
2005,DOM,República Dominicana,7727182396.76987
2006,DOM,República Dominicana,7978052386.28822
2007,DOM,República Dominicana,8170179493.10857
2008,DOM,República Dominicana,8580651128.91748
2009,DOM,República Dominicana,8136351726.67107
2010,DOM,República Dominicana,8863915091.48269
2011,DOM,República Dominicana,9177243788.78361
2012,DOM,República Dominicana,9248452351.35077
2013,DOM,República Dominicana,9525284650.85312
2014,DOM,República Dominicana,10026162654.8029
2015,DOM,República Dominicana,10462971569.9667
2016,DOM,República Dominicana,10796757121.9037
2017,DOM,República Dominicana,11084593030.7972
2018,DOM,República Dominicana,11772581413.5077
2019,DOM,República Dominicana,12072493165.1538
2020,DOM,República Dominicana,11797089574.9254
2021,DOM,República Dominicana,13311465820.5588
2022,DOM,República Dominicana,13713490290.6637
2023,DOM,República Dominicana,13566552083.15
1970,DZA,Argelia,1414256534.82894
1971,DZA,Argelia,1392481708.22645
1972,DZA,Argelia,1601372417.71131
1973,DZA,Argelia,1839419250.9432
1974,DZA,Argelia,1920244454.77288
1975,DZA,Argelia,2043512117.26255
1976,DZA,Argelia,2278237366.78872
1977,DZA,Argelia,2363860413.78391
1978,DZA,Argelia,2641766251.65172
1979,DZA,Argelia,2997388830.1284
1980,DZA,Argelia,3175199821.70296
1981,DZA,Argelia,3527647200.35408
1982,DZA,Argelia,3802803408.51202
1983,DZA,Argelia,4205900780.93506
1984,DZA,Argelia,4613872799.49197
1985,DZA,Argelia,4710764260.17762
1986,DZA,Argelia,4988699601.69202
1987,DZA,Argelia,4978721853.76184
1988,DZA,Argelia,4909019867.28362
1989,DZA,Argelia,4668478119.81665
1990,DZA,Argelia,4831874597.20782
1991,DZA,Argelia,4798051455.84739
1992,DZA,Argelia,4529360668.9408
1993,DZA,Argelia,4470478949.81064
1994,DZA,Argelia,4273777920.53484
1995,DZA,Argelia,4213945149.67635
1996,DZA,Argelia,3847331815.46219
1997,DZA,Argelia,3701133212.54527
1998,DZA,Argelia,4012028457.79764
1999,DZA,Argelia,4076220936.78866
2000,DZA,Argelia,4138574830.64223
2001,DZA,Argelia,4312678056.90114
2002,DZA,Argelia,4541920332.26691
2003,DZA,Argelia,4617040245.017
2004,DZA,Argelia,4727990287.11959
2005,DZA,Argelia,4815387517.99451
2006,DZA,Argelia,4954491096.68502
2007,DZA,Argelia,5088039853.34776
2008,DZA,Argelia,5391875566.55322
2009,DZA,Argelia,5894276234.41162
2010,DZA,Argelia,6051565595.90386
2011,DZA,Argelia,6287663709.6158705
2012,DZA,Argelia,6550132124.9546
2013,DZA,Argelia,6801387064.54513
2014,DZA,Argelia,7015542033.75858
2015,DZA,Argelia,7335318165.10046
2016,DZA,Argelia,7599988400.25618
2017,DZA,Argelia,7933962770.74439
2018,DZA,Argelia,8215623801.34693
2019,DZA,Argelia,11227320929.0529
2020,DZA,Argelia,13658892233.3152
2021,DZA,Argelia,18665201415.2739
2022,DZA,Argelia,21056423918.6361
2023,DZA,Argelia,21552065910.7388
1970,ECU,Ecuador,2806199826.68824
1971,ECU,Ecuador,2880967124.26274
1972,ECU,Ecuador,2917516498.7165
1973,ECU,Ecuador,2976050476.27551
1974,ECU,Ecuador,3349310197.26319
1975,ECU,Ecuador,4256334097.85308
1976,ECU,Ecuador,4615821605.53653
1977,ECU,Ecuador,4401751973.6418
1978,ECU,Ecuador,5109622760.8962
1979,ECU,Ecuador,5170318537.88498
1980,ECU,Ecuador,5115401827.33715
1981,ECU,Ecuador,5844849670.4728
1982,ECU,Ecuador,5858859382.01681
1983,ECU,Ecuador,5994758827.37536
1984,ECU,Ecuador,6033765029.4764
1985,ECU,Ecuador,6216831798.45626
1986,ECU,Ecuador,6357644147.2167
1987,ECU,Ecuador,6724095313.98358
1988,ECU,Ecuador,6574813359.86676
1989,ECU,Ecuador,6643615953.99729
1990,ECU,Ecuador,7316608442.15031
1991,ECU,Ecuador,7472361713.37945
1992,ECU,Ecuador,7578987508.37281
1993,ECU,Ecuador,7892943254.61268
1994,ECU,Ecuador,8411737892.95868
1995,ECU,Ecuador,8072245877.70986
1996,ECU,Ecuador,8700870259.19414
1997,ECU,Ecuador,8434104365.84749
1998,ECU,Ecuador,8956982381.49468
1999,ECU,Ecuador,8203401794.18874
2000,ECU,Ecuador,9715252940.10031
2001,ECU,Ecuador,9841738824.69888
2002,ECU,Ecuador,10000034073.8923
2003,ECU,Ecuador,9941761687.74096
2004,ECU,Ecuador,10398222296.2043
2005,ECU,Ecuador,10803306564.3133
2006,ECU,Ecuador,11216305712.1488
2007,ECU,Ecuador,11505438632.6249
2008,ECU,Ecuador,12398347231.6915
2009,ECU,Ecuador,12362625933.5508
2010,ECU,Ecuador,11779579857.5004
2011,ECU,Ecuador,12444008605.9834
2012,ECU,Ecuador,12887597702.3409
2013,ECU,Ecuador,13383193727.393
2014,ECU,Ecuador,13747167116.4191
2015,ECU,Ecuador,13900706295
2016,ECU,Ecuador,13861422453.9825
2017,ECU,Ecuador,14512601860.2162
2018,ECU,Ecuador,14636404917.384
2019,ECU,Ecuador,14314674321.7492
2020,ECU,Ecuador,12801661385.5121
2021,ECU,Ecuador,15001500443.0571
2022,ECU,Ecuador,15929277375.0812
2023,ECU,Ecuador,15749293828.6064
1970,EGY,Egipto,5648891897.22308
1971,EGY,Egipto,5765282887.80332
1972,EGY,Egipto,6003313334.18171
1973,EGY,Egipto,5677351724.34742
1974,EGY,Egipto,5422702932.30053
1975,EGY,Egipto,5669666438.21508
1976,EGY,Egipto,6209767930.0957
1977,EGY,Egipto,6631634769.04377
1978,EGY,Egipto,7082885367.8502
1979,EGY,Egipto,7470471153.48325
1980,EGY,Egipto,8156092218.27974
1981,EGY,Egipto,8399206656.1862
1982,EGY,Egipto,8715210640.54661
1983,EGY,Egipto,9776624205.21972
1984,EGY,Egipto,10641225845.0504
1985,EGY,Egipto,11698069978.5867
1986,EGY,Egipto,12562998006.3484
1987,EGY,Egipto,13475578672.6487
1988,EGY,Egipto,14486281087.0878
1989,EGY,Egipto,15521473598.5381
1990,EGY,Egipto,16645491302.932
1991,EGY,Egipto,17598467060.3379
1992,EGY,Egipto,17863168246.5947
1993,EGY,Egipto,18381060377.0277
1994,EGY,Egipto,19149678062.7708
1995,EGY,Egipto,20622793456.0741
1996,EGY,Egipto,22170715490.5736
1997,EGY,Egipto,24026906689.0916
1998,EGY,Egipto,25911598007.4721
1999,EGY,Egipto,28416027669.9455
2000,EGY,Egipto,30646698026.3517
2001,EGY,Egipto,32019814448.8581
2002,EGY,Egipto,33293517973.3087
2003,EGY,Egipto,33913908369.5271
2004,EGY,Egipto,34524358720.1388
2005,EGY,Egipto,36043430503.8359
2006,EGY,Egipto,38133949473.04
2007,EGY,Egipto,40904210008.3875
2008,EGY,Egipto,44187868117.0332
2009,EGY,Egipto,45832966643.8682
2010,EGY,Egipto,48153791891.801
2011,EGY,Egipto,47696423057.2745
2012,EGY,Egipto,48047668029.3482
2013,EGY,Egipto,49137039930.3781
2014,EGY,Egipto,51482531821.0673
2015,EGY,Egipto,53056194749.2337
2016,EGY,Egipto,53457482989.4294
2017,EGY,Egipto,54557533523.5009
2018,EGY,Egipto,57165308312.9888
2019,EGY,Egipto,58759294804.6946
2020,EGY,Egipto,59561580398.92
2021,EGY,Egipto,59285718531.8688
2022,EGY,Egipto,64956766953.6966
2023,EGY,Egipto,62770284823.8062
1990,ERI,Eritrea,55290898.9964983
1991,ERI,Eritrea,60614979.075234
1992,ERI,Eritrea,67362120.5400083
1993,ERI,Eritrea,80678718.617257
1994,ERI,Eritrea,80991408.609284
1995,ERI,Eritrea,114226717.033613
1996,ERI,Eritrea,124023972.618575
1997,ERI,Eritrea,150740994.64772
1998,ERI,Eritrea,145589878.364601
1999,ERI,Eritrea,150585137.735174
2000,ERI,Eritrea,179833012.632004
2001,ERI,Eritrea,150828091.347752
2002,ERI,Eritrea,171562274.728478
2003,ERI,Eritrea,154648809.820668
2004,ERI,Eritrea,141945782.871623
2005,ERI,Eritrea,114600069.069424
2006,ERI,Eritrea,99472866.8592026
2007,ERI,Eritrea,92094105.0211466
2008,ERI,Eritrea,88581283.7972472
2009,ERI,Eritrea,83685357.5154364
2010,ERI,Eritrea,98432661.8631755
2011,ERI,Eritrea,126292322.187047
2012,ERI,Eritrea,125775040.610632
2013,ERI,Eritrea,112737319.347637
2014,ERI,Eritrea,151599076.403596
2015,ERI,Eritrea,122976614.699187
2016,ERI,Eritrea,134898040.254995
2017,ERI,Eritrea,118835755.82754
2018,ERI,Eritrea,135285949.984222
2019,ERI,Eritrea,140807209.917453
2020,ERI,Eritrea,139507498.727128
2021,ERI,Eritrea,143811369.423207
2022,ERI,Eritrea,147588736.062092
2023,ERI,Eritrea,151619237.362822
1970,ESP,España,56967138422.3898
1971,ESP,España,60470544850.2706
1972,ESP,España,69362105514.8127
1973,ESP,España,76756582825.4627
1974,ESP,España,81521616413.7392
1975,ESP,España,81042886773.3763
1976,ESP,España,83831868962.7127
1977,ESP,España,87738209431.6
1978,ESP,España,89486102002.825
1979,ESP,España,89402505951.0562
1980,ESP,España,90208038631.257
1981,ESP,España,89255489662.1799
1982,ESP,España,88253491073.7044
1983,ESP,España,89475257714.5679
1984,ESP,España,90310413317.5756
1985,ESP,España,91728985893.5652
1986,ESP,España,94674676241.0211
1987,ESP,España,100280331245.35
1988,ESP,España,105459101759.74
1989,ESP,España,109390171823.734
1990,ESP,España,111775399177.412
1991,ESP,España,114007972426.976
1992,ESP,España,113597870625.853
1993,ESP,España,109560082193.535
1994,ESP,España,111828637429.869
1995,ESP,España,115402772310.377
1996,ESP,España,118646332430.551
1997,ESP,España,126024275444.138
1998,ESP,España,132838164760.448
1999,ESP,España,139712380675.398
2000,ESP,España,146608716343.181
2001,ESP,España,151196554169.701
2002,ESP,España,150990438291.017
2003,ESP,España,152617245567.657
2004,ESP,España,152687626599.403
2005,ESP,España,153883098695.772
2006,ESP,España,156707388955.402
2007,ESP,España,157526825253.586
2008,ESP,España,153039531758.132
2009,ESP,España,135542807266.111
2010,ESP,España,134526304079.038
2011,ESP,España,132922621998.544
2012,ESP,España,125313427023.505
2013,ESP,España,123732870139.155
2014,ESP,España,126420420108.537
2015,ESP,España,132844197420.312
2016,ESP,España,135052150930.511
2017,ESP,España,144236875573.346
2018,ESP,España,142610068296.706
2019,ESP,España,143499885626.636
2020,ESP,España,123223110380.653
2021,ESP,España,140363907940.702
2022,ESP,España,149225885280.817
2023,ESP,España,152323656120.945
1990,EST,Estonia,1479451346.15509
1991,EST,Estonia,1355162436.37525
1992,EST,Estonia,1080417772.52465
1993,EST,Estonia,1008768945.58371
1994,EST,Estonia,973943780.603838
1995,EST,Estonia,1075724525.49422
1996,EST,Estonia,1070942591.64759
1997,EST,Estonia,1286918556.78552
1998,EST,Estonia,1349794566.44195
1999,EST,Estonia,1336784213.66696
2000,EST,Estonia,1611305225.38991
2001,EST,Estonia,1822709846.67875
2002,EST,Estonia,1959475209.22893
2003,EST,Estonia,2106266710.19868
2004,EST,Estonia,2172128988.74709
2005,EST,Estonia,2382986076.04232
2006,EST,Estonia,2643691356.65822
2007,EST,Estonia,2773041896.75835
2008,EST,Estonia,2671096819.85057
2009,EST,Estonia,2053022367.94204
2010,EST,Estonia,2454015514.04262
2011,EST,Estonia,2818771771.54172
2012,EST,Estonia,2854608025.51373
2013,EST,Estonia,2942951043.11684
2014,EST,Estonia,3109057242.3002
2015,EST,Estonia,3183173621.48398
2016,EST,Estonia,3318816179.80337
2017,EST,Estonia,3452289147.51392
2018,EST,Estonia,3620249565.94394
2019,EST,Estonia,3840924256.19775
2020,EST,Estonia,3603638637.84512
2021,EST,Estonia,4036770899.37548
2022,EST,Estonia,3741460032.18785
2023,EST,Estonia,3572005965.67771
1970,ETF,Etiopía (incluye Eritrea),244710087.091312
1971,ETF,Etiopía (incluye Eritrea),267223097.806808
1972,ETF,Etiopía (incluye Eritrea),278162518.613473
1973,ETF,Etiopía (incluye Eritrea),292034972.514465
1974,ETF,Etiopía (incluye Eritrea),289101939.420139
1975,ETF,Etiopía (incluye Eritrea),285543893.788591
1976,ETF,Etiopía (incluye Eritrea),287172878.461181
1977,ETF,Etiopía (incluye Eritrea),292445645.288127
1978,ETF,Etiopía (incluye Eritrea),283443360.555747
1979,ETF,Etiopía (incluye Eritrea),332741585.662685
1980,ETF,Etiopía (incluye Eritrea),357647906.36974
1981,ETF,Etiopía (incluye Eritrea),373551942.601657
1982,ETF,Etiopía (incluye Eritrea),388084201.928704
1983,ETF,Etiopía (incluye Eritrea),408317908.381548
1984,ETF,Etiopía (incluye Eritrea),426451081.601547
1985,ETF,Etiopía (incluye Eritrea),432666944.777271
1986,ETF,Etiopía (incluye Eritrea),446427579.772184
1987,ETF,Etiopía (incluye Eritrea),469876387.82329
1988,ETF,Etiopía (incluye Eritrea),477935575.94965
1989,ETF,Etiopía (incluye Eritrea),487237936.711155
1990,ETF,Etiopía (incluye Eritrea),466875626.24583
1991,ETF,Etiopía (incluye Eritrea),386798161.289399
1992,ETF,Etiopía (incluye Eritrea),587463371.854865
1993,ETF,Etiopía (incluye Eritrea),507043580.248373
1990,ETH,Etiopía,614897865.592159
1991,ETH,Etiopía,400172150.107367
1992,ETH,Etiopía,328675005.045457
1993,ETH,Etiopía,426364861.631116
1994,ETH,Etiopía,474300129.2301
1995,ETH,Etiopía,516443479.79168
1996,ETH,Etiopía,533103350.254558
1997,ETH,Etiopía,548911191.001574
1998,ETH,Etiopía,549521312.835818
1999,ETH,Etiopía,594714482.363259
2000,ETH,Etiopía,639121111.881499
2001,ETH,Etiopía,661929072.285373
2002,ETH,Etiopía,670409472.218603
2003,ETH,Etiopía,675690846.08643
2004,ETH,Etiopía,720216890.303574
2005,ETH,Etiopía,812356551.128515
2006,ETH,Etiopía,898402319.043217
2007,ETH,Etiopía,973397827.81156
2008,ETH,Etiopía,1073743931.07913
2009,ETH,Etiopía,1171246217.67983
2010,ETH,Etiopía,1307018151.73471
2011,ETH,Etiopía,1541186143.3775
2012,ETH,Etiopía,1723117284.95463
2013,ETH,Etiopía,2014901002.7688
2014,ETH,Etiopía,2350123673.6834
2015,ETH,Etiopía,2778379755.5493
2016,ETH,Etiopía,3289329326.08501
2017,ETH,Etiopía,4100318821.53435
2018,ETH,Etiopía,4380000692.2678
2019,ETH,Etiopía,4717164807.86003
2020,ETH,Etiopía,5071540952.52765
2021,ETH,Etiopía,5330163667.77806
2022,ETH,Etiopía,5586869840.17639
2023,ETH,Etiopía,5975399652.15355
1970,F206,Sudán (Ex),555564145.118529
1971,F206,Sudán (Ex),537035998.644929
1972,F206,Sudán (Ex),487159675.169052
1973,F206,Sudán (Ex),467976476.440897
1974,F206,Sudán (Ex),535632361.094555
1975,F206,Sudán (Ex),626588758.681893
1976,F206,Sudán (Ex),691063043.490324
1977,F206,Sudán (Ex),686945662.669274
1978,F206,Sudán (Ex),675716496.861951
1979,F206,Sudán (Ex),711462749.493184
1980,F206,Sudán (Ex),780802999.207291
1981,F206,Sudán (Ex),850611138.198117
1982,F206,Sudán (Ex),925013041.371689
1983,F206,Sudán (Ex),914080516.917665
1984,F206,Sudán (Ex),946726249.275413
1985,F206,Sudán (Ex),892670989.811401
1986,F206,Sudán (Ex),1075638933.71478
1987,F206,Sudán (Ex),1108436507.07686
1988,F206,Sudán (Ex),1109195709.6761
1989,F206,Sudán (Ex),983319838.056089
1990,F206,Sudán (Ex),1019913426.83677
1991,F206,Sudán (Ex),1325113067.94588
1992,F206,Sudán (Ex),1296263349.79554
1993,F206,Sudán (Ex),1140171195.83103
1994,F206,Sudán (Ex),1208499473.36589
1995,F206,Sudán (Ex),1280922519.99037
1996,F206,Sudán (Ex),1749741128.09145
1997,F206,Sudán (Ex),1946138822.308
1998,F206,Sudán (Ex),2155558343.64502
1999,F206,Sudán (Ex),1831439715.51249
2000,F206,Sudán (Ex),2224413484.5749
2001,F206,Sudán (Ex),2759557065.76423
2002,F206,Sudán (Ex),2899988826.77386
2003,F206,Sudán (Ex),3026058214.07037
2004,F206,Sudán (Ex),3218164909.24096
2005,F206,Sudán (Ex),3342723751.97088
2006,F206,Sudán (Ex),3633867938.89002
2007,F206,Sudán (Ex),3942746713.02951
1970,FIN,Finlandia,8945395946.29699
1971,FIN,Finlandia,9093435156.86164
1972,FIN,Finlandia,10121266329.806
1973,FIN,Finlandia,10774214938.879
1974,FIN,Finlandia,11253794434.3631
1975,FIN,Finlandia,10677116977.8408
1976,FIN,Finlandia,10778997864.7714
1977,FIN,Finlandia,10679002944.495
1978,FIN,Finlandia,11152497928.9815
1979,FIN,Finlandia,12421321834.5816
1980,FIN,Finlandia,13367411306.25
1981,FIN,Finlandia,13784588153.125
1982,FIN,Finlandia,13909963109.7656
1983,FIN,Finlandia,14298292621.4844
1984,FIN,Finlandia,14935153020.7031
1985,FIN,Finlandia,15583108548.8281
1986,FIN,Finlandia,15935933648.0469
1987,FIN,Finlandia,16887895708.2031
1988,FIN,Finlandia,17643473986.7187
1989,FIN,Finlandia,18430118626.1719
1990,FIN,Finlandia,18382409571.875
1991,FIN,Finlandia,16157836226.1719
1992,FIN,Finlandia,16356439033.5937
1993,FIN,Finlandia,17247377884.7656
1994,FIN,Finlandia,19451979998.4375
1995,FIN,Finlandia,20834433060.1562
1996,FIN,Finlandia,21582244748.4375
1997,FIN,Finlandia,23734699756.25
1998,FIN,Finlandia,26234432298.8281
1999,FIN,Finlandia,28705317506.25
2000,FIN,Finlandia,32782777379.2969
2001,FIN,Finlandia,33968846659.375
2002,FIN,Finlandia,35097221269.1406
2003,FIN,Finlandia,36106877999.6094
2004,FIN,Finlandia,37874332034.375
2005,FIN,Finlandia,39320027330.8594
2006,FIN,Finlandia,43813554537.8906
2007,FIN,Finlandia,48232744381.25
2008,FIN,Finlandia,46973447250.3906
2009,FIN,Finlandia,36069154561.3281
2010,FIN,Finlandia,38959435641.4062
2011,FIN,Finlandia,38969421257.4219
2012,FIN,Finlandia,34528041156.25
2013,FIN,Finlandia,34799871814.4531
2014,FIN,Finlandia,34480332101.9531
2015,FIN,Finlandia,34611254623.0469
2016,FIN,Finlandia,36279962010.5469
2017,FIN,Finlandia,38978297360.5469
2018,FIN,Finlandia,37389474901.1719
2019,FIN,Finlandia,38890645842.1875
2020,FIN,Finlandia,37809980286.7187
2021,FIN,Finlandia,37936464756.25
2022,FIN,Finlandia,36830280404.2969
2023,FIN,Finlandia,36925698512.8906
1970,FJI,Fiji,169090232.590543
1971,FJI,Fiji,186889204.592271
1972,FJI,Fiji,169090232.590543
1973,FJI,Fiji,169090232.590543
1974,FJI,Fiji,177989718.116116
1975,FJI,Fiji,177989718.116116
1976,FJI,Fiji,195788690.117844
1977,FJI,Fiji,213587662.119572
1978,FJI,Fiji,213587662.119572
1979,FJI,Fiji,252108149.704396
1980,FJI,Fiji,232273027.30631801
1981,FJI,Fiji,255309923.004261
1982,FJI,Fiji,246766310.738691
1983,FJI,Fiji,223811304.845408
1984,FJI,Fiji,261113189.30317
1985,FJI,Fiji,226680680.938536
1986,FJI,Fiji,272590691.77452
1987,FJI,Fiji,241027559.503015
1988,FJI,Fiji,238158183.409887
1989,FJI,Fiji,266851941.014136
1990,FJI,Fiji,284068194.721162
1991,FJI,Fiji,298415073.285641
1992,FJI,Fiji,295545698.143094
1993,FJI,Fiji,309892576.232282
1994,FJI,Fiji,331735232.700203
1995,FJI,Fiji,331735232.700203
1996,FJI,Fiji,342875595.034937
1997,FJI,Fiji,371321816.281771
1998,FJI,Fiji,390135455.406846
1999,FJI,Fiji,418851009.385617
2000,FJI,Fiji,396076604.128947
2001,FJI,Fiji,445586179.8233
2002,FJI,Fiji,448556754.421996
2003,FJI,Fiji,444595988.290401
2004,FJI,Fiji,501036904.239754
2005,FJI,Fiji,423680380.93284
2006,FJI,Fiji,453255472.248356
2007,FJI,Fiji,425743759.330393
2008,FJI,Fiji,417490245.740179
2009,FJI,Fiji,411801367.274843
2010,FJI,Fiji,431376001.633049
2011,FJI,Fiji,441408001.759453
2012,FJI,Fiji,433203391.821026
2013,FJI,Fiji,458364195.188597
2014,FJI,Fiji,464200690.51413
2015,FJI,Fiji,491480607.290012
2016,FJI,Fiji,520804262.484642
2017,FJI,Fiji,528210737.468149
2018,FJI,Fiji,540447417.184176
2019,FJI,Fiji,528075429.221551
2020,FJI,Fiji,484135926.803486
2021,FJI,Fiji,475792080.337525
2022,FJI,Fiji,480747979.128287
2023,FJI,Fiji,468693693.322191
1970,FRA,Francia,119188568286.136
1971,FRA,Francia,126997297593.774
1972,FRA,Francia,127179691271.033
1973,FRA,Francia,134127750414.106
1974,FRA,Francia,144657565394.346
1975,FRA,Francia,140570807063.269
1976,FRA,Francia,149478458276.39
1977,FRA,Francia,155026645946.502
1978,FRA,Francia,149662105910.18
1979,FRA,Francia,152619391394.833
1980,FRA,Francia,152694058806.46
1981,FRA,Francia,151417645053.794
1982,FRA,Francia,151424028832.498
1983,FRA,Francia,154148876374.695
1984,FRA,Francia,154272676083.134
1985,FRA,Francia,156123857911.262
1986,FRA,Francia,155380945664.577
1987,FRA,Francia,155465188744.261
1988,FRA,Francia,162476857682.278
1989,FRA,Francia,169824928958.789
1990,FRA,Francia,175986073380.539
1991,FRA,Francia,176673583547.756
1992,FRA,Francia,177974392454.756
1993,FRA,Francia,174501958827.895
1994,FRA,Francia,180220912578.341
1995,FRA,Francia,188354302631.499
1996,FRA,Francia,190576997580.993
1997,FRA,Francia,199756415373.229
1998,FRA,Francia,209945952149.334
1999,FRA,Francia,218211691614.553
2000,FRA,Francia,229662594664.95
2001,FRA,Francia,232050241896.314
2002,FRA,Francia,231055854367.109
2003,FRA,Francia,236476594455.237
2004,FRA,Francia,242320829862.751
2005,FRA,Francia,246524890127.515
2006,FRA,Francia,253116825615.74
2007,FRA,Francia,258866102315.031
2008,FRA,Francia,251027620038.79
2009,FRA,Francia,234457610444.032
2010,FRA,Francia,239782935839.744
2011,FRA,Francia,248953575936.263
2012,FRA,Francia,247037416360.612
2013,FRA,Francia,247659720788.209
2014,FRA,Francia,251167037205.845
2015,FRA,Francia,252062134176.992
2016,FRA,Francia,253215204205.412
2017,FRA,Francia,258347306299.278
2018,FRA,Francia,263158167529.072
2019,FRA,Francia,268228939748.961
2020,FRA,Francia,244339243893.714
2021,FRA,Francia,265433870641.019
2022,FRA,Francia,261978080437.209
2023,FRA,Francia,267644710001.491
1970,FSM,Micronesia,1612446.65150006
1971,FSM,Micronesia,1649557.62208569
1972,FSM,Micronesia,1667158.51501162
1973,FSM,Micronesia,2232823.09683383
1974,FSM,Micronesia,2575055.83328905
1975,FSM,Micronesia,2576969.42044725
1976,FSM,Micronesia,2586145.54046275
1977,FSM,Micronesia,2648900.63343297
1978,FSM,Micronesia,2798305.71177903
1979,FSM,Micronesia,2857572.61711502
1980,FSM,Micronesia,2651992.60286726
1981,FSM,Micronesia,2909835.26516108
1982,FSM,Micronesia,2833423.85156648
1983,FSM,Micronesia,2888490.84398317
1984,FSM,Micronesia,2774008.73127422
1985,FSM,Micronesia,3232575.53365438
1986,FSM,Micronesia,3492889.42353592
1987,FSM,Micronesia,3559402.71950625
1988,FSM,Micronesia,3768212.64582088
1989,FSM,Micronesia,3812592.01916307
1990,FSM,Micronesia,3944611.92338094
1991,FSM,Micronesia,4183006.14195727
1992,FSM,Micronesia,4413010.80701871
1993,FSM,Micronesia,4566047.88553083
1994,FSM,Micronesia,4723641.47334219
1995,FSM,Micronesia,5181286.7015388
1996,FSM,Micronesia,4220306.41679398
1997,FSM,Micronesia,4761842.77771505
1998,FSM,Micronesia,5274100.08113584
1999,FSM,Micronesia,4957191.55755563
2000,FSM,Micronesia,5753367.0832503
2001,FSM,Micronesia,6813966.89578213
2002,FSM,Micronesia,6535101.18929481
2003,FSM,Micronesia,6074639.87692904
2004,FSM,Micronesia,4881085.37872246
2005,FSM,Micronesia,1923199.11823314
2006,FSM,Micronesia,1265447.55684712
2007,FSM,Micronesia,1263340.2630134
2008,FSM,Micronesia,1312893.95255175
2009,FSM,Micronesia,1335538.55641537
2010,FSM,Micronesia,1412011.60395218
2011,FSM,Micronesia,1456520.11507805
2012,FSM,Micronesia,1338853.58202148
2013,FSM,Micronesia,1160540.71730322
2014,FSM,Micronesia,1169407.20013285
2015,FSM,Micronesia,1325570
2016,FSM,Micronesia,1870736.89361231
2017,FSM,Micronesia,1921071.27975202
2018,FSM,Micronesia,1936773.26026791
2019,FSM,Micronesia,2237312.1022916
2020,FSM,Micronesia,2121088.09697775
2021,FSM,Micronesia,2139725.02712277
2022,FSM,Micronesia,2029664.41603011
2023,FSM,Micronesia,2045513.14402745
1970,GAB,Gabón,94168360.02191
1971,GAB,Gabón,103853819.350916
1972,GAB,Gabón,115558768.370193
1973,GAB,Gabón,127385551.674118
1974,GAB,Gabón,177836662.714034
1975,GAB,Gabón,211305724.621525
1976,GAB,Gabón,287640334.752133
1977,GAB,Gabón,251942947.513219
1978,GAB,Gabón,188498744.155344
1979,GAB,Gabón,193997614.851728
1980,GAB,Gabón,198327870.174868
1981,GAB,Gabón,194853131.872554
1982,GAB,Gabón,217038042.707861
1983,GAB,Gabón,214632454.694858
1984,GAB,Gabón,245370611.39749
1985,GAB,Gabón,329299111.850798
1986,GAB,Gabón,306045034.959871
1987,GAB,Gabón,234946363.083498
1988,GAB,Gabón,227195004.119856
1989,GAB,Gabón,228798733.559175
1990,GAB,Gabón,230937039.481041
1991,GAB,Gabón,251464776.323184
1992,GAB,Gabón,238688398.444683
1993,GAB,Gabón,241927385.063592
1994,GAB,Gabón,245415524.495501
1995,GAB,Gabón,261112151.952956
1996,GAB,Gabón,321905439.237183
1997,GAB,Gabón,346820720.914275
1998,GAB,Gabón,388180088.493366
1999,GAB,Gabón,397647895.528775
2000,GAB,Gabón,404873327.216684
2001,GAB,Gabón,429290303.256684
2002,GAB,Gabón,497792388.07656
2003,GAB,Gabón,464754987.089089
2004,GAB,Gabón,488345259.473
2005,GAB,Gabón,528555888.308211
2006,GAB,Gabón,525549466.307374
2007,GAB,Gabón,607540919.936724
2008,GAB,Gabón,585842281.703605
2009,GAB,Gabón,612795331.230641
2010,GAB,Gabón,731749719.057765
2011,GAB,Gabón,748109413.420936
2012,GAB,Gabón,808557097.678076
2013,GAB,Gabón,805784268.124996
2014,GAB,Gabón,884532627.432463
2015,GAB,Gabón,909488093.410182
2016,GAB,Gabón,1016796597.11437
2017,GAB,Gabón,1019569426.66745
2018,GAB,Gabón,1162370148.65106
2019,GAB,Gabón,1206735421.50034
2020,GAB,Gabón,1144069473.60073
2021,GAB,Gabón,1298793362.66259
2022,GAB,Gabón,1337612976.40571
2023,GAB,Gabón,1339276674.13755
1970,GBR,Reino Unido,136076591364.969
1971,GBR,Reino Unido,135386249341.878
1972,GBR,Reino Unido,137783638297.766
1973,GBR,Reino Unido,150100306545.407
1974,GBR,Reino Unido,147255415339.15
1975,GBR,Reino Unido,139173735397.996
1976,GBR,Reino Unido,143393229081.225
1977,GBR,Reino Unido,151693936356.123
1978,GBR,Reino Unido,155348484967.13
1979,GBR,Reino Unido,159944091416.031
1980,GBR,Reino Unido,154118879714.672
1981,GBR,Reino Unido,144595919616.795
1982,GBR,Reino Unido,144391196714.72
1983,GBR,Reino Unido,147483449179.648
1984,GBR,Reino Unido,152954769094.035
1985,GBR,Reino Unido,157362332754.021
1986,GBR,Reino Unido,159338644691.144
1987,GBR,Reino Unido,166988323330.746
1988,GBR,Reino Unido,179198104261.747
1989,GBR,Reino Unido,186343334965.785
1990,GBR,Reino Unido,186038257698.846
1991,GBR,Reino Unido,176993305677.761
1992,GBR,Reino Unido,176790618098.022
1993,GBR,Reino Unido,179250876539.357
1994,GBR,Reino Unido,188015798919.673
1995,GBR,Reino Unido,180205778651.972
1996,GBR,Reino Unido,180722402444.218
1997,GBR,Reino Unido,189606413174.017
1998,GBR,Reino Unido,199000195921.63
1999,GBR,Reino Unido,208770826263.056
2000,GBR,Reino Unido,218788120484.069
2001,GBR,Reino Unido,227254172973.456
2002,GBR,Reino Unido,235402303129.153
2003,GBR,Reino Unido,242004672972.771
2004,GBR,Reino Unido,248224713803.028
2005,GBR,Reino Unido,252642737957.412
2006,GBR,Reino Unido,271183639573.049
2007,GBR,Reino Unido,271083603666.328
2008,GBR,Reino Unido,269742026232.351
2009,GBR,Reino Unido,244520644544.56
2010,GBR,Reino Unido,244246573567.241
2011,GBR,Reino Unido,243237992370.706
2012,GBR,Reino Unido,250864017314.611
2013,GBR,Reino Unido,260605870203.418
2014,GBR,Reino Unido,270392944803.483
2015,GBR,Reino Unido,272141517638.779
2016,GBR,Reino Unido,268238746921.755
2017,GBR,Reino Unido,272941804892.551
2018,GBR,Reino Unido,284441823100.861
2019,GBR,Reino Unido,285684734983.003
2020,GBR,Reino Unido,292080181238.744
2021,GBR,Reino Unido,303089612397.653
2022,GBR,Reino Unido,280718568873.981
2023,GBR,Reino Unido,282652139618.967
1990,GEO,Georgia,3224541533.63223
1991,GEO,Georgia,2943994505.03033
1992,GEO,Georgia,790698557.963339
1993,GEO,Georgia,314927459.911737
1994,GEO,Georgia,288182552.98522
1995,GEO,Georgia,327818001.053868
1996,GEO,Georgia,637082214.34111
1997,GEO,Georgia,655574716.156344
1998,GEO,Georgia,610295146.924924
1999,GEO,Georgia,599073938.332209
2000,GEO,Georgia,610064174.445369
2001,GEO,Georgia,602622894.570195
2002,GEO,Georgia,683378781.721644
2003,GEO,Georgia,737433496.48135
2004,GEO,Georgia,792741030.034617
2005,GEO,Georgia,900158835.337805
2006,GEO,Georgia,1044495619.5322
2007,GEO,Georgia,1209966507.09377
2008,GEO,Georgia,1183592100.6373
2009,GEO,Georgia,1104028701.95771
2010,GEO,Georgia,1237871728.99508
2011,GEO,Georgia,1410590634.04608
2012,GEO,Georgia,1489211375.3757
2013,GEO,Georgia,1557800320.7815
2014,GEO,Georgia,1558689082.88765
2015,GEO,Georgia,1406479211.95941
2016,GEO,Georgia,1385018997.02677
2017,GEO,Georgia,1569008624.77794
2018,GEO,Georgia,1627390170.397
2019,GEO,Georgia,1660954509.08866
2020,GEO,Georgia,1562722732.61301
2021,GEO,Georgia,1674316829.66022
2022,GEO,Georgia,1898642780.19168
2023,GEO,Georgia,1960925797.7572
1970,GHA,Ghana,4760381567.71297
1971,GHA,Ghana,4467352037.49035
1972,GHA,Ghana,4059267968.26023
1973,GHA,Ghana,4932963376.97694
1974,GHA,Ghana,4652242446.33552
1975,GHA,Ghana,5075737903.94419
1976,GHA,Ghana,4852954462.98141
1977,GHA,Ghana,4990900866.27922
1978,GHA,Ghana,4835711162.71032
1979,GHA,Ghana,4023206848.03515
1980,GHA,Ghana,3965269358.73287
1981,GHA,Ghana,3201046285.26838
1982,GHA,Ghana,2545111138.22897
1983,GHA,Ghana,2260941547.6086
1984,GHA,Ghana,2552698190.40847
1985,GHA,Ghana,3172767272.46249
1986,GHA,Ghana,3524530600.47674
1987,GHA,Ghana,3877328864.60696
1988,GHA,Ghana,4073404611.87685
1989,GHA,Ghana,4097569097.50302
1990,GHA,Ghana,4338521115.43972
1991,GHA,Ghana,4384088014.44254
1992,GHA,Ghana,4537358493.11187
1993,GHA,Ghana,2506179447.78979
1994,GHA,Ghana,2543430669.67133
1995,GHA,Ghana,2589649778.88059
1996,GHA,Ghana,2679328646.88892
1997,GHA,Ghana,2875932319.58214
1998,GHA,Ghana,2991135173.23949
1999,GHA,Ghana,3134621362.57972
2000,GHA,Ghana,3253736975.41081
2001,GHA,Ghana,3374125243.4502
2002,GHA,Ghana,3536106757.69134
2003,GHA,Ghana,3698767668.91774
2004,GHA,Ghana,3868910982.64542
2005,GHA,Ghana,4062356531.00615
2006,GHA,Ghana,4233014364.19529
2007,GHA,Ghana,4181479996.97593
2008,GHA,Ghana,4336315235.92341
2009,GHA,Ghana,4279673859.25181
2010,GHA,Ghana,4604897501.66379
2011,GHA,Ghana,5387894894.20382
2012,GHA,Ghana,5492356449.74439
2013,GHA,Ghana,5429054504.20796
2014,GHA,Ghana,5289648481.4607
2015,GHA,Ghana,5483227487.26323
2016,GHA,Ghana,5917448321.80945
2017,GHA,Ghana,6480562431.9361
2018,GHA,Ghana,6749170721.87764
2019,GHA,Ghana,7175814982.12135
2020,GHA,Ghana,7313111696.0755
2021,GHA,Ghana,7908545250.2096205
2022,GHA,Ghana,7712257614.22289
2023,GHA,Ghana,7784925222.52486
1970,GIN,Guinea,256230943.656156
1971,GIN,Guinea,269977743.105708
1972,GIN,Guinea,276253117.531253
1973,GIN,Guinea,280597729.863201
1974,GIN,Guinea,295300063.628954
1975,GIN,Guinea,303710332.888079
1976,GIN,Guinea,327839709.985637
1977,GIN,Guinea,317030676.449623
1978,GIN,Guinea,338532443.576559
1979,GIN,Guinea,334152942.062739
1980,GIN,Guinea,342440129.980658
1981,GIN,Guinea,345424830.732565
1982,GIN,Guinea,352514461.41821
1983,GIN,Guinea,355785177.241404
1984,GIN,Guinea,359121917.623834
1985,GIN,Guinea,376036888.088797
1986,GIN,Guinea,396147105.317624
1987,GIN,Guinea,409986574.071397
1988,GIN,Guinea,421033598.504238
1989,GIN,Guinea,433915463.913686
1990,GIN,Guinea,455611237.137135
1991,GIN,Guinea,492344889.978544
1992,GIN,Guinea,506130546.912826
1993,GIN,Guinea,521314463.294188
1994,GIN,Guinea,539560469.584591
1995,GIN,Guinea,554999699.888979
1996,GIN,Guinea,568813748.056163
1997,GIN,Guinea,594410366.718646
1998,GIN,Guinea,625340325.760691
1999,GIN,Guinea,666183733.213632
2000,GIN,Guinea,712578671.776796
2001,GIN,Guinea,751770498.724465
2002,GIN,Guinea,796124958.149207
2003,GIN,Guinea,764279959.823284
2004,GIN,Guinea,787208358.617834
2005,GIN,Guinea,814760651.169545
2006,GIN,Guinea,877175830.233979
2007,GIN,Guinea,830954039.6901
2008,GIN,Guinea,863719250.479263
2009,GIN,Guinea,789624684.790866
2010,GIN,Guinea,798206186.752063
2011,GIN,Guinea,788326518.538365
2012,GIN,Guinea,905753072.184062
2013,GIN,Guinea,902729714.606702
2014,GIN,Guinea,955393526.945501
2015,GIN,Guinea,1065746196.99852
2016,GIN,Guinea,1145886588.8974
2017,GIN,Guinea,1208931995.24214
2018,GIN,Guinea,1314801394.38745
2019,GIN,Guinea,1321412713.02707
2020,GIN,Guinea,1313757696.14593
2021,GIN,Guinea,1404030372.09903
2022,GIN,Guinea,1455485981.10375
2023,GIN,Guinea,1630879155.70873
1970,GMB,Gambia,22302597.8363162
1971,GMB,Gambia,22302597.8363162
1972,GMB,Gambia,22302597.8363162
1973,GMB,Gambia,24330104.2587501
1974,GMB,Gambia,25794411.4118378
1975,GMB,Gambia,27130536.555091
1976,GMB,Gambia,26572643.1139814
1977,GMB,Gambia,16221939.089397
1978,GMB,Gambia,2852527.0157865
1979,GMB,Gambia,13893920.9495468
1980,GMB,Gambia,33494379.6646594
1981,GMB,Gambia,40888693.5388381
1982,GMB,Gambia,42951860.6541739
1983,GMB,Gambia,39832256.99801
1984,GMB,Gambia,38691988.0735657
1985,GMB,Gambia,43027532.3967122
1986,GMB,Gambia,48277072.3580542
1987,GMB,Gambia,48964052.8578784
1988,GMB,Gambia,48028542.7049392
1989,GMB,Gambia,48952182.7777011
1990,GMB,Gambia,48661365.9769689
1991,GMB,Gambia,49740058.9144111
1992,GMB,Gambia,52195680.3492352
1993,GMB,Gambia,52668034.2365625
1994,GMB,Gambia,53455302.2080311
1995,GMB,Gambia,54782617.6714059
1996,GMB,Gambia,54976987.419419
1997,GMB,Gambia,55801642.2330901
1998,GMB,Gambia,56638666.8612319
1999,GMB,Gambia,57488246.8709924
2000,GMB,Gambia,58638011.8179315
2001,GMB,Gambia,59612530.8151175
2002,GMB,Gambia,62399477.4547746
2003,GMB,Gambia,63436197.352249
2004,GMB,Gambia,67036858.5542471
2005,GMB,Gambia,78793281.1439687
2006,GMB,Gambia,82037996.2061523
2007,GMB,Gambia,85230282.926645
2008,GMB,Gambia,78173461.3455667
2009,GMB,Gambia,74839336.2653373
2010,GMB,Gambia,75151536.0952739
2011,GMB,Gambia,78096151.0314265
2012,GMB,Gambia,80021787.9017994
2013,GMB,Gambia,82565184.2933148
2014,GMB,Gambia,85254985.757484
2015,GMB,Gambia,87503923.9425225
2016,GMB,Gambia,81338382.5638043
2017,GMB,Gambia,74939617.9658969
2018,GMB,Gambia,74036770.4273265
2019,GMB,Gambia,70204056.197692
2020,GMB,Gambia,49398403.200126
2021,GMB,Gambia,35467480.5539148
2022,GMB,Gambia,26827093.9893043
2023,GMB,Gambia,32633416.0117216
1970,GNB,Guinea-Bissau,64231772.6885556
1971,GNB,Guinea-Bissau,59257994.0860225
1972,GNB,Guinea-Bissau,63886714.0573684
1973,GNB,Guinea-Bissau,61760412.6065454
1974,GNB,Guinea-Bissau,62472284.4207627
1975,GNB,Guinea-Bissau,73854388.4736203
1976,GNB,Guinea-Bissau,45855778.2938232
1977,GNB,Guinea-Bissau,60160822.6392247
1978,GNB,Guinea-Bissau,82194255.2922548
1979,GNB,Guinea-Bissau,82214243.9691921
1980,GNB,Guinea-Bissau,71361277.9635717
1981,GNB,Guinea-Bissau,68674754.8906051
1982,GNB,Guinea-Bissau,74942510.6924394
1983,GNB,Guinea-Bissau,72840122.7294226
1984,GNB,Guinea-Bissau,93123092.3082683
1985,GNB,Guinea-Bissau,93193573.4824771
1986,GNB,Guinea-Bissau,88381457.232371
1987,GNB,Guinea-Bissau,84075970.1696031
1988,GNB,Guinea-Bissau,72271927.8189821
1989,GNB,Guinea-Bissau,74824960.4771139
1990,GNB,Guinea-Bissau,73715989.3215855
1991,GNB,Guinea-Bissau,72892086.3285122
1992,GNB,Guinea-Bissau,68999930.6192494
1993,GNB,Guinea-Bissau,71779355.6148738
1994,GNB,Guinea-Bissau,72817469.4282454
1995,GNB,Guinea-Bissau,75927346.9657501
1996,GNB,Guinea-Bissau,78575205.4753866
1997,GNB,Guinea-Bissau,78933985.0592097
1998,GNB,Guinea-Bissau,77454864.852632
1999,GNB,Guinea-Bissau,86379322.5902727
2000,GNB,Guinea-Bissau,82011160.5766952
2001,GNB,Guinea-Bissau,77154283.4071433
2002,GNB,Guinea-Bissau,78492843.9449673
2003,GNB,Guinea-Bissau,80015213.2803923
2004,GNB,Guinea-Bissau,77204019.9053177
2005,GNB,Guinea-Bissau,85879795.1520864
2006,GNB,Guinea-Bissau,90209032.9497012
2007,GNB,Guinea-Bissau,79584884.4483616
2008,GNB,Guinea-Bissau,88526641.8375412
2009,GNB,Guinea-Bissau,91158351.3278995
2010,GNB,Guinea-Bissau,92873179.286695
2011,GNB,Guinea-Bissau,96153625.7097628
2012,GNB,Guinea-Bissau,101092676.224125
2013,GNB,Guinea-Bissau,102563146.604933
2014,GNB,Guinea-Bissau,102868052.963306
2015,GNB,Guinea-Bissau,112188240.2299
2016,GNB,Guinea-Bissau,119086476.281044
2017,GNB,Guinea-Bissau,122418821.658729
2018,GNB,Guinea-Bissau,172209381.023614
2019,GNB,Guinea-Bissau,168705251.931261
2020,GNB,Guinea-Bissau,167930068.482834
2021,GNB,Guinea-Bissau,178740523.263269
2022,GNB,Guinea-Bissau,187308250.971678
2023,GNB,Guinea-Bissau,194298281.570998
1970,GNQ,Guinea Ecuatorial,12018170.7136737
1971,GNQ,Guinea Ecuatorial,12526441.1022016
1972,GNQ,Guinea Ecuatorial,12810281.2182734
1973,GNQ,Guinea Ecuatorial,13749855.4736407
1974,GNQ,Guinea Ecuatorial,14150213.3800227
1975,GNQ,Guinea Ecuatorial,15118174.9014137
1976,GNQ,Guinea Ecuatorial,15091933.4636034
1977,GNQ,Guinea Ecuatorial,16297359.2912814
1978,GNQ,Guinea Ecuatorial,15444923.076792
1979,GNQ,Guinea Ecuatorial,14560970.565343799
1980,GNQ,Guinea Ecuatorial,15585117.9070149
1981,GNQ,Guinea Ecuatorial,15832836.2573143
1982,GNQ,Guinea Ecuatorial,17186167.8994985
1983,GNQ,Guinea Ecuatorial,17254856.1950625
1984,GNQ,Guinea Ecuatorial,16824943.8762269
1985,GNQ,Guinea Ecuatorial,22242400.5532071
1986,GNQ,Guinea Ecuatorial,15032670.4689468
1987,GNQ,Guinea Ecuatorial,27130011.9193247
1988,GNQ,Guinea Ecuatorial,15880466.8258484
1989,GNQ,Guinea Ecuatorial,16117719.1059086
1990,GNQ,Guinea Ecuatorial,16407506.284492
1991,GNQ,Guinea Ecuatorial,16601117.709785
1992,GNQ,Guinea Ecuatorial,28785232.8084988
1993,GNQ,Guinea Ecuatorial,42301196.7207923
1994,GNQ,Guinea Ecuatorial,50214162.3804001
1995,GNQ,Guinea Ecuatorial,50235323.469742
1996,GNQ,Guinea Ecuatorial,190857761.1961
1997,GNQ,Guinea Ecuatorial,197537782.837807
1998,GNQ,Guinea Ecuatorial,204451605.238357
1999,GNQ,Guinea Ecuatorial,213651927.472749
2000,GNQ,Guinea Ecuatorial,241426678.045293
2001,GNQ,Guinea Ecuatorial,278316674.449654
2002,GNQ,Guinea Ecuatorial,316167742.174411
2003,GNQ,Guinea Ecuatorial,370880569.958889
2004,GNQ,Guinea Ecuatorial,447300511.398652
2005,GNQ,Guinea Ecuatorial,526472701.916361
2006,GNQ,Guinea Ecuatorial,619658370.155272
2007,GNQ,Guinea Ecuatorial,1393313557.73509
2008,GNQ,Guinea Ecuatorial,2400659241.03361
2009,GNQ,Guinea Ecuatorial,2728884279.20926
2010,GNQ,Guinea Ecuatorial,2394565444.85092
2011,GNQ,Guinea Ecuatorial,2600305179.75433
2012,GNQ,Guinea Ecuatorial,2467345134.93563
2013,GNQ,Guinea Ecuatorial,2595512491.40524
2014,GNQ,Guinea Ecuatorial,2619722978.9419
2015,GNQ,Guinea Ecuatorial,2352913524.4562
2016,GNQ,Guinea Ecuatorial,2479812712.53104
2017,GNQ,Guinea Ecuatorial,2711936937.9336
2018,GNQ,Guinea Ecuatorial,2432248162.86717
2019,GNQ,Guinea Ecuatorial,2147634941.69634
2020,GNQ,Guinea Ecuatorial,1993186853.95989
2021,GNQ,Guinea Ecuatorial,2207284971.46525
2022,GNQ,Guinea Ecuatorial,2486746464.40378
2023,GNQ,Guinea Ecuatorial,2293309609.90165
1970,GRC,Grecia,10289475243.5171
1971,GRC,Grecia,11400586523.1323
1972,GRC,Grecia,12299918321.7757
1973,GRC,Grecia,14458648807.2038
1974,GRC,Grecia,14048874310.0634
1975,GRC,Grecia,14817044851.9252
1976,GRC,Grecia,16296786094.2483
1977,GRC,Grecia,16529451126.1265
1978,GRC,Grecia,17615082034.4891
1979,GRC,Grecia,18587722113.7524
1980,GRC,Grecia,18614246763.5543
1981,GRC,Grecia,18559944332.9542
1982,GRC,Grecia,18159150621.549
1983,GRC,Grecia,17843778810.8919
1984,GRC,Grecia,18060779678.3354
1985,GRC,Grecia,18698624387.008
1986,GRC,Grecia,18681915946.5337
1987,GRC,Grecia,18234338601.8007
1988,GRC,Grecia,19048875067.0766
1989,GRC,Grecia,19465959507.7873
1990,GRC,Grecia,18955934367.8014
1991,GRC,Grecia,18813494914.4841
1992,GRC,Grecia,18524021186.2483
1993,GRC,Grecia,17736009370.7743
1994,GRC,Grecia,17948833129.0404
1995,GRC,Grecia,18135111108.0482
1996,GRC,Grecia,17738114009.953
1997,GRC,Grecia,18009839045.0188
1998,GRC,Grecia,18794187757.9392
1999,GRC,Grecia,20092192965.8795
2000,GRC,Grecia,20237552883.5407
2001,GRC,Grecia,22451838843.9742
2002,GRC,Grecia,23861833810.1133
2003,GRC,Grecia,25449905028.6578
2004,GRC,Grecia,25192768692.917
2005,GRC,Grecia,25885304603.1437
2006,GRC,Grecia,25070128243.0045
2007,GRC,Grecia,25742541160.2269
2008,GRC,Grecia,23877065039.6795
2009,GRC,Grecia,23745692704.184
2010,GRC,Grecia,21619679355.408
2011,GRC,Grecia,19036656333.0168
2012,GRC,Grecia,17652459207.0518
2013,GRC,Grecia,15814252973.5006
2014,GRC,Grecia,16225383227.0192
2015,GRC,Grecia,16137377917.9816
2016,GRC,Grecia,15583590891.6058
2017,GRC,Grecia,16184260036.6382
2018,GRC,Grecia,17388699288.082
2019,GRC,Grecia,17743714815.5519
2020,GRC,Grecia,17718555740.7935
2021,GRC,Grecia,20097722239.7914
2022,GRC,Grecia,20891829380.750702
2023,GRC,Grecia,22078164840.6709
1970,GRD,Granada,3313485.32798433
1971,GRD,Granada,3559287.84924743
1972,GRD,Granada,3813141.45987287
1973,GRD,Granada,4124648.31136663
1974,GRD,Granada,4329570.5578159
1975,GRD,Granada,4617145.73083813
1976,GRD,Granada,5065277.07934713
1977,GRD,Granada,5150960.03873618
1978,GRD,Granada,5358254.66190818
1979,GRD,Granada,5351973.00666055
1980,GRD,Granada,6928669.02095215
1981,GRD,Granada,6193715.35697869
1982,GRD,Granada,9799387.11052658
1983,GRD,Granada,8279225.44632885
1984,GRD,Granada,9573247.52161167
1985,GRD,Granada,11426336.3667993
1986,GRD,Granada,12054502.4386978
1987,GRD,Granada,14542039.0110315
1988,GRD,Granada,16539606.4740496
1989,GRD,Granada,18719341.9392492
1990,GRD,Granada,19680435.7392724
1991,GRD,Granada,20823697.5414771
1992,GRD,Granada,23198164.3193534
1993,GRD,Granada,20308601.2640361
1994,GRD,Granada,21847607.8939767
1995,GRD,Granada,23531092.0474782
1996,GRD,Granada,24887930.6752374
1997,GRD,Granada,26207078.8243759
1998,GRD,Granada,29913257.0618859
1999,GRD,Granada,33236254.3292902
2000,GRD,Granada,34228756.4055516
2001,GRD,Granada,34595336.7570817
2002,GRD,Granada,36811232.9118528
2003,GRD,Granada,35952231.1925959
2004,GRD,Granada,30147130.4019484
2005,GRD,Granada,35837332.8734596
2006,GRD,Granada,34923617.6688996
2007,GRD,Granada,35536408.7042931
2008,GRD,Granada,33785577.1745974
2009,GRD,Granada,32007388.9022502
2010,GRD,Granada,33251054.3270647
2011,GRD,Granada,33204036.2934695
2012,GRD,Granada,33130534.7444483
2013,GRD,Granada,32382842.1396918
2014,GRD,Granada,32889412.9618529
2015,GRD,Granada,34090306.6666667
2016,GRD,Granada,35641400.0526456
2017,GRD,Granada,36605112.4400754
2018,GRD,Granada,40060338.5230857
2019,GRD,Granada,41336585.2812633
2020,GRD,Granada,37103184.0694296
2021,GRD,Granada,41230744.232484
2022,GRD,Granada,44635261.3101806
2023,GRD,Granada,49592303.0786317
1970,GRL,Groenlandia,36930509.5198321
1971,GRL,Groenlandia,41753943.2601268
1972,GRL,Groenlandia,44333223.9807675
1973,GRL,Groenlandia,47350547.8992747
1974,GRL,Groenlandia,50052507.6352358
1975,GRL,Groenlandia,50375924.8810165
1976,GRL,Groenlandia,53378013.2425399
1977,GRL,Groenlandia,58087163.9851195
1978,GRL,Groenlandia,61582108.2358978
1979,GRL,Groenlandia,64575364.7040859
1980,GRL,Groenlandia,70177892.3979737
1981,GRL,Groenlandia,70644817.5909078
1982,GRL,Groenlandia,67522569.0011613
1983,GRL,Groenlandia,69856809.2785462
1984,GRL,Groenlandia,66238762.5019866
1985,GRL,Groenlandia,68660629.8941113
1986,GRL,Groenlandia,73532973.6373798
1987,GRL,Groenlandia,77590750.4708833
1988,GRL,Groenlandia,81937266.0625244
1989,GRL,Groenlandia,87390779.0822133
1990,GRL,Groenlandia,77158387.6593539
1991,GRL,Groenlandia,77060357.2619923
1992,GRL,Groenlandia,73114430.9232258
1993,GRL,Groenlandia,69479604.5676454
1994,GRL,Groenlandia,73528919.6475918
1995,GRL,Groenlandia,76273200.5166074
1996,GRL,Groenlandia,77645987.036417007
1997,GRL,Groenlandia,78360219.6991919
1998,GRL,Groenlandia,84682198.3811863
1999,GRL,Groenlandia,86753918.0892571
2000,GRL,Groenlandia,90185611.4436535
2001,GRL,Groenlandia,93913436.623193
2002,GRL,Groenlandia,96095911.6814103
2003,GRL,Groenlandia,81928998.7891897
2004,GRL,Groenlandia,100867862.897267
2005,GRL,Groenlandia,108425769.12068
2006,GRL,Groenlandia,56693673.6409039
2007,GRL,Groenlandia,68905349.7495858
2008,GRL,Groenlandia,85284727.6595561
2009,GRL,Groenlandia,58352708.4082143
2010,GRL,Groenlandia,55598249.6499717
2011,GRL,Groenlandia,66917925.9891728
2012,GRL,Groenlandia,73704166.2396994
2013,GRL,Groenlandia,76974477.3779369
2014,GRL,Groenlandia,112138642.053368
2015,GRL,Groenlandia,101458004.267351
2016,GRL,Groenlandia,120408920.693952
2017,GRL,Groenlandia,49761115.3449379
2018,GRL,Groenlandia,55043630.9698984
2019,GRL,Groenlandia,48933733.3795826
2020,GRL,Groenlandia,60298870.2663307
2021,GRL,Groenlandia,62844660.9289623
2022,GRL,Groenlandia,65683379.8119512
2023,GRL,Groenlandia,72455474.5585032
1970,GTM,Guatemala,2536490059.07168
1971,GTM,Guatemala,2718500480.38219
1972,GTM,Guatemala,2867336588.4496
1973,GTM,Guatemala,3101349987.25763
1974,GTM,Guatemala,3242116667.84677
1975,GTM,Guatemala,3194596705.61496
1976,GTM,Guatemala,3528133044.29074
1977,GTM,Guatemala,3905602932.84733
1978,GTM,Guatemala,4157548392.99506
1979,GTM,Guatemala,4389768585.69681
1980,GTM,Guatemala,4638127633.49354
1981,GTM,Guatemala,4493774540.69184
1982,GTM,Guatemala,4259761141.8838
1983,GTM,Guatemala,4179066866.40889
1984,GTM,Guatemala,4199688736.76958
1985,GTM,Guatemala,4167411026.57962
1986,GTM,Guatemala,4195205721.50387
1987,GTM,Guatemala,4280383012.2445
1988,GTM,Guatemala,4374526333.65497
1989,GTM,Guatemala,4474945876.43743
1990,GTM,Guatemala,4574468816.16675
1991,GTM,Guatemala,4682957786.56592
1992,GTM,Guatemala,4836276909.89904
1993,GTM,Guatemala,4976146987.43503
1994,GTM,Guatemala,5123189889.39615
1995,GTM,Guatemala,5289061455.61169
1996,GTM,Guatemala,5389480998.53258
1997,GTM,Guatemala,5532040885.08957
1998,GTM,Guatemala,5729293558.58035
1999,GTM,Guatemala,5881716078.86033
2000,GTM,Guatemala,5991101652.31264
2001,GTM,Guatemala,6057450278.79885
2002,GTM,Guatemala,6126535646.02461
2003,GTM,Guatemala,6279859814.83241
2004,GTM,Guatemala,6587170171.24496
2005,GTM,Guatemala,6758713352.65902
2006,GTM,Guatemala,7012655084.59503
2007,GTM,Guatemala,7226036533.30581
2008,GTM,Guatemala,7371223910.73773
2009,GTM,Guatemala,7304035466.32143
2010,GTM,Guatemala,7548528495.97969
2011,GTM,Guatemala,7777371457.54635
2012,GTM,Guatemala,8032151211.98317
2013,GTM,Guatemala,8309579778.15564
2014,GTM,Guatemala,8593749483.59938
2015,GTM,Guatemala,8908979979.13731
2016,GTM,Guatemala,9173674298.80865
2017,GTM,Guatemala,9448086086.55438
2018,GTM,Guatemala,9758448005.93261
2019,GTM,Guatemala,10075359794.0538
2020,GTM,Guatemala,10011586627.9539
2021,GTM,Guatemala,10829644084.0226
2022,GTM,Guatemala,11237443072.2224
2023,GTM,Guatemala,11452920543.284
1970,GUY,Guyana,126271987.661413
1971,GUY,Guyana,141779074.341405
1972,GUY,Guyana,143994371.326902
1973,GUY,Guyana,144658961.377195
1974,GUY,Guyana,175008546.671876
1975,GUY,Guyana,198490698.295529
1976,GUY,Guyana,213776262.74467
1977,GUY,Guyana,224409702.171745
1978,GUY,Guyana,230070113.269489
1979,GUY,Guyana,239199945.656796
1980,GUY,Guyana,241025908.466208
1981,GUY,Guyana,255633308.567255
1982,GUY,Guyana,222766545.977813
1983,GUY,Guyana,186247313.825122
1984,GUY,Guyana,175290936.969171
1985,GUY,Guyana,169814704.783865
1986,GUY,Guyana,169813381.962008
1987,GUY,Guyana,162664835.737346
1988,GUY,Guyana,156547065.021164
1989,GUY,Guyana,144967555.410542
1990,GUY,Guyana,125907255.030912
1991,GUY,Guyana,139211254.498961
1992,GUY,Guyana,166036428.824308
1993,GUY,Guyana,171831924.367595
1994,GUY,Guyana,181544930.753621
1995,GUY,Guyana,198129569.948788
1996,GUY,Guyana,206239491.860799
1997,GUY,Guyana,215975681.224504
1998,GUY,Guyana,197164896.093035
1999,GUY,Guyana,227819508.909328
2000,GUY,Guyana,196119852.473398
2001,GUY,Guyana,217461025.178466
2002,GUY,Guyana,128661197.328488
2003,GUY,Guyana,136416253.897518
2004,GUY,Guyana,147590557.828872
2005,GUY,Guyana,178841808.015525
2006,GUY,Guyana,203165886.865786
2007,GUY,Guyana,214719376.450943
2008,GUY,Guyana,196595668.368646
2009,GUY,Guyana,204415022.815638
2010,GUY,Guyana,203667983.533176
2011,GUY,Guyana,217203141.538961
2012,GUY,Guyana,219846204.044249
2013,GUY,Guyana,237872200.202095
2014,GUY,Guyana,251699788.865319
2015,GUY,Guyana,254182566.585956
2016,GUY,Guyana,212902700.885098
2017,GUY,Guyana,216125338.444131
2018,GUY,Guyana,220983061.844711
2019,GUY,Guyana,253373606.215361
2020,GUY,Guyana,231658433.873438
2021,GUY,Guyana,239977345.714913
2022,GUY,Guyana,247687318.020221
2023,GUY,Guyana,309600693.333738
1970,HKG,Hong Kong,3193578361.84569
1971,HKG,Hong Kong,3427048239.74878
1972,HKG,Hong Kong,3792050168.79539
1973,HKG,Hong Kong,4252659593.52868
1974,HKG,Hong Kong,4361156067.07123
1975,HKG,Hong Kong,4386567959.06377
1976,HKG,Hong Kong,5066160874.60439
1977,HKG,Hong Kong,5710647505.87459
1978,HKG,Hong Kong,6180082149.29082
1979,HKG,Hong Kong,6716703051.2497
1980,HKG,Hong Kong,7795241203.05284
1981,HKG,Hong Kong,8284880836.7819
1982,HKG,Hong Kong,7659057240.4127
1983,HKG,Hong Kong,8930361822.92814
1984,HKG,Hong Kong,10335210404.4523
1985,HKG,Hong Kong,9457651028.17038
1986,HKG,Hong Kong,10852716284.7489
1987,HKG,Hong Kong,12055053099.9591
1988,HKG,Hong Kong,12350441083.7942
1989,HKG,Hong Kong,11738439403.4671
1990,HKG,Hong Kong,11121669254.0216
1991,HKG,Hong Kong,9981165699.00299
1992,HKG,Hong Kong,9286986582.49236
1993,HKG,Hong Kong,7918354995.38989
1994,HKG,Hong Kong,7033330526.84399
1995,HKG,Hong Kong,6521385340.27969
1996,HKG,Hong Kong,6016716104.97311
1997,HKG,Hong Kong,5561692735.34657
1998,HKG,Hong Kong,4853850290.91974
1999,HKG,Hong Kong,4668545862.19566
2000,HKG,Hong Kong,5159639279.00907
2001,HKG,Hong Kong,4697901068.2735
2002,HKG,Hong Kong,4242982052.92511
2003,HKG,Hong Kong,3797242723.67484
2004,HKG,Hong Kong,3885629986.96248
2005,HKG,Hong Kong,3946740468.70141
2006,HKG,Hong Kong,4017161774.91129
2007,HKG,Hong Kong,3983065797.97541
2008,HKG,Hong Kong,3702429680.11852
2009,HKG,Hong Kong,3399631177.2533
2010,HKG,Hong Kong,3513328146.49719
2011,HKG,Hong Kong,3539162405.94476
2012,HKG,Hong Kong,3511229932.53191
2013,HKG,Hong Kong,3514246115.107
2014,HKG,Hong Kong,3500083170.84133
2015,HKG,Hong Kong,3446447576.35373
2016,HKG,Hong Kong,3431235525.10541
2017,HKG,Hong Kong,3446185299.60807
2018,HKG,Hong Kong,3489985516.13339
2019,HKG,Hong Kong,3504673013.89039
2020,HKG,Hong Kong,3300228290.64792
2021,HKG,Hong Kong,3480805830.03527
2022,HKG,Hong Kong,3488018440.54094
2023,HKG,Hong Kong,3618632259.87994
1970,HND,Honduras,593527546.334173
1971,HND,Honduras,632820310.656742
1972,HND,Honduras,698997598.077344
1973,HND,Honduras,787923327.990079
1974,HND,Honduras,792059408.497117
1975,HND,Honduras,823080011.904469
1976,HND,Honduras,880985138.409853
1977,HND,Honduras,1000931471.8288
1978,HND,Honduras,1075380920.16462
1979,HND,Honduras,1145694287.9934
1980,HND,Honduras,1093993282.24857
1981,HND,Honduras,1087789161.48801
1982,HND,Honduras,1038156195.99671
1983,HND,Honduras,1104333483.31845
1984,HND,Honduras,1189123132.82301
1985,HND,Honduras,1203599414.49878
1986,HND,Honduras,1253232379.99009
1987,HND,Honduras,1335953989.24112
1988,HND,Honduras,1402131276.66173
1989,HND,Honduras,1455900322.66007
1990,HND,Honduras,1466240523.82881
1991,HND,Honduras,1491057006.57446
1992,HND,Honduras,1582050776.74072
1993,HND,Honduras,1681316707.82219
1994,HND,Honduras,1650296104.31598
1995,HND,Honduras,1741289874.48223
1996,HND,Honduras,1821943443.47975
1997,HND,Honduras,1933617615.98348
1998,HND,Honduras,1999794903.40408
1999,HND,Honduras,2051495909.1489
2000,HND,Honduras,2165238121.90615
2001,HND,Honduras,2248564652.78287
2002,HND,Honduras,2423126639.48024
2003,HND,Honduras,2578489243.49434
2004,HND,Honduras,2682568771.58622
2005,HND,Honduras,2870273748.77852
2006,HND,Honduras,3000729053.93623
2007,HND,Honduras,3151341858.88302
2008,HND,Honduras,3258120257.71665
2009,HND,Honduras,2992553353.9237
2010,HND,Honduras,3127912101.89425
2011,HND,Honduras,3265613825.56369
2012,HND,Honduras,3324455139.31776
2013,HND,Honduras,3436591735.74122
2014,HND,Honduras,3540799781.48747
2015,HND,Honduras,3680508357.75974
2016,HND,Honduras,3790282206.53749
2017,HND,Honduras,3938888158.88145
2018,HND,Honduras,4093257633.72517
2019,HND,Honduras,4142618298.97619
2020,HND,Honduras,3563043221.66668
2021,HND,Honduras,4245185273.13588
2022,HND,Honduras,4530257202.47265
2023,HND,Honduras,4275742816.95541
1990,HRV,Croacia,9411551460.89186
1991,HRV,Croacia,6829737991.20216
1992,HRV,Croacia,5596965100.16332
1993,HRV,Croacia,4937883192.83861
1994,HRV,Croacia,5251067181.13984
1995,HRV,Croacia,5027781476.8305
1996,HRV,Croacia,4996848820.00755
1997,HRV,Croacia,5308918458.26657
1998,HRV,Croacia,5454722157.96053
1999,HRV,Croacia,5710494604.53174
2000,HRV,Croacia,6085291474.24076
2001,HRV,Croacia,6171880977.6477
2002,HRV,Croacia,6296625300.0433
2003,HRV,Croacia,6563376673.91352
2004,HRV,Croacia,6786858223.00905
2005,HRV,Croacia,6949739638.57729
2006,HRV,Croacia,7212224630.10357
2007,HRV,Croacia,7701927994.31564
2008,HRV,Croacia,7721331115.67939
2009,HRV,Croacia,6802388253.57186
2010,HRV,Croacia,6441804164.72246
2011,HRV,Croacia,6502480740.83135
2012,HRV,Croacia,6130723848.57021
2013,HRV,Croacia,5989074637.00655
2014,HRV,Croacia,6191700655.68798
2015,HRV,Croacia,6432254381.34028
2016,HRV,Croacia,6856323480.27465
2017,HRV,Croacia,7080398844.20694
2018,HRV,Croacia,7071609055.18673
2019,HRV,Croacia,7231298716.0074
2020,HRV,Croacia,6828558205.20224
2021,HRV,Croacia,7535184566.58148
2022,HRV,Croacia,8046327305.27289
2023,HRV,Croacia,7968921990.29267
1970,HTI,Haití,765729566.451909
1971,HTI,Haití,877616991.863595
1972,HTI,Haití,942301909.240289
1973,HTI,Haití,937057186.428893
1974,HTI,Haití,1059434057.46337
1975,HTI,Haití,972022006.534046
1976,HTI,Haití,1160832036.58582
1977,HTI,Haití,1260481774.75633
1978,HTI,Haití,1349642066.61538
1979,HTI,Haití,1487753107.43915
1980,HTI,Haití,1708031475.6922
1981,HTI,Haití,1496494312.79867
1982,HTI,Haití,1456284769.21567
1983,HTI,Haití,1552438024.83806
1984,HTI,Haití,1461529492.02707
1985,HTI,Haití,1449291804.78589
1986,HTI,Haití,1423068190.04025
1987,HTI,Haití,1368872718.28634
1988,HTI,Haití,1391631897.33918
1989,HTI,Haití,1401348174.09332
1990,HTI,Haití,1411842734.03424
1991,HTI,Haití,1462047303.33654
1992,HTI,Haití,1424577226.1398
1993,HTI,Haití,1445189656.20154
1994,HTI,Haití,989447180.613232
1995,HTI,Haití,1101973471.28804
1996,HTI,Haití,1242657905.878
1997,HTI,Haití,1330790360.23522
1998,HTI,Haití,1425722838.26574
1999,HTI,Haití,1477148561.25681
2000,HTI,Haití,1569228781.94973
2001,HTI,Haití,1569829544.04218
2002,HTI,Haití,1609198765.13214
2003,HTI,Haití,1648636220.81964
2004,HTI,Haití,1683855267.88292
2005,HTI,Haití,1749742329.66007
2006,HTI,Haití,1818849311.24729
2007,HTI,Haití,1830048741.34736
2008,HTI,Haití,1842721362.37951
2009,HTI,Haití,1982306942.8193
2010,HTI,Haití,1800065395.10162
2011,HTI,Haití,1861356080.37141
2012,HTI,Haití,2041994468.06279
2013,HTI,Haití,2113638881.37654
2014,HTI,Haití,2272000625.98942
2015,HTI,Haití,2413038504.70052
2016,HTI,Haití,2440459871.99888
2017,HTI,Haití,2460270423.31367
2018,HTI,Haití,2491803775.11904
2019,HTI,Haití,2516250087.92921
2020,HTI,Haití,2410647272.14924
2021,HTI,Haití,2370223958.8833
2022,HTI,Haití,2427652361.75633
2023,HTI,Haití,2364700969.39049
1970,HUN,Hungría,6074034424.41728
1971,HUN,Hungría,6496703814.38296
1972,HUN,Hungría,6908752312.18001
1973,HUN,Hungría,7443116069.37159
1974,HUN,Hungría,8054046125.75665
1975,HUN,Hungría,8633837419.50462
1976,HUN,Hungría,9152262334.01926
1977,HUN,Hungría,9725112007.99346
1978,HUN,Hungría,10266723390.3187
1979,HUN,Hungría,10829400229.1012
1980,HUN,Hungría,10284310967.1106
1981,HUN,Hungría,11104192590.9942
1982,HUN,Hungría,11758556138.22
1983,HUN,Hungría,12052369996.1776
1984,HUN,Hungría,12555036171.0884
1985,HUN,Hungría,12470570193.1835
1986,HUN,Hungría,12360334933.8815
1987,HUN,Hungría,12834313511.3396
1988,HUN,Hungría,12634106017.4224
1989,HUN,Hungría,12494455572.1361
1990,HUN,Hungría,11389509487.539
1991,HUN,Hungría,9285848791.48151
1992,HUN,Hungría,9434000145.48689
1993,HUN,Hungría,9994006626.90748
1994,HUN,Hungría,10667649048.602
1995,HUN,Hungría,11545063590.2634
1996,HUN,Hungría,12070793230.3718
1997,HUN,Hungría,13759581662.9804
1998,HUN,Hungría,15090367992.5583
1999,HUN,Hungría,16014086406.3988
2000,HUN,Hungría,16746347304.1877
2001,HUN,Hungría,17514439760.4573
2002,HUN,Hungría,18782890534.5997
2003,HUN,Hungría,20359520511.0034
2004,HUN,Hungría,21591912008.7712
2005,HUN,Hungría,22734402256.4354
2006,HUN,Hungría,24265420634.4198
2007,HUN,Hungría,25760994870.0807
2008,HUN,Hungría,24881595681.677
2009,HUN,Hungría,20472172848.8745
2010,HUN,Hungría,22383249434.4744
2011,HUN,Hungría,22490454287.1423
2012,HUN,Hungría,22185965889.188202
2013,HUN,Hungría,21726747618.3626
2014,HUN,Hungría,23281759181.7179
2015,HUN,Hungría,25308927532.6
2016,HUN,Hungría,25391305220.0777
2017,HUN,Hungría,26215555274.8938
2018,HUN,Hungría,26884921673.3258
2019,HUN,Hungría,27400306414.8236
2020,HUN,Hungría,25372679670.7783
2021,HUN,Hungría,27153862420.8229
2022,HUN,Hungría,28386487551.2351
2023,HUN,Hungría,27326348374.6713
1970,IDN,Indonesia,3805738554.36305
1971,IDN,Indonesia,4286923888.82272
1972,IDN,Indonesia,4934336884.27757
1973,IDN,Indonesia,5686735770.88721
1974,IDN,Indonesia,6605362318.49212
1975,IDN,Indonesia,7419002974.94213
1976,IDN,Indonesia,8136406564.50021
1977,IDN,Indonesia,9256256070.15186
1978,IDN,Indonesia,10813546788.9487
1979,IDN,Indonesia,12204609846.7503
1980,IDN,Indonesia,14916745368.2504
1981,IDN,Indonesia,16430291965.7327
1982,IDN,Indonesia,16631514923.7795
1983,IDN,Indonesia,20642853591.5868
1984,IDN,Indonesia,25196546941.469
1985,IDN,Indonesia,28016791288.2581
1986,IDN,Indonesia,30618007782.6709
1987,IDN,Indonesia,33865877936.4806
1988,IDN,Indonesia,37927280113.4025
1989,IDN,Indonesia,42206693325.9406
1990,IDN,Indonesia,47248731092.6478
1991,IDN,Indonesia,52242832458.8074
1992,IDN,Indonesia,57560286635.9345
1993,IDN,Indonesia,64109270521.6802
1994,IDN,Indonesia,72034464888.6066
1995,IDN,Indonesia,79868144309.0327
1996,IDN,Indonesia,89126842182.1063
1997,IDN,Indonesia,93807178017.4081
1998,IDN,Indonesia,83079011574.8148
1999,IDN,Indonesia,86336072099.3066
2000,IDN,Indonesia,91503616078.3572
2001,IDN,Indonesia,94523560348.2167
2002,IDN,Indonesia,99522114980.0612
2003,IDN,Indonesia,104829875683.178
2004,IDN,Indonesia,111521114049.781
2005,IDN,Indonesia,116648998926.325
2006,IDN,Indonesia,121997575780.064
2007,IDN,Indonesia,127689293062.859
2008,IDN,Indonesia,132359182760.924
2009,IDN,Indonesia,135211804543.559
2010,IDN,Indonesia,141269680665.935
2011,IDN,Indonesia,150112450511.553
2012,IDN,Indonesia,158548433818.956
2013,IDN,Indonesia,165475263349.766
2014,IDN,Indonesia,173160391174.646
2015,IDN,Indonesia,180657039369.112
2016,IDN,Indonesia,188346733737.085
2017,IDN,Indonesia,196432895563.277
2018,IDN,Indonesia,204828452357.274
2019,IDN,Indonesia,212607395094.066
2020,IDN,Indonesia,206374157155.69
2021,IDN,Indonesia,213368849812.606
2022,IDN,Indonesia,223807584446.279
2023,IDN,Indonesia,234191735349.101
1970,IND,India,20209924188.619
1971,IND,India,20870297790.3401
1972,IND,India,21688496529.5831
1973,IND,India,22653444958.0935
1974,IND,India,23313818559.8146
1975,IND,India,23805291575.7766
1976,IND,India,25893013570.3195
1977,IND,India,27504491290.2503
1978,IND,India,30490709023.8291
1979,IND,India,29906479128.8054
1980,IND,India,29964625232.1067
1981,IND,India,32370766363.7572
1982,IND,India,34483408116.8552
1983,IND,India,37901568332.0805
1984,IND,India,40360317842.8874
1985,IND,India,41975948855.9137
1986,IND,India,44917864796.5094
1987,IND,India,48203119632.7678
1988,IND,India,52421480983.8224
1989,IND,India,58540666140.2473
1990,IND,India,62109729337.8354
1991,IND,India,59807420533.5011
1992,IND,India,62306318544.2132
1993,IND,India,67518701375.4289
1994,IND,India,75588039770.6379
1995,IND,India,86850572150.0605
1996,IND,India,95237884874.6107
1997,IND,India,96677646812.5719
1998,IND,India,99308063895.7937
1999,IND,India,103261490921.259
2000,IND,India,110004586033.208
2001,IND,India,113930569495.956
2002,IND,India,118934437980.421
2003,IND,India,127089861307.03
2004,IND,India,139401452584.821
2005,IND,India,152434205984.331
2006,IND,India,179548947221.153
2007,IND,India,192082475191.455
2008,IND,India,201040593162.435
2009,IND,India,223089979868.343
2010,IND,India,240256938362.171
2011,IND,India,247765100971.886
2012,IND,India,261275938332.675
2013,IND,India,274250502826.69
2014,IND,India,295904416862.047
2015,IND,India,334547739285.659
2016,IND,India,361066741146.447
2017,IND,India,388244464401.487
2018,IND,India,409254534445.408
2019,IND,India,397079363707.139
2020,IND,India,409284038682.754
2021,IND,India,450029163814.307
2022,IND,India,440123768403.218
2023,IND,India,483530020591.625
1970,IRL,Irlanda,6342820444.02814
1971,IRL,Irlanda,6741512132.11618
1972,IRL,Irlanda,7044414227.22205
1973,IRL,Irlanda,7480644450.89474
1974,IRL,Irlanda,7753774916.26908
1975,IRL,Irlanda,7391327845.47136
1976,IRL,Irlanda,7931112540.3289
1977,IRL,Irlanda,8536921975.83588
1978,IRL,Irlanda,9327829232.05151
1979,IRL,Irlanda,10329724681.6443
1980,IRL,Irlanda,10199020229.2967
1981,IRL,Irlanda,10743947347.9563
1982,IRL,Irlanda,10645536055.2595
1983,IRL,Irlanda,10859305222.3379
1984,IRL,Irlanda,11543792872.536
1985,IRL,Irlanda,12047310705.0505
1986,IRL,Irlanda,12239836437.7851
1987,IRL,Irlanda,13026247345.0903
1988,IRL,Irlanda,14142937162.9626
1989,IRL,Irlanda,15688245687.8265
1990,IRL,Irlanda,16622180522.533
1991,IRL,Irlanda,16961803205.4077
1992,IRL,Irlanda,18087807416.2513
1993,IRL,Irlanda,18456930107.8074
1994,IRL,Irlanda,20469555977.7065
1995,IRL,Irlanda,24134728594.6092
1996,IRL,Irlanda,25631943848.5117
1997,IRL,Irlanda,30282869279.6665
1998,IRL,Irlanda,34667804254.981
1999,IRL,Irlanda,39194195125.1157
2000,IRL,Irlanda,44833776306.7149
2001,IRL,Irlanda,47180437289.1317
2002,IRL,Irlanda,52684142024.3002
2003,IRL,Irlanda,52259037839.0134
2004,IRL,Irlanda,51934650141.7273
2005,IRL,Irlanda,54905625144.0492
2006,IRL,Irlanda,56071453669.6647
2007,IRL,Irlanda,59371941187.5225
2008,IRL,Irlanda,53685144392.7637
2009,IRL,Irlanda,50961961001.7896
2010,IRL,Irlanda,53225474677.9547
2011,IRL,Irlanda,55205510549.9556
2012,IRL,Irlanda,54053248187.7091
2013,IRL,Irlanda,50949571193.9071
2014,IRL,Irlanda,57468595737.2141
2015,IRL,Irlanda,105407167427.875
2016,IRL,Irlanda,104071120831.65
2017,IRL,Irlanda,107762648235.002
2018,IRL,Irlanda,119661144144.925
2019,IRL,Irlanda,121856085957.117
2020,IRL,Irlanda,149734493714.98
2021,IRL,Irlanda,185939301317.115
2022,IRL,Irlanda,219939785814.125
2023,IRL,Irlanda,167316074364.571
1970,IRN,Irán,2877706999.76192
1971,IRN,Irán,3341946305.33474
1972,IRN,Irán,3905665462.10167
1973,IRN,Irán,4622208738.0945
1974,IRN,Irán,5375516306.91998
1975,IRN,Irán,5815966952.42462
1976,IRN,Irán,7562631296.21797
1977,IRN,Irán,7938924646.3872
1978,IRN,Irán,7109205017.94882
1979,IRN,Irán,6192981171.08081
1980,IRN,Irán,6954939161.74921
1981,IRN,Irán,7513612239.10779
1982,IRN,Irán,7184896209.07483
1983,IRN,Irán,8039846234.55524
1984,IRN,Irán,9027436061.6278
1985,IRN,Irán,8837126781.08245
1986,IRN,Irán,8275570229.7762
1987,IRN,Irán,9195398419.07885
1988,IRN,Irán,9384265962.65037
1989,IRN,Irán,9717358171.70085
1990,IRN,Irán,12450307152.8219
1991,IRN,Irán,15088289469.0474
1992,IRN,Irán,14950810784.6879
1993,IRN,Irán,14167953719.4743
1994,IRN,Irán,14639318453.1966
1995,IRN,Irán,14637577536.795
1996,IRN,Irán,16755066819.0471
1997,IRN,Irán,19054465267.2576
1998,IRN,Irán,18380771153.7687
1999,IRN,Irán,20301217967.5267
2000,IRN,Irán,22636590528.9364
2001,IRN,Irán,25382036542.7607
2002,IRN,Irán,28758315863.7339
2003,IRN,Irán,31563357798.3783
2004,IRN,Irán,32755669129.8463
2005,IRN,Irán,37230036192.8786
2006,IRN,Irán,41328826910.911
2007,IRN,Irán,43349102272.6321
2008,IRN,Irán,45976104966.0902
2009,IRN,Irán,51122664190.6786
2010,IRN,Irán,58102918569.5205
2011,IRN,Irán,63137193878.2125
2012,IRN,Irán,60426843162.3461
2013,IRN,Irán,57110228397.5826
2014,IRN,Irán,61097761205.3487
2015,IRN,Irán,56117877497.4229
2016,IRN,Irán,60593611793.0934
2017,IRN,Irán,63684142132.1744
2018,IRN,Irán,61616941575.9427
2019,IRN,Irán,61848821394.1062
2020,IRN,Irán,66299047652.5768
2021,IRN,Irán,68467139136.3601
2022,IRN,Irán,74964595534.8251
2023,IRN,Irán,80537925077.233
1970,IRQ,Iraq,1830186145.77031
1971,IRQ,Iraq,2131890981.85935
1972,IRQ,Iraq,2309157247.42199
1973,IRQ,Iraq,2496989051.99061
1974,IRQ,Iraq,2674255317.55325
1975,IRQ,Iraq,3176705394.77705
1976,IRQ,Iraq,3919814971.60362
1977,IRQ,Iraq,4377654995.24122
1978,IRQ,Iraq,4815537889.64272
1979,IRQ,Iraq,5654911266.30954
1980,IRQ,Iraq,6423847716.26629
1981,IRQ,Iraq,6078706775.36902
1982,IRQ,Iraq,6144447906.96931
1983,IRQ,Iraq,6209015089.78951
1984,IRQ,Iraq,6129186572.84721
1985,IRQ,Iraq,6848817174.10375
1986,IRQ,Iraq,6772510503.49748
1987,IRQ,Iraq,9235455040.90998
1988,IRQ,Iraq,8671959627.202
1989,IRQ,Iraq,7233872373.47111
1990,IRQ,Iraq,5578604595.70538
1991,IRQ,Iraq,1904991607.74916
1992,IRQ,Iraq,2383999139.98745
1993,IRQ,Iraq,3485908385.02729
1994,IRQ,Iraq,3471486157.13743
1995,IRQ,Iraq,2727416634.1655
1996,IRQ,Iraq,3868315597.31195
1997,IRQ,Iraq,5827142129.23347
1998,IRQ,Iraq,5908306747.17503
1999,IRQ,Iraq,6241490914.10043
2000,IRQ,Iraq,5962189140.59795
2001,IRQ,Iraq,6511584936.82729
2002,IRQ,Iraq,5935247943.88544
2003,IRQ,Iraq,4242044884.7398
2004,IRQ,Iraq,3296374777.38442
2005,IRQ,Iraq,3260225829.89839
2006,IRQ,Iraq,3602617747.59941
2007,IRQ,Iraq,3826339986.87587
2008,IRQ,Iraq,4082704714.21855
2009,IRQ,Iraq,5552019270.86272
2010,IRQ,Iraq,5904042613.64114
2011,IRQ,Iraq,6041790859.90402
2012,IRQ,Iraq,6168668459.75329
2013,IRQ,Iraq,5584995340.02969
2014,IRQ,Iraq,4346292263.84188
2015,IRQ,Iraq,3627684380.35409
2016,IRQ,Iraq,3762212707.76718
2017,IRQ,Iraq,4054718066.95865
2018,IRQ,Iraq,4564045327.3514
2019,IRQ,Iraq,4868548872.84917
2020,IRQ,Iraq,4566454267.81655
2021,IRQ,Iraq,6106891728.576
2022,IRQ,Iraq,8242924493.13791
2023,IRQ,Iraq,9138127380.44162
1970,ISL,Islandia,514354257.669739
1971,ISL,Islandia,577454012.162307
1972,ISL,Islandia,608365619.033592
1973,ISL,Islandia,673816214.257451
1974,ISL,Islandia,677552677.408591
1975,ISL,Islandia,675061756.902264
1976,ISL,Islandia,748961459.839904
1977,ISL,Islandia,850677196.800552
1978,ISL,Islandia,864378284.072336
1979,ISL,Islandia,924992140.310598
1980,ISL,Islandia,1000551766.09469
1981,ISL,Islandia,1033763090.84987
1982,ISL,Islandia,995154433.34738
1983,ISL,Islandia,932473562.367675
1984,ISL,Islandia,999236984.506376
1985,ISL,Islandia,1011952361.48319
1986,ISL,Islandia,1063972245.536
1987,ISL,Islandia,1150804493.2604
1988,ISL,Islandia,1072175248.67231
1989,ISL,Islandia,1033737676.69869
1990,ISL,Islandia,1005381919.26687
1991,ISL,Islandia,1022203500.02206
1992,ISL,Islandia,991874771.954812
1993,ISL,Islandia,969424964.090454
1994,ISL,Islandia,998982949.726939
1995,ISL,Islandia,1008057647.70749
1996,ISL,Islandia,1093523522.32876
1997,ISL,Islandia,1144565936.06267
1998,ISL,Islandia,1173586709.88255
1999,ISL,Islandia,1199058699.71595
2000,ISL,Islandia,1217981663.939
2001,ISL,Islandia,1290811894.87622
2002,ISL,Islandia,1262279831.11699
2003,ISL,Islandia,1274696947.8359
2004,ISL,Islandia,1346991818.77118
2005,ISL,Islandia,1292132708.29284
2006,ISL,Islandia,1333737224.17432
2007,ISL,Islandia,1387438705.06535
2008,ISL,Islandia,1491828917.52076
2009,ISL,Islandia,1444432736.38509
2010,ISL,Islandia,1477525912.1136
2011,ISL,Islandia,1593062784.64084
2012,ISL,Islandia,1645152985.35389
2013,ISL,Islandia,1749337222.47553
2014,ISL,Islandia,1790045769.91246
2015,ISL,Islandia,1880095127.89397
2016,ISL,Islandia,1857684743.23244
2017,ISL,Islandia,1882425911.78092
2018,ISL,Islandia,1971231518.95596
2019,ISL,Islandia,1936286141.95209
2020,ISL,Islandia,1797394340.94933
2021,ISL,Islandia,1957145260.66784
2022,ISL,Islandia,2049225225.24932
2023,ISL,Islandia,2053670508.31017
1970,ISR,Israel,10199196834.8699
1971,ISR,Israel,10973587944.5135
1972,ISR,Israel,11934590959.9931
1973,ISR,Israel,11647465793.7481
1974,ISR,Israel,12120714773.1229
1975,ISR,Israel,11842410769.0065
1976,ISR,Israel,13204134386.1756
1977,ISR,Israel,12872457230.1359
1978,ISR,Israel,12978162090.5622
1979,ISR,Israel,11742921288.0237
1980,ISR,Israel,11376788476.5662
1981,ISR,Israel,14181648538.7419
1982,ISR,Israel,14561642848.3341
1983,ISR,Israel,15458055147.8067
1984,ISR,Israel,17206920376.9135
1985,ISR,Israel,16421507802.6671
1986,ISR,Israel,15860689738.4332
1987,ISR,Israel,17953466814.6306
1988,ISR,Israel,17720965855.7523
1989,ISR,Israel,18694334276.4033
1990,ISR,Israel,19306188502.7229
1991,ISR,Israel,19419337860.1261
1992,ISR,Israel,21029574588.654
1993,ISR,Israel,21993847518.4598
1994,ISR,Israel,22550916994.64
1995,ISR,Israel,23759901249.4319
1996,ISR,Israel,25017362770.1214
1997,ISR,Israel,26793332579.9923
1998,ISR,Israel,28362388881.0943
1999,ISR,Israel,29248889224.3043
2000,ISR,Israel,33667864852.2791
2001,ISR,Israel,31086078684.1045
2002,ISR,Israel,29431204325.8866
2003,ISR,Israel,29968122302.8172
2004,ISR,Israel,30601117261.9528
2005,ISR,Israel,33918058615.068
2006,ISR,Israel,35092357185.541
2007,ISR,Israel,36744906163.8867
2008,ISR,Israel,35242285152.0947
2009,ISR,Israel,33124934185.3266
2010,ISR,Israel,38075674096.9084
2011,ISR,Israel,39162355940.6544
2012,ISR,Israel,39320579106.7279
2013,ISR,Israel,39414729592.1273
2014,ISR,Israel,39024827339.308
2015,ISR,Israel,39108131878.0499
2016,ISR,Israel,37766527276.1031
2017,ISR,Israel,39179671213.3271
2018,ISR,Israel,42669586391.75
2019,ISR,Israel,44189354681.3602
2020,ISR,Israel,48152931699.4126
2021,ISR,Israel,49857761526.3497
2022,ISR,Israel,52482029209.8967
2023,ISR,Israel,52764958620.9854
1970,ITA,Italia,112536348820.31
1971,ITA,Italia,113583002863.378
1972,ITA,Italia,121342216992.883
1973,ITA,Italia,137951513835.83
1974,ITA,Italia,149335648517.491
1975,ITA,Italia,142589842533.626
1976,ITA,Italia,164442057082.601
1977,ITA,Italia,172133945576.475
1978,ITA,Italia,178856907117.129
1979,ITA,Italia,196264465554.656
1980,ITA,Italia,204310356004.358
1981,ITA,Italia,200573576644.382
1982,ITA,Italia,198127056611.492
1983,ITA,Italia,198340930121.117
1984,ITA,Italia,205147763221.957
1985,ITA,Italia,211882444612.008
1986,ITA,Italia,216950323037.367
1987,ITA,Italia,224756126229.723
1988,ITA,Italia,240087316516.453
1989,ITA,Italia,250831048329.925
1990,ITA,Italia,253903966824.186
1991,ITA,Italia,253129745213.576
1992,ITA,Italia,252585993226.453
1993,ITA,Italia,246527441039.882
1994,ITA,Italia,263003429938.542
1995,ITA,Italia,275453879153.762
1996,ITA,Italia,274296561446.533
1997,ITA,Italia,277258217080.216
1998,ITA,Italia,281196535459.36
1999,ITA,Italia,280543282292.093
2000,ITA,Italia,288670443349.061
2001,ITA,Italia,287890822186.833
2002,ITA,Italia,286722848149.083
2003,ITA,Italia,279720834744.939
2004,ITA,Italia,284009907248.519
2005,ITA,Italia,284713225062.954
2006,ITA,Italia,298522321447.83
2007,ITA,Italia,308086679685.353
2008,ITA,Italia,297839713105.919
2009,ITA,Italia,241530054126.319
2010,ITA,Italia,265333682694.968
2011,ITA,Italia,270544527788.68
2012,ITA,Italia,259815211456.007
2013,ITA,Italia,257276793100.592
2014,ITA,Italia,256770717932.229
2015,ITA,Italia,263201310745
2016,ITA,Italia,268526359531.85
2017,ITA,Italia,278377031253.579
2018,ITA,Italia,281237351215.886
2019,ITA,Italia,281671948544.617
2020,ITA,Italia,243056724270.689
2021,ITA,Italia,281036589970.114
2022,ITA,Italia,289029139455.679
2023,ITA,Italia,286012794729.507
1970,JAM,Jamaica,1599227447.85487
1971,JAM,Jamaica,1637840585.43336
1972,JAM,Jamaica,1829067552.46322
1973,JAM,Jamaica,1841938598.32272
1974,JAM,Jamaica,1779881770.08561
1975,JAM,Jamaica,1820333628.49096
1976,JAM,Jamaica,1740349272.09369
1977,JAM,Jamaica,1611179133.30094
1978,JAM,Jamaica,1535791578.98869
1979,JAM,Jamaica,1453968501.74669
1980,JAM,Jamaica,1293540108.73649
1981,JAM,Jamaica,1303653073.33783
1982,JAM,Jamaica,1401564957.89527
1983,JAM,Jamaica,1428686090.24334
1984,JAM,Jamaica,1368927663.04874
1985,JAM,Jamaica,1374443825.5472
1986,JAM,Jamaica,1407081120.41159
1987,JAM,Jamaica,1487051062.77931
1988,JAM,Jamaica,1567211183.36943
1989,JAM,Jamaica,1681888651.26279
1990,JAM,Jamaica,1744076929.8807
1991,JAM,Jamaica,1610566108.62009
1992,JAM,Jamaica,1661799760.65171
1993,JAM,Jamaica,1644832464.23969
1994,JAM,Jamaica,1683723347.28521
1995,JAM,Jamaica,1619554283.48204
1996,JAM,Jamaica,1538414002.91579
1997,JAM,Jamaica,1436783211.16295
1998,JAM,Jamaica,1353892215.60429
1999,JAM,Jamaica,1301549410.21919
2000,JAM,Jamaica,1285953755.23585
2001,JAM,Jamaica,1276110449.51326
2002,JAM,Jamaica,1252118508.34186
2003,JAM,Jamaica,1246866363.36465
2004,JAM,Jamaica,1270751117.90386
2005,JAM,Jamaica,1220659231.79471
2006,JAM,Jamaica,1200865433.71734
2007,JAM,Jamaica,1216570421.5308
2008,JAM,Jamaica,1207118155.49105
2009,JAM,Jamaica,1149580993.97972
2010,JAM,Jamaica,1101230396.83481
2011,JAM,Jamaica,1119994131.23394
2012,JAM,Jamaica,1118127149.50817
2013,JAM,Jamaica,1115829056.01984
2014,JAM,Jamaica,1107169027.53009
2015,JAM,Jamaica,1129031254.90802
2016,JAM,Jamaica,1150896986.71717
2017,JAM,Jamaica,1173271734.6229
2018,JAM,Jamaica,1183320214.28143
2019,JAM,Jamaica,1204267357.09934
2020,JAM,Jamaica,1139609314.7758
2021,JAM,Jamaica,1173341280.47187
2022,JAM,Jamaica,1246792083.17146
2023,JAM,Jamaica,1275779487.75911
1970,JOR,Jordania,538780043.466227
1971,JOR,Jordania,525397039.512572
1972,JOR,Jordania,580617340.732073
1973,JOR,Jordania,638805761.861129
1974,JOR,Jordania,414453053.815809
1975,JOR,Jordania,517128318.666473
1976,JOR,Jordania,461400352.299308
1977,JOR,Jordania,473194694.83903
1978,JOR,Jordania,566519203.434036
1979,JOR,Jordania,754198450.938771
1980,JOR,Jordania,908519603.45441
1981,JOR,Jordania,983406572.911373
1982,JOR,Jordania,981985566.988773
1983,JOR,Jordania,958894234.475056
1984,JOR,Jordania,1144335398.25012
1985,JOR,Jordania,1183199888.19717
1986,JOR,Jordania,1131333202.29545
1987,JOR,Jordania,1159611203.11773
1988,JOR,Jordania,1037795542.60085
1989,JOR,Jordania,1260395988.93423
1990,JOR,Jordania,1295032987.70481
1991,JOR,Jordania,1301818287.8523
1992,JOR,Jordania,1752951879.08428
1993,JOR,Jordania,1786734676.72409
1994,JOR,Jordania,2087026219.27914
1995,JOR,Jordania,2102040796.4773
1996,JOR,Jordania,1944387736.6007
1997,JOR,Jordania,2167322239.34131
1998,JOR,Jordania,2353650238.69711
1999,JOR,Jordania,2536276387.23176
2000,JOR,Jordania,2748468713.80881
2001,JOR,Jordania,2954241918.56419
2002,JOR,Jordania,3560357874.25734
2003,JOR,Jordania,3664239980.13267
2004,JOR,Jordania,4267067744.29382
2005,JOR,Jordania,4774009642.59478
2006,JOR,Jordania,5310941162.78927
2007,JOR,Jordania,5797837049.22916
2008,JOR,Jordania,6095034327.20091
2009,JOR,Jordania,6216032522.69608
2010,JOR,Jordania,6340576387.74692
2011,JOR,Jordania,6587379959.80078
2012,JOR,Jordania,6743969560.71423
2013,JOR,Jordania,6877002430.90848
2014,JOR,Jordania,6986464489.85112
2015,JOR,Jordania,7085197183.09859
2016,JOR,Jordania,7180832159.21622
2017,JOR,Jordania,7271454465.79647
2018,JOR,Jordania,7396785284.76334
2019,JOR,Jordania,7565371499.28872
2020,JOR,Jordania,7489577112.73681
2021,JOR,Jordania,7663379205.63523
2022,JOR,Jordania,7918754030.03841
2023,JOR,Jordania,8197253716.92712
1970,JPN,Japón,290091333621.749
1971,JPN,Japón,303939786573.396
1972,JPN,Japón,331481719007.583
1973,JPN,Japón,373423714940.61
1974,JPN,Japón,363691856094.076
1975,JPN,Japón,345019037484.826
1976,JPN,Japón,374718723125.13
1977,JPN,Japón,386750245749.12
1978,JPN,Japón,397978400159.606
1979,JPN,Japón,432658018694.712
1980,JPN,Japón,447734384037.74
1981,JPN,Japón,463674234047.734
1982,JPN,Japón,475846864315.215
1983,JPN,Japón,485090846519.806
1984,JPN,Japón,510449381167.637
1985,JPN,Japón,561744556696.975
1986,JPN,Japón,559400367683.51
1987,JPN,Japón,579285951558.716
1988,JPN,Japón,625750445988.216
1989,JPN,Japón,666024756746.388
1990,JPN,Japón,715811773815.576
1991,JPN,Japón,751757911200.105
1992,JPN,Japón,736896134023.682
1993,JPN,Japón,709925890018.891
1994,JPN,Japón,699490119578.732
1995,JPN,Japón,734122146862.287
1996,JPN,Japón,763714685442.844
1997,JPN,Japón,781748619688.376
1998,JPN,Japón,749978361071.573
1999,JPN,Japón,743153571534.611
2000,JPN,Japón,781661874391.03
2001,JPN,Japón,741228652079.204
2002,JPN,Japón,731186025083.524
2003,JPN,Japón,762996764839.089
2004,JPN,Japón,804202433370.145
2005,JPN,Japón,843693023450.804
2006,JPN,Japón,876004407493.913
2007,JPN,Japón,921290409583.019
2008,JPN,Japón,918997029150.311
2009,JPN,Japón,754326365832.865
2010,JPN,Japón,877804578950.279
2011,JPN,Japón,851654589455.852
2012,JPN,Japón,869501814775.667
2013,JPN,Japón,864473065966.626
2014,JPN,Japón,884300562503.012
2015,JPN,Japón,909542617885.21
2016,JPN,Japón,910495163864.646
2017,JPN,Japón,948146753641.555
2018,JPN,Japón,980530838505.297
2019,JPN,Japón,962765401608.695
2020,JPN,Japón,907776318402.094
2021,JPN,Japón,997477565024.084
2022,JPN,Japón,987249881394.065
2023,JPN,Japón,995261938509.108
1990,KAZ,Kazajstán,9738146922.09888
1991,KAZ,Kazajstán,10413535552.1785
1992,KAZ,Kazajstán,9379575570.39865
1993,KAZ,Kazajstán,9485620127.31501
1994,KAZ,Kazajstán,7462764699.49665
1995,KAZ,Kazajstán,7023754728.96388
1996,KAZ,Kazajstán,7096093838.67574
1997,KAZ,Kazajstán,7528421050.58384
1998,KAZ,Kazajstán,7280928216.7995
1999,KAZ,Kazajstán,7426545662.80182
2000,KAZ,Kazajstán,8466262578.31177
2001,KAZ,Kazajstán,9626141218.6819
2002,KAZ,Kazajstán,10357728167.389
2003,KAZ,Kazajstán,11175988429.6106
2004,KAZ,Kazajstán,12304762937.17
2005,KAZ,Kazajstán,13178401614.2333
2006,KAZ,Kazajstán,14219494724.6609
2007,KAZ,Kazajstán,15300173834.3547
2008,KAZ,Kazajstán,14841162816.9266
2009,KAZ,Kazajstán,14425614058.5405
2010,KAZ,Kazajstán,16387497570.5011
2011,KAZ,Kazajstán,17545405917.2705
2012,KAZ,Kazajstán,18074232429.902
2013,KAZ,Kazajstán,18607100165.83
2014,KAZ,Kazajstán,18900158257.5508
2015,KAZ,Kazajstán,18946663409.4275
2016,KAZ,Kazajstán,19284927351.0386
2017,KAZ,Kazajstán,20546765462.1391
2018,KAZ,Kazajstán,21470927345.0168
2019,KAZ,Kazajstán,22722732889.2631
2020,KAZ,Kazajstán,23632127663.9326
2021,KAZ,Kazajstán,24744631315.5656
2022,KAZ,Kazajstán,25627246773.4528
2023,KAZ,Kazajstán,26666933304.5592
1970,KEN,Kenia,904978807.657088
1971,KEN,Kenia,1026802877.91726
1972,KEN,Kenia,1113820070.96025
1973,KEN,Kenia,1274854298.0914
1974,KEN,Kenia,1348661652.1831
1975,KEN,Kenia,1348661652.1831
1976,KEN,Kenia,1596922752.34363
1977,KEN,Kenia,1851893611.95788
1978,KEN,Kenia,2086735193.18074
1979,KEN,Kenia,2241059660.84809
1980,KEN,Kenia,2355125571.73265
1981,KEN,Kenia,2442352444.75196
1982,KEN,Kenia,2496030520.46234
1983,KEN,Kenia,2610096431.34691
1984,KEN,Kenia,2724162342.23147
1985,KEN,Kenia,2844938012.56976
1986,KEN,Kenia,3012681999.16471
1987,KEN,Kenia,3180425985.74959
1988,KEN,Kenia,3375009010.19973
1989,KEN,Kenia,3569592034.6398
1990,KEN,Kenia,3757465299.62614
1991,KEN,Kenia,3905080007.81963
1992,KEN,Kenia,3952048324.06621
1993,KEN,Kenia,4019145918.70419
1994,KEN,Kenia,4099663032.26977
1995,KEN,Kenia,4253987499.92705
1996,KEN,Kenia,4415021727.0582
1997,KEN,Kenia,4415957975.6062
1998,KEN,Kenia,4336895455.03433
1999,KEN,Kenia,4236003670.44038
2000,KEN,Kenia,4278683982.52521
2001,KEN,Kenia,4347339734.72921
2002,KEN,Kenia,4352434392.51247
2003,KEN,Kenia,4610706210.60224
2004,KEN,Kenia,4816349441.66246
2005,KEN,Kenia,5041019171.79398
2006,KEN,Kenia,5357122839.75541
2007,KEN,Kenia,5591536716.97821
2008,KEN,Kenia,5655401428.12235
2009,KEN,Kenia,5412554845.2086
2010,KEN,Kenia,5713369841.13279
2011,KEN,Kenia,6155359635.82956
2012,KEN,Kenia,6178015942.03342
2013,KEN,Kenia,6485754177.0289
2014,KEN,Kenia,6607599882.68545
2015,KEN,Kenia,6994642121.07783
2016,KEN,Kenia,7127371193.94807
2017,KEN,Kenia,7176977109.31422
2018,KEN,Kenia,7433709181.91021
2019,KEN,Kenia,7629931523.74984
2020,KEN,Kenia,7607924634.82886
2021,KEN,Kenia,8163896774.79333
2022,KEN,Kenia,8376077256.87262
2023,KEN,Kenia,8542821938.48492
1990,KGZ,Kirguistán,1922727425.38178
1991,KGZ,Kirguistán,1774451463.16392
1992,KGZ,Kirguistán,1768417936.70541
1993,KGZ,Kirguistán,1166184220.20244
1994,KGZ,Kirguistán,762845674.466547
1995,KGZ,Kirguistán,423700962.866318
1996,KGZ,Kirguistán,416958742.072774
1997,KGZ,Kirguistán,681550486.597827
1998,KGZ,Kirguistán,688539485.20362
1999,KGZ,Kirguistán,945120070.797594
2000,KGZ,Kirguistán,851908396.925598
2001,KGZ,Kirguistán,929204715.543768
2002,KGZ,Kirguistán,828146083.237889
2003,KGZ,Kirguistán,975921763.131828
2004,KGZ,Kirguistán,997404731.153316
2005,KGZ,Kirguistán,829543849.835011
2006,KGZ,Kirguistán,712199985.08289
2007,KGZ,Kirguistán,757372218.530029
2008,KGZ,Kirguistán,918011603.810456
2009,KGZ,Kirguistán,832585364.963072
2010,KGZ,Kirguistán,926907525.982366
2011,KGZ,Kirguistán,978064077.96558
2012,KGZ,Kirguistán,708394993.778827
2013,KGZ,Kirguistán,1030280343.39316
2014,KGZ,Kirguistán,1000848596.15649
2015,KGZ,Kirguistán,912549249.945464
2016,KGZ,Kirguistán,976172923.328327
2017,KGZ,Kirguistán,1044183159.40342
2018,KGZ,Kirguistán,1096483609.69497
2019,KGZ,Kirguistán,1182916718.57167
2020,KGZ,Kirguistán,1107947857.95837
2021,KGZ,Kirguistán,1177854756.29796
2022,KGZ,Kirguistán,1367670717.23962
2023,KGZ,Kirguistán,1395130040.50505
1970,KHM,Camboya,386996754.255082
1971,KHM,Camboya,367704966.047862
1972,KHM,Camboya,347640320.708425
1973,KHM,Camboya,281743337.124411
1974,KHM,Camboya,267047057.605942
1975,KHM,Camboya,263535167.810924
1976,KHM,Camboya,263637679.169896
1977,KHM,Camboya,224534339.406515
1978,KHM,Camboya,224581069.355743
1979,KHM,Camboya,196116343.918521
1980,KHM,Camboya,185223585.055469
1981,KHM,Camboya,185408625.672062
1982,KHM,Camboya,183021215.387612
1983,KHM,Camboya,193140781.171716
1984,KHM,Camboya,204601661.343491
1985,KHM,Camboya,213827006.519984
1986,KHM,Camboya,221398818.846588
1987,KHM,Camboya,247554157.83307
1988,KHM,Camboya,327082250.137479
1989,KHM,Camboya,327901001.945798
1990,KHM,Camboya,313800276.360029
1991,KHM,Camboya,335124212.342653
1992,KHM,Camboya,345185762.341019
1993,KHM,Camboya,372786795.520247
1994,KHM,Camboya,391008848.0096
1995,KHM,Camboya,437009441.026442
1996,KHM,Camboya,511565277.184374
1997,KHM,Camboya,652291923.32341
1998,KHM,Camboya,745444426.312256
1999,KHM,Camboya,897665159.358366
2000,KHM,Camboya,1170837402.44103
2001,KHM,Camboya,1327078762.40064
2002,KHM,Camboya,1500277452.523
2003,KHM,Camboya,1679565426.84298
2004,KHM,Camboya,1948987164.76933
2005,KHM,Camboya,2142887941.50125
2006,KHM,Camboya,2482797725.38824
2007,KHM,Camboya,2724078870.78147
2008,KHM,Camboya,2881367246.28144
2009,KHM,Camboya,2876841162.41389
2010,KHM,Camboya,3301477402.95631
2011,KHM,Camboya,3787235716.10641
2012,KHM,Camboya,4118370503.585
2013,KHM,Camboya,4561662863.70221
2014,KHM,Camboya,4941325140.99855
2015,KHM,Camboya,5428817663.75957
2016,KHM,Camboya,5910135244.25121
2017,KHM,Camboya,6530893728.48159
2018,KHM,Camboya,7325759405.31195
2019,KHM,Camboya,8098334146.14752
2020,KHM,Camboya,8031214067.35418
2021,KHM,Camboya,9229245891.87436
2022,KHM,Camboya,10208736803.3629
2023,KHM,Camboya,11162767653.4406
1970,KIR,Kiribati,804790824.628767
1971,KIR,Kiribati,656588359.345541
1972,KIR,Kiribati,486349424.013155
1973,KIR,Kiribati,509288357.078085
1974,KIR,Kiribati,733403649.010661
1975,KIR,Kiribati,573444032.772504
1976,KIR,Kiribati,311735969.455823
1977,KIR,Kiribati,220782686.816326
1978,KIR,Kiribati,170820762.700347
1979,KIR,Kiribati,2605572.44739094
1980,KIR,Kiribati,2755604.94075892
1981,KIR,Kiribati,3261355.9122122
1982,KIR,Kiribati,3307696.09065883
1983,KIR,Kiribati,3494967.59280569
1984,KIR,Kiribati,3638063.82697462
1985,KIR,Kiribati,3925228.55600427
1986,KIR,Kiribati,3972954.03727158
1987,KIR,Kiribati,4089355.45610092
1988,KIR,Kiribati,4299638.12745054
1989,KIR,Kiribati,4224892.49457514
1990,KIR,Kiribati,4530096.89480603
1991,KIR,Kiribati,4557653.77629486
1992,KIR,Kiribati,4528732.58142202
1993,KIR,Kiribati,4790817.93211348
1994,KIR,Kiribati,4857382.18242124
1995,KIR,Kiribati,5230532.38766688
1996,KIR,Kiribati,5356155.66542486
1997,KIR,Kiribati,5339923.33464607
1998,KIR,Kiribati,5069642.35855494
1999,KIR,Kiribati,5327469.10246916
2000,KIR,Kiribati,5519290.06501578
2001,KIR,Kiribati,5705478.36230556
2002,KIR,Kiribati,6083181.02644192
2003,KIR,Kiribati,5856135.29141468
2004,KIR,Kiribati,6070714.05067845
2005,KIR,Kiribati,6385952.90088648
2006,KIR,Kiribati,6848677.02639717
2007,KIR,Kiribati,6768633.80962901
2008,KIR,Kiribati,6592414.74513812
2009,KIR,Kiribati,6594914.73697092
2010,KIR,Kiribati,6652386.06346106
2011,KIR,Kiribati,6605723.54723689
2012,KIR,Kiribati,7214698.31939998
2013,KIR,Kiribati,7797723.40122552
2014,KIR,Kiribati,8086039.55078146
2015,KIR,Kiribati,8734785.55733398
2016,KIR,Kiribati,9326767.13163873
2017,KIR,Kiribati,10241211.6704821
2018,KIR,Kiribati,11437866.6816766
2019,KIR,Kiribati,11651857.7367135
2020,KIR,Kiribati,11773999.0168513
2021,KIR,Kiribati,12078287.3780957
2022,KIR,Kiribati,11952448.2089891
2023,KIR,Kiribati,12346668.0605449
1970,KNA,Saint Kitts y Nevis,24930590.0569893
1971,KNA,Saint Kitts y Nevis,26511942.018034
1972,KNA,Saint Kitts y Nevis,27831842.1734483
1973,KNA,Saint Kitts y Nevis,28918516.7036359
1974,KNA,Saint Kitts y Nevis,30446842.8958839
1975,KNA,Saint Kitts y Nevis,31493473.0135315
1976,KNA,Saint Kitts y Nevis,33118569.3774252
1977,KNA,Saint Kitts y Nevis,34988231.6579528
1978,KNA,Saint Kitts y Nevis,37776219.2471356
1979,KNA,Saint Kitts y Nevis,38262260.6670415
1980,KNA,Saint Kitts y Nevis,40705968.9171243
1981,KNA,Saint Kitts y Nevis,36122328.3044
1982,KNA,Saint Kitts y Nevis,38849560.7160946
1983,KNA,Saint Kitts y Nevis,35717293.7878117
1984,KNA,Saint Kitts y Nevis,40354939.0027478
1985,KNA,Saint Kitts y Nevis,38984572.221624
1986,KNA,Saint Kitts y Nevis,42380111.5856893
1987,KNA,Saint Kitts y Nevis,42535374.8170481
1988,KNA,Saint Kitts y Nevis,44169014.0339543
1989,KNA,Saint Kitts y Nevis,45060089.9704485
1990,KNA,Saint Kitts y Nevis,41718555.208595
1991,KNA,Saint Kitts y Nevis,40300934.400536
1992,KNA,Saint Kitts y Nevis,41529539.1008538
1993,KNA,Saint Kitts y Nevis,42380111.5856893
1994,KNA,Saint Kitts y Nevis,42704139.1989599
1995,KNA,Saint Kitts y Nevis,44803568.1099426
1996,KNA,Saint Kitts y Nevis,47031257.9511783
1997,KNA,Saint Kitts y Nevis,53680574.5985029
1998,KNA,Saint Kitts y Nevis,52215699.7635085
1999,KNA,Saint Kitts y Nevis,54949682.7504796
2000,KNA,Saint Kitts y Nevis,63846940.9648692
2001,KNA,Saint Kitts y Nevis,82350267.7976781
2002,KNA,Saint Kitts y Nevis,62274056.9254513
2003,KNA,Saint Kitts y Nevis,67904036.7060287
2004,KNA,Saint Kitts y Nevis,73243741.7497178
2005,KNA,Saint Kitts y Nevis,79022234.1863776
2006,KNA,Saint Kitts y Nevis,69193396.5838348
2007,KNA,Saint Kitts y Nevis,73426007.2821826
2008,KNA,Saint Kitts y Nevis,80946148.140172
2009,KNA,Saint Kitts y Nevis,79251753.7457776
2010,KNA,Saint Kitts y Nevis,72447173.8670942
2011,KNA,Saint Kitts y Nevis,65818108.945599
2012,KNA,Saint Kitts y Nevis,60269136.0683392
2013,KNA,Saint Kitts y Nevis,61450486.7417218
2014,KNA,Saint Kitts y Nevis,62658839.7162102
2015,KNA,Saint Kitts y Nevis,62692592.5925926
2016,KNA,Saint Kitts y Nevis,56016273.6441621
2017,KNA,Saint Kitts y Nevis,54821421.8202266
2018,KNA,Saint Kitts y Nevis,59155291.1477214
2019,KNA,Saint Kitts y Nevis,60836184.3915629
2020,KNA,Saint Kitts y Nevis,48860663.8511021
2021,KNA,Saint Kitts y Nevis,43811233.5443013
2022,KNA,Saint Kitts y Nevis,46133431.4394075
2023,KNA,Saint Kitts y Nevis,42278852.9565422
1970,KOR,Corea del Sur,5641469007.11726
1971,KOR,Corea del Sur,6618025535.80575
1972,KOR,Corea del Sur,7615720031.38968
1973,KOR,Corea del Sur,9938089688.89047
1974,KOR,Corea del Sur,11582816474.05
1975,KOR,Corea del Sur,13067736721.1038
1976,KOR,Corea del Sur,15826285255.6629
1977,KOR,Corea del Sur,18429851269.4575
1978,KOR,Corea del Sur,23113972107.8452
1979,KOR,Corea del Sur,25549223771.1321
1980,KOR,Corea del Sur,25241714592.9767
1981,KOR,Corea del Sur,27632936134.3486
1982,KOR,Corea del Sur,29119785988.3388
1983,KOR,Corea del Sur,34120186945.5024
1984,KOR,Corea del Sur,40982570886.9958
1985,KOR,Corea del Sur,43981969450.9943
1986,KOR,Corea del Sur,51251851293.717
1987,KOR,Corea del Sur,61667957246.4257
1988,KOR,Corea del Sur,70070342942.0697
1989,KOR,Corea del Sur,73209111752.5283
1990,KOR,Corea del Sur,81591850541.1823
1991,KOR,Corea del Sur,93361926597.4804
1992,KOR,Corea del Sur,99246613788.0046
1993,KOR,Corea del Sur,106431943763.145
1994,KOR,Corea del Sur,119101742908.296
1995,KOR,Corea del Sur,135057750375.737
1996,KOR,Corea del Sur,146991667602.826
1997,KOR,Corea del Sur,156061171042.067
1998,KOR,Corea del Sur,144637634849.685
1999,KOR,Corea del Sur,172922602709.763
2000,KOR,Corea del Sur,200446165214.574
2001,KOR,Corea del Sur,206293839035.679
2002,KOR,Corea del Sur,225360285175.374
2003,KOR,Corea del Sur,236135999693.524
2004,KOR,Corea del Sur,260075054185.541
2005,KOR,Corea del Sur,273100778101.073
2006,KOR,Corea del Sur,294171121044.337
2007,KOR,Corea del Sur,317403588559.966
2008,KOR,Corea del Sur,327928717304.588
2009,KOR,Corea del Sur,322467315708.41
2010,KOR,Corea del Sur,367699144197.828
2011,KOR,Corea del Sur,386639376501.993
2012,KOR,Corea del Sur,393404227583.786
2013,KOR,Corea del Sur,407181007144.653
2014,KOR,Corea del Sur,420802277928.317
2015,KOR,Corea del Sur,428233369659.645
2016,KOR,Corea del Sur,437116139773.075
2017,KOR,Corea del Sur,455715445615.321
2018,KOR,Corea del Sur,471158177637.649
2019,KOR,Corea del Sur,473493177449.643
2020,KOR,Corea del Sur,464009861031.926
2021,KOR,Corea del Sur,494062524264.663
2022,KOR,Corea del Sur,506283075831.231
2023,KOR,Corea del Sur,514862020561.566
1990,KOS,Kosovo,924429646.41941
1991,KOS,Kosovo,811805024.918639
1992,KOS,Kosovo,611404883.518423
1993,KOS,Kosovo,471176465.730028
1994,KOS,Kosovo,438186699.137053
1995,KOS,Kosovo,509469516.690666
1996,KOS,Kosovo,592796640.432914
1997,KOS,Kosovo,429415664.985324
1998,KOS,Kosovo,421147758.577839
1999,KOS,Kosovo,326383955.96993
2000,KOS,Kosovo,375722027.370175
2001,KOS,Kosovo,466168012.814761
2002,KOS,Kosovo,496976243.721444
2003,KOS,Kosovo,446178567.478299
2004,KOS,Kosovo,480487690.349983
2005,KOS,Kosovo,615661919.344182
2006,KOS,Kosovo,438373572.498449
2007,KOS,Kosovo,422397498.084771
2008,KOS,Kosovo,637821685.525893
2009,KOS,Kosovo,688547886.537888
2010,KOS,Kosovo,680171020.455904
2011,KOS,Kosovo,692861139.209227
2012,KOS,Kosovo,737401517.116578
2013,KOS,Kosovo,805831526.145985
2014,KOS,Kosovo,811986564.770378
2015,KOS,Kosovo,835091519.822265
2016,KOS,Kosovo,857509227.347916
2017,KOS,Kosovo,893201923.608373
2018,KOS,Kosovo,947107525.853698
2019,KOS,Kosovo,958015770.712146
2020,KOS,Kosovo,969442961.925648
2021,KOS,Kosovo,1072379980.47212
2022,KOS,Kosovo,1175230583.75866
2023,KOS,Kosovo,1257978538.9999
1970,KWT,Kuwait,2557641221.40725
1971,KWT,Kuwait,2848282269.53704
1972,KWT,Kuwait,3042042968.29024
1973,KWT,Kuwait,3429564365.79663
1974,KWT,Kuwait,3894590042.09266
1975,KWT,Kuwait,4940897814.64827
1976,KWT,Kuwait,4921521747.61952
1977,KWT,Kuwait,5057154234.61183
1978,KWT,Kuwait,5812820959.03765
1979,KWT,Kuwait,5774068821.42193
1980,KWT,Kuwait,5619060260.28445
1981,KWT,Kuwait,5464051702.70518
1982,KWT,Kuwait,6025957728.3778
1983,KWT,Kuwait,5774068821.42193
1984,KWT,Kuwait,5987205590.76209
1985,KWT,Kuwait,6006581657.79084
1986,KWT,Kuwait,6064709869.55173
1987,KWT,Kuwait,6723496244.60095
1988,KWT,Kuwait,7169145850.31001
1989,KWT,Kuwait,6510359475.26079
1990,KWT,Kuwait,3980726401.1094
1991,KWT,Kuwait,1003886638.8847
1992,KWT,Kuwait,3327864278.20353
1993,KWT,Kuwait,4347407134.15733
1994,KWT,Kuwait,5722024290.85862
1995,KWT,Kuwait,6125257018.51318
1996,KWT,Kuwait,6567200459.12941
1997,KWT,Kuwait,7626147764.68378
1998,KWT,Kuwait,6997470445.04495
1999,KWT,Kuwait,6495400126.0533705
2000,KWT,Kuwait,4247655076.32493
2001,KWT,Kuwait,3992795774.02269
2002,KWT,Kuwait,5086566955.8917
2003,KWT,Kuwait,5973264952.86104
2004,KWT,Kuwait,6642270628.52084
2005,KWT,Kuwait,6982083032.77657
2006,KWT,Kuwait,7059602739.95479
2007,KWT,Kuwait,6607758429.85149
2008,KWT,Kuwait,7709493965.807
2009,KWT,Kuwait,6909341941.60845
2010,KWT,Kuwait,7034576623.3844805
2011,KWT,Kuwait,8272832903.06976
2012,KWT,Kuwait,9888259198.98102
2013,KWT,Kuwait,9760163721.7722
2014,KWT,Kuwait,8475650741.98373
2015,KWT,Kuwait,7995292702.45065
2016,KWT,Kuwait,9586096201.07621
2017,KWT,Kuwait,10251481041.022
2018,KWT,Kuwait,10481570232.6816
2019,KWT,Kuwait,9463541828.20558
2020,KWT,Kuwait,12415407686.9998
2021,KWT,Kuwait,15217085993.1531
2022,KWT,Kuwait,13823136446.4226
2023,KWT,Kuwait,11435484883.1257
1970,LAO,Lao,32716789.2487619
1971,LAO,Lao,34350284.5168356
1972,LAO,Lao,35538353.6960204
1973,LAO,Lao,38634291.0178685
1974,LAO,Lao,40059040.1358597
1975,LAO,Lao,42696014.6880291
1976,LAO,Lao,43988662.7376097
1977,LAO,Lao,43120287.6526552
1978,LAO,Lao,43490900.2093963
1979,LAO,Lao,42768840.7444964
1980,LAO,Lao,46711067.2944822
1981,LAO,Lao,54323790.4639458
1982,LAO,Lao,58042171.3646237
1983,LAO,Lao,60210370.5144186
1984,LAO,Lao,66306093.6547693
1985,LAO,Lao,65553441.9640374
1986,LAO,Lao,74906492.2068755
1987,LAO,Lao,69946144.3656023
1988,LAO,Lao,65542962.3559234
1989,LAO,Lao,91417114.7926153
1990,LAO,Lao,105603010.978075
1991,LAO,Lao,136933546.0401
1992,LAO,Lao,149814731.015171
1993,LAO,Lao,161310982.166563
1994,LAO,Lao,172559391.741917
1995,LAO,Lao,203024518.423961
1996,LAO,Lao,239746465.953396
1997,LAO,Lao,262035964.490288
1998,LAO,Lao,287235461.97024
1999,LAO,Lao,307626064.371828
2000,LAO,Lao,329762561.343614
2001,LAO,Lao,369651257.017752
2002,LAO,Lao,398648780.462676
2003,LAO,Lao,421083433.3436
2004,LAO,Lao,484748273.603133
2005,LAO,Lao,501882110.152634
2006,LAO,Lao,521528220.227589
2007,LAO,Lao,634076382.085745
2008,LAO,Lao,693467764.672014
2009,LAO,Lao,740623518.274914
2010,LAO,Lao,792467089.894519
2011,LAO,Lao,869556512.014807
2012,LAO,Lao,995978546.067456
2013,LAO,Lao,1030996181.89903
2014,LAO,Lao,1131549910.739
2015,LAO,Lao,1181536317.22842
2016,LAO,Lao,1218652231.99347
2017,LAO,Lao,1272625104.24662
2018,LAO,Lao,1352059251.32584
2019,LAO,Lao,1442796693.10126
2020,LAO,Lao,1628230099.63787
2021,LAO,Lao,1677451287.84802
2022,LAO,Lao,1756087390.04088
2023,LAO,Lao,1842059736.24033
1970,LBN,Líbano,1908031081.80828
1971,LBN,Líbano,2131253813.75513
1972,LBN,Líbano,2389774461.80699
1973,LBN,Líbano,2589951522.14011
1974,LBN,Líbano,2560354872.73464
1975,LBN,Líbano,1736417439.87404
1976,LBN,Líbano,870687189.028697
1977,LBN,Líbano,1255203999.62591
1978,LBN,Líbano,1216749341.28568
1979,LBN,Líbano,1331490789.19042
1980,LBN,Líbano,1283309937.72686
1981,LBN,Líbano,1384879336.66205
1982,LBN,Líbano,875467975.403776
1983,LBN,Líbano,1074541095.3218
1984,LBN,Líbano,1552128204.55691
1985,LBN,Líbano,1929325175.96189
1986,LBN,Líbano,1798267051.24045
1987,LBN,Líbano,2098554190.81742
1988,LBN,Líbano,1543968137.17959
1989,LBN,Líbano,858915941.462105
1990,LBN,Líbano,1097182512.69497
1991,LBN,Líbano,1563541262.66129
1992,LBN,Líbano,1671930214.29444
1993,LBN,Líbano,1720531754.07716
1994,LBN,Líbano,1859962276.66845
1995,LBN,Líbano,1948045280.26956
1996,LBN,Líbano,2192932128.92815
1997,LBN,Líbano,2218703202.27713
1998,LBN,Líbano,2395307870.50203
1999,LBN,Líbano,2524709835.79563
2000,LBN,Líbano,2501197532.90292
2001,LBN,Líbano,2502612834.97121
2002,LBN,Líbano,2549692861.44942
2003,LBN,Líbano,2678713404.72481
2004,LBN,Líbano,2848303716.50205
2005,LBN,Líbano,3006348003.2877
2006,LBN,Líbano,3018397413.96146
2007,LBN,Líbano,3608347959.49649
2008,LBN,Líbano,3889243366.20369
2009,LBN,Líbano,3811902075.73883
2010,LBN,Líbano,4041955958.51359
2011,LBN,Líbano,4095485273.80623
2012,LBN,Líbano,4181156828.48468
2013,LBN,Líbano,4414634947.37812
2014,LBN,Líbano,4208158700.81538
2015,LBN,Líbano,4018582380.7927
2016,LBN,Líbano,3813247279.35045
2017,LBN,Líbano,3763021966.43542
2018,LBN,Líbano,3622948791.70742
2019,LBN,Líbano,3081829850.00825
2020,LBN,Líbano,1606232589.30133
2021,LBN,Líbano,1886670571.63423
2022,LBN,Líbano,1825199199.54511
2023,LBN,Líbano,1579301227.28691
1970,LBR,Liberia,93159931.2661297
1971,LBR,Liberia,101467186.502543
1972,LBR,Liberia,107994315.038867
1973,LBR,Liberia,123422076.064134
1974,LBR,Liberia,153539423.626606
1975,LBR,Liberia,136413872.0007
1976,LBR,Liberia,165350148.676576
1977,LBR,Liberia,172436584.111158
1978,LBR,Liberia,181294627.392885
1979,LBR,Liberia,194876960.29
1980,LBR,Liberia,153539423.626606
1981,LBR,Liberia,139366553.768943
1982,LBR,Liberia,146235174.817982
1983,LBR,Liberia,144905764.422878
1984,LBR,Liberia,151331250.359382
1985,LBR,Liberia,148893997.631191
1986,LBR,Liberia,144241059.225325
1987,LBR,Liberia,146456744.902999
1988,LBR,Liberia,161080262.283648
1989,LBR,Liberia,163517515.011839
1990,LBR,Liberia,122913691.110035
1991,LBR,Liberia,106641338.71692
1992,LBR,Liberia,58719974.8965812
1993,LBR,Liberia,36559652.7208648
1994,LBR,Liberia,26147525.6770365
1995,LBR,Liberia,8257459.09174604
1996,LBR,Liberia,4321199.78758513
1997,LBR,Liberia,6131573.37197119
1998,LBR,Liberia,7007717.47060856
1999,LBR,Liberia,353838.881632323
2000,LBR,Liberia,4636499.50797533
2001,LBR,Liberia,74790789.962045
2002,LBR,Liberia,77022576.6966112
2003,LBR,Liberia,40055326.9039738
2004,LBR,Liberia,57769937.6889383
2005,LBR,Liberia,57604896.2925426
2006,LBR,Liberia,91344249.3297791
2007,LBR,Liberia,105103306.448212
2008,LBR,Liberia,118149099.288917
2009,LBR,Liberia,120280543.201155
2010,LBR,Liberia,142761362.184227
2011,LBR,Liberia,166268870.855929
2012,LBR,Liberia,156292979.483181
2013,LBR,Liberia,133725809.757187
2014,LBR,Liberia,107183856.73829
2015,LBR,Liberia,131437377
2016,LBR,Liberia,124130596.406893
2017,LBR,Liberia,124170039.849129
2018,LBR,Liberia,128064713.354068
2019,LBR,Liberia,123611068.768869
2020,LBR,Liberia,129961440.715876
2021,LBR,Liberia,155627426.648635
2022,LBR,Liberia,144597055.636443
2023,LBR,Liberia,191058190.756053
1970,LBY,Libia,200386756.115659
1971,LBY,Libia,192759254.529
1972,LBY,Libia,205271054.841352
1973,LBY,Libia,209763444.25554
1974,LBY,Libia,274033075.650029
1975,LBY,Libia,246240915.381235
1976,LBY,Libia,330075609.27833
1977,LBY,Libia,455263738.567319
1978,LBY,Libia,530075863.99539
1979,LBY,Libia,511278847.036484
1980,LBY,Libia,590226316.346191
1981,LBY,Libia,655636413.288681
1982,LBY,Libia,722274868.746658
1983,LBY,Libia,839276026.764063
1984,LBY,Libia,907142841.422419
1985,LBY,Libia,1146979860.57701
1986,LBY,Libia,1017078234.53299
1987,LBY,Libia,868645744.94991
1988,LBY,Libia,931264691.061983
1989,LBY,Libia,1001403346.23529
1990,LBY,Libia,1042967771.73279
1991,LBY,Libia,1185143226.6349
1992,LBY,Libia,1179507567.03703
1993,LBY,Libia,1143370952.6347
1994,LBY,Libia,1070658367.89054
1995,LBY,Libia,1207672471.26438
1996,LBY,Libia,1189131571.99232
1997,LBY,Libia,1286235604.12138
1998,LBY,Libia,1265180683.52946
1999,LBY,Libia,1311375806.36166
2000,LBY,Libia,1239411977.15777
2001,LBY,Libia,1171533430.28715
2002,LBY,Libia,1224821707.57089
2003,LBY,Libia,1410551516.36904
2004,LBY,Libia,1487533900.3938
2005,LBY,Libia,1577350094.57644
2006,LBY,Libia,2963593986.89554
2007,LBY,Libia,3144121235.54032
2008,LBY,Libia,3237648211.34783
2009,LBY,Libia,3329156619.28289
2010,LBY,Libia,2765707054.95857
2011,LBY,Libia,1305340523.50559
2012,LBY,Libia,1853247115.34897
2013,LBY,Libia,1911045440.63587
2014,LBY,Libia,2224259880.17007
2015,LBY,Libia,2017289393.49194
2016,LBY,Libia,1977860035.43346
2017,LBY,Libia,1799418639.89161
2018,LBY,Libia,1798476641.87075
2019,LBY,Libia,1426858305.86603
2020,LBY,Libia,693876507.192954
2021,LBY,Libia,893770296.021782
2022,LBY,Libia,790228412.739772
2023,LBY,Libia,865963558.496363
1970,LCA,Santa Lucía,8034946.91952937
1971,LCA,Santa Lucía,8428916.42842681
1972,LCA,Santa Lucía,8660605.90762862
1973,LCA,Santa Lucía,8797890.67872489
1974,LCA,Santa Lucía,9230665.43384851
1975,LCA,Santa Lucía,9736565.65296619
1976,LCA,Santa Lucía,11569809.5124969
1977,LCA,Santa Lucía,12217208.6567231
1978,LCA,Santa Lucía,14002909.4418573
1979,LCA,Santa Lucía,14002909.4418573
1980,LCA,Santa Lucía,15326872.115363
1981,LCA,Santa Lucía,14624842.1335853
1982,LCA,Santa Lucía,13658962.0049043
1983,LCA,Santa Lucía,16193808.9707768
1984,LCA,Santa Lucía,18516633.2186003
1985,LCA,Santa Lucía,24165855.5821016
1986,LCA,Santa Lucía,28816216.3712852
1987,LCA,Santa Lucía,30173160.4904277
1988,LCA,Santa Lucía,32613775.0583789
1989,LCA,Santa Lucía,32708007.4563002
1990,LCA,Santa Lucía,36571528.6801197
1991,LCA,Santa Lucía,35506704.5690761
1992,LCA,Santa Lucía,35831806.0228116
1993,LCA,Santa Lucía,35092083.0109559
1994,LCA,Santa Lucía,33452442.0525972
1995,LCA,Santa Lucía,35337086.4655463
1996,LCA,Santa Lucía,35007273.7819172
1997,LCA,Santa Lucía,31332216.9993926
1998,LCA,Santa Lucía,33626771.3860206
1999,LCA,Santa Lucía,33631483.3250096
2000,LCA,Santa Lucía,34719865.3582597
2001,LCA,Santa Lucía,34752793.9762885
2002,LCA,Santa Lucía,33267716.3168433
2003,LCA,Santa Lucía,34084344.27122
2004,LCA,Santa Lucía,39902819.5541158
2005,LCA,Santa Lucía,39112534.4941621
2006,LCA,Santa Lucía,39929162.4485388
2007,LCA,Santa Lucía,40659530.7192189
2008,LCA,Santa Lucía,42393268.9928236
2009,LCA,Santa Lucía,43176819.4191357
2010,LCA,Santa Lucía,44400008.9986727
2011,LCA,Santa Lucía,45094922.4989314
2012,LCA,Santa Lucía,47977395.3341882
2013,LCA,Santa Lucía,52210694.9224989
2014,LCA,Santa Lucía,52189422.0602461
2015,LCA,Santa Lucía,52533333.3333333
2016,LCA,Santa Lucía,54228071.3594745
2017,LCA,Santa Lucía,54033070.122157
2018,LCA,Santa Lucía,57387091.4040179
2019,LCA,Santa Lucía,57312636.386133
2020,LCA,Santa Lucía,57195635.6437425
2021,LCA,Santa Lucía,59578196.2160581
2022,LCA,Santa Lucía,61974938.6965423
2023,LCA,Santa Lucía,69360167.3753121
1970,LIE,Liechtenstein,353994998.745922
1971,LIE,Liechtenstein,359963290.973609
1972,LIE,Liechtenstein,366005633.889861
1973,LIE,Liechtenstein,371862504.587559
1974,LIE,Liechtenstein,378478664.746447
1975,LIE,Liechtenstein,384748046.564682
1976,LIE,Liechtenstein,401851437.415097
1977,LIE,Liechtenstein,423658781.748678
1978,LIE,Liechtenstein,442163487.193171
1979,LIE,Liechtenstein,457835671.971814
1980,LIE,Liechtenstein,496318565.313893
1981,LIE,Liechtenstein,502889609.260801
1982,LIE,Liechtenstein,477334890.684747
1983,LIE,Liechtenstein,471945844.940526
1984,LIE,Liechtenstein,479807950.926819
1985,LIE,Liechtenstein,515593466.499337
1986,LIE,Liechtenstein,539698812.607938
1987,LIE,Liechtenstein,588542007.745019
1988,LIE,Liechtenstein,596557769.039969
1989,LIE,Liechtenstein,633270864.953068
1990,LIE,Liechtenstein,623831340.581957
1991,LIE,Liechtenstein,646001138.955168
1992,LIE,Liechtenstein,643664035.216192
1993,LIE,Liechtenstein,641832730.982916
1994,LIE,Liechtenstein,669521911.17021
1995,LIE,Liechtenstein,679093238.805069
1996,LIE,Liechtenstein,691765691.652102
1997,LIE,Liechtenstein,756386784.342003
1998,LIE,Liechtenstein,1726597215.31139
1999,LIE,Liechtenstein,1722322812.9718
2000,LIE,Liechtenstein,1733212105.70334
2001,LIE,Liechtenstein,1832480916.5375
2002,LIE,Liechtenstein,1855949506.73432
2003,LIE,Liechtenstein,1845752946.68639
2004,LIE,Liechtenstein,1881745906.01763
2005,LIE,Liechtenstein,1963128571.82891
2006,LIE,Liechtenstein,2101688014.03725
2007,LIE,Liechtenstein,2245588178.10961
2008,LIE,Liechtenstein,2294658791.41621
2009,LIE,Liechtenstein,2107450560.3779
2010,LIE,Liechtenstein,2170501386.73363
2011,LIE,Liechtenstein,2245757209.85956
2012,LIE,Liechtenstein,2234077735.54629
2013,LIE,Liechtenstein,2286955329.4056
2014,LIE,Liechtenstein,2303941646.08103
2015,LIE,Liechtenstein,2282345702.35767
2016,LIE,Liechtenstein,2364892927.33836
2017,LIE,Liechtenstein,2563426802.05121
2018,LIE,Liechtenstein,2440779759.17398
2019,LIE,Liechtenstein,2602064401.22108
2020,LIE,Liechtenstein,2285575042.85874
2021,LIE,Liechtenstein,2406576652.73149
2022,LIE,Liechtenstein,2468613186.75673
2023,LIE,Liechtenstein,2487692462.78349
1970,LKA,Sri Lanka,1423853066.39431
1971,LKA,Sri Lanka,1520526922.9217
1972,LKA,Sri Lanka,1472393156.65714
1973,LKA,Sri Lanka,1514400807.21758
1974,LKA,Sri Lanka,1949636323.61941
1975,LKA,Sri Lanka,2079034890.07482
1976,LKA,Sri Lanka,2062688162.95378
1977,LKA,Sri Lanka,2112228435.38035
1978,LKA,Sri Lanka,2146015838.84399
1979,LKA,Sri Lanka,2383465333.85924
1980,LKA,Sri Lanka,2210090008.22396
1981,LKA,Sri Lanka,2290042069.34008
1982,LKA,Sri Lanka,2275758217.91841
1983,LKA,Sri Lanka,2207745831.29955
1984,LKA,Sri Lanka,2594222467.57805
1985,LKA,Sri Lanka,2754251612.56879
1986,LKA,Sri Lanka,2920844452.96259
1987,LKA,Sri Lanka,3022425453.1993
1988,LKA,Sri Lanka,3097751671.83114
1989,LKA,Sri Lanka,3196519659.7512
1990,LKA,Sri Lanka,3493761294.29588
1991,LKA,Sri Lanka,3766175858.20015
1992,LKA,Sri Lanka,4104595631.56619
1993,LKA,Sri Lanka,4494140827.29755
1994,LKA,Sri Lanka,4875928185.29875
1995,LKA,Sri Lanka,5280416756.97029
1996,LKA,Sri Lanka,5647705860.87129
1997,LKA,Sri Lanka,6191962689.1818
1998,LKA,Sri Lanka,6561477402.26805
1999,LKA,Sri Lanka,6805677274.72173
2000,LKA,Sri Lanka,7493590076.4765
2001,LKA,Sri Lanka,7251114572.11847
2002,LKA,Sri Lanka,7355237053.79246
2003,LKA,Sri Lanka,7643228889.75768
2004,LKA,Sri Lanka,8038642969.7849
2005,LKA,Sri Lanka,8535543825.70106
2006,LKA,Sri Lanka,8657291417.73345
2007,LKA,Sri Lanka,9417000663.07125
2008,LKA,Sri Lanka,10339934532.1727
2009,LKA,Sri Lanka,10970056939.2221
2010,LKA,Sri Lanka,11789686043.4865
2011,LKA,Sri Lanka,12188389151.586
2012,LKA,Sri Lanka,12543218246.8489
2013,LKA,Sri Lanka,12817385860.8563
2014,LKA,Sri Lanka,13114931035.1117
2015,LKA,Sri Lanka,13773218213.1191
2016,LKA,Sri Lanka,14244831622.528
2017,LKA,Sri Lanka,14926819633.807
2018,LKA,Sri Lanka,15491937620.6751
2019,LKA,Sri Lanka,15806156955.7616
2020,LKA,Sri Lanka,15400887764.6146
2021,LKA,Sri Lanka,16540571648.0269
2022,LKA,Sri Lanka,14445043388.6354
2023,LKA,Sri Lanka,13988106757.8677
1970,LSO,Lesotho,18539307.1021843
1971,LSO,Lesotho,19242654.2060641
1972,LSO,Lesotho,17514096.3846875
1973,LSO,Lesotho,20226096.4549614
1974,LSO,Lesotho,21415943.5856079
1975,LSO,Lesotho,19631489.4999299
1976,LSO,Lesotho,22605790.7162544
1977,LSO,Lesotho,21415943.5856079
1978,LSO,Lesotho,22011183.9176509
1979,LSO,Lesotho,29744240.27955
1980,LSO,Lesotho,34717999.7802826
1981,LSO,Lesotho,36646777.6327583
1982,LSO,Lesotho,45219123.1397156
1983,LSO,Lesotho,48409985.1698954
1984,LSO,Lesotho,50183889.5941668
1985,LSO,Lesotho,52767742.9002729
1986,LSO,Lesotho,56289332.693671
1987,LSO,Lesotho,62958671.2370494
1988,LSO,Lesotho,74268697.9134998
1989,LSO,Lesotho,84981106.7085867
1990,LSO,Lesotho,96206744.697325
1991,LSO,Lesotho,98454659.1539234
1992,LSO,Lesotho,112880778.400446
1993,LSO,Lesotho,131418212.902925
1994,LSO,Lesotho,133282781.906661
1995,LSO,Lesotho,138031491.401876
1996,LSO,Lesotho,149664011.940395
1997,LSO,Lesotho,174218019.192186
1998,LSO,Lesotho,177129046.217129
1999,LSO,Lesotho,178707805.917078
2000,LSO,Lesotho,210092995.259712
2001,LSO,Lesotho,265544827.24976
2002,LSO,Lesotho,343905008.476138
2003,LSO,Lesotho,388862495.601701
2004,LSO,Lesotho,411956831.015238
2005,LSO,Lesotho,362662740.857626
2006,LSO,Lesotho,393635450.030578
2007,LSO,Lesotho,401830358.057745
2008,LSO,Lesotho,392128875.287159
2009,LSO,Lesotho,379040914.444478
2010,LSO,Lesotho,391440167.342145
2011,LSO,Lesotho,380308931.936592
2012,LSO,Lesotho,364481402.933336
2013,LSO,Lesotho,349611776.021395
2014,LSO,Lesotho,309850054.782296
2015,LSO,Lesotho,357024724.048374
2016,LSO,Lesotho,421086995.207174
2017,LSO,Lesotho,379847878.992742
2018,LSO,Lesotho,433618443.069474
2019,LSO,Lesotho,430293729.814894
2020,LSO,Lesotho,391047327.960513
2021,LSO,Lesotho,419845461.446397
2022,LSO,Lesotho,410270285.846584
2023,LSO,Lesotho,352189682.403853
1990,LTU,Lituania,6688589967.17581
1991,LTU,Lituania,12900161361.4789
1992,LTU,Lituania,8555077716.02849
1993,LTU,Lituania,6718137062.39116
1994,LTU,Lituania,4700642761.83817
1995,LTU,Lituania,2185368065.29067
1996,LTU,Lituania,2270999316.87118
1997,LTU,Lituania,2474825029.6636
1998,LTU,Lituania,2812287648.37926
1999,LTU,Lituania,2730932895.93529
2000,LTU,Lituania,3063294096.34204
2001,LTU,Lituania,3459849198.68632
2002,LTU,Lituania,3633903979.40393
2003,LTU,Lituania,4124332140.86541
2004,LTU,Lituania,4623698333.20598
2005,LTU,Lituania,5052749132.61513
2006,LTU,Lituania,5534989285.61637
2007,LTU,Lituania,5796339924.63315
2008,LTU,Lituania,5923267769.25684
2009,LTU,Lituania,4973613855.79604
2010,LTU,Lituania,5410611095.26328
2011,LTU,Lituania,5970950629.14082
2012,LTU,Lituania,6343685399.22015
2013,LTU,Lituania,6621724300.77762
2014,LTU,Lituania,6910736104.16495
2015,LTU,Lituania,7161677149.3289
2016,LTU,Lituania,7357661910.44844
2017,LTU,Lituania,7797509446.08413
2018,LTU,Lituania,8161893755.59
2019,LTU,Lituania,8487138709.53029
2020,LTU,Lituania,8571922889.37754
2021,LTU,Lituania,9517373090.6876
2022,LTU,Lituania,10010018618.0063
2023,LTU,Lituania,9625657972.99261
1970,LUX,Luxemburgo,1116217015.75336
1971,LUX,Luxemburgo,1109158605.40682
1972,LUX,Luxemburgo,1178919228.40486
1973,LUX,Luxemburgo,1303194307.16481
1974,LUX,Luxemburgo,1391424436.49664
1975,LUX,Luxemburgo,1117958091.11915
1976,LUX,Luxemburgo,1168166916.79156
1977,LUX,Luxemburgo,1167061098.57886
1978,LUX,Luxemburgo,1216681723.75889
1979,LUX,Luxemburgo,1260373284.02592
1980,LUX,Luxemburgo,1244633028.50931
1981,LUX,Luxemburgo,1170754999.84562
1982,LUX,Luxemburgo,1191671422.57985
1983,LUX,Luxemburgo,1232869012.00474
1984,LUX,Luxemburgo,1374413667.78337
1985,LUX,Luxemburgo,1450126882.91526
1986,LUX,Luxemburgo,1685585096.77035
1987,LUX,Luxemburgo,1629327254.52732
1988,LUX,Luxemburgo,1756393397.2866
1989,LUX,Luxemburgo,1942338820.62902
1990,LUX,Luxemburgo,1974797532.59274
1991,LUX,Luxemburgo,2000717375.82558
1992,LUX,Luxemburgo,2055414136.76005
1993,LUX,Luxemburgo,2124190085.92939
1994,LUX,Luxemburgo,2222538219.46447
1995,LUX,Luxemburgo,2270519384.0168
1996,LUX,Luxemburgo,2273383036.7875
1997,LUX,Luxemburgo,2426328279.24726
1998,LUX,Luxemburgo,2514421383.73711
1999,LUX,Luxemburgo,2749743520.27422
2000,LUX,Luxemburgo,2886826056.93672
2001,LUX,Luxemburgo,2816826888.66719
2002,LUX,Luxemburgo,2949333794.16875
2003,LUX,Luxemburgo,3307945003.11211
2004,LUX,Luxemburgo,3256029785.44687
2005,LUX,Luxemburgo,3231103468.84609
2006,LUX,Luxemburgo,3095609754.64297
2007,LUX,Luxemburgo,3613645761.32734
2008,LUX,Luxemburgo,2929301538.92851
2009,LUX,Luxemburgo,2379257194.8625
2010,LUX,Luxemburgo,2499609386.64726
2011,LUX,Luxemburgo,2239283267.60703
2012,LUX,Luxemburgo,2350487525.60859
2013,LUX,Luxemburgo,2624350811.42734
2014,LUX,Luxemburgo,2760731026.43008
2015,LUX,Luxemburgo,3291701734.39336
2016,LUX,Luxemburgo,3484093488.65351
2017,LUX,Luxemburgo,2934819146.53359
2018,LUX,Luxemburgo,2876591910.03359
2019,LUX,Luxemburgo,3269898696.57969
2020,LUX,Luxemburgo,3167052399.1832
2021,LUX,Luxemburgo,3312438530.31914
2022,LUX,Luxemburgo,3081056274.05664
2023,LUX,Luxemburgo,3182250506.75898
1990,LVA,Letonia,5169353338.89739
1991,LVA,Letonia,5207781802.7792
1992,LVA,Letonia,2689629877.16631
1993,LVA,Letonia,1838040636.75116
1994,LVA,Letonia,1663299889.63412
1995,LVA,Letonia,1655189435.79996
1996,LVA,Letonia,1717044296.03591
1997,LVA,Letonia,2003094567.52634
1998,LVA,Letonia,2102027132.98445
1999,LVA,Letonia,2016587027.59286
2000,LVA,Letonia,2153558515.90066
2001,LVA,Letonia,2307419103.82828
2002,LVA,Letonia,2571738774.28021
2003,LVA,Letonia,2654465210.53806
2004,LVA,Letonia,2823474588.27565
2005,LVA,Letonia,2968656898.73866
2006,LVA,Letonia,3188554149.48602
2007,LVA,Letonia,3164201953.84441
2008,LVA,Letonia,2936661505.24609
2009,LVA,Letonia,2295516194.1753
2010,LVA,Letonia,2615896100.28118
2011,LVA,Letonia,2672047398.65773
2012,LVA,Letonia,2803726119.16591
2013,LVA,Letonia,2781623172.77274
2014,LVA,Letonia,2736255724.3691
2015,LVA,Letonia,2857352956.51015
2016,LVA,Letonia,2906129186.16344
2017,LVA,Letonia,3104486055.78174
2018,LVA,Letonia,3335131743.22101
2019,LVA,Letonia,3369611125.42474
2020,LVA,Letonia,3395330273.71351
2021,LVA,Letonia,3740488346.6412
2022,LVA,Letonia,3535231958.07325
2023,LVA,Letonia,3541571947.18287
1970,MAC,Macao,246008225.347342
1971,MAC,Macao,265308830.735799
1972,MAC,Macao,286143927.670035
1973,MAC,Macao,308573228.419524
1974,MAC,Macao,332780552.261306
1975,MAC,Macao,358990565.334912
1976,MAC,Macao,386971919.845765
1977,MAC,Macao,417404488.015187
1978,MAC,Macao,450669953.404298
1979,MAC,Macao,484697385.340261
1980,MAC,Macao,523834121.081208
1981,MAC,Macao,567242058.278941
1982,MAC,Macao,603051055.470838
1983,MAC,Macao,661446556.087029
1984,MAC,Macao,720485804.438069
1985,MAC,Macao,726258713.8362
1986,MAC,Macao,763867056.23146
1987,MAC,Macao,896401627.269423
1988,MAC,Macao,956773739.265145
1989,MAC,Macao,945825537.099516
1990,MAC,Macao,1181586468.82864
1991,MAC,Macao,1090698642.13458
1992,MAC,Macao,974915173.509862
1993,MAC,Macao,800989391.117213
1994,MAC,Macao,755987041.844282
1995,MAC,Macao,709480263.730187
1996,MAC,Macao,694704029.85514
1997,MAC,Macao,708764524.348813
1998,MAC,Macao,742987026.941611
1999,MAC,Macao,729579739.654767
2000,MAC,Macao,783165973.95111
2001,MAC,Macao,649322929.015806
2002,MAC,Macao,620776426.253885
2003,MAC,Macao,608962253.397423
2004,MAC,Macao,615225831.620572
2005,MAC,Macao,566838357.825408
2006,MAC,Macao,593094878.288606
2007,MAC,Macao,494591143.52796
2008,MAC,Macao,347717781.649989
2009,MAC,Macao,258743899.609729
2010,MAC,Macao,257326423.547813
2011,MAC,Macao,218618423.395494
2012,MAC,Macao,228540755.828905
2013,MAC,Macao,208368981.10164
2014,MAC,Macao,233229330.495242
2015,MAC,Macao,257108350.307518
2016,MAC,Macao,250348079.858381
2017,MAC,Macao,277825308.13552
2018,MAC,Macao,288074750.429374
2019,MAC,Macao,271283110.926677
2020,MAC,Macao,179474276.762585
2021,MAC,Macao,224833510.743894
2022,MAC,Macao,205861138.83825
2023,MAC,Macao,293635618.05689
1970,MAR,Marruecos,2601787834.46474
1971,MAR,Marruecos,2634208866.68807
1972,MAR,Marruecos,2909787640.32138
1973,MAR,Marruecos,3152945381.83736
1974,MAR,Marruecos,3298840026.78935
1975,MAR,Marruecos,3509576736.18799
1976,MAR,Marruecos,3736523961.5393
1977,MAR,Marruecos,3995892219.21994
1978,MAR,Marruecos,4206628928.51259
1979,MAR,Marruecos,4271470992.95925
1980,MAR,Marruecos,4474102444.27556
1981,MAR,Marruecos,4538684516.38395
1982,MAR,Marruecos,4779073340.57849
1983,MAR,Marruecos,4979995342.91724
1984,MAR,Marruecos,5195268916.7532
1985,MAR,Marruecos,5561233992.42271
1986,MAR,Marruecos,5629403957.4849
1987,MAR,Marruecos,5801622816.61725
1988,MAR,Marruecos,6207054714.14256
1989,MAR,Marruecos,6110181605.87398
1990,MAR,Marruecos,6806232828.09903
1991,MAR,Marruecos,7021506402.04097
1992,MAR,Marruecos,7211664725.62433
1993,MAR,Marruecos,7143494760.56215
1994,MAR,Marruecos,7414380674.33399
1995,MAR,Marruecos,7688495691.87024
1996,MAR,Marruecos,7914174155.06021
1997,MAR,Marruecos,8182548543.87039
1998,MAR,Marruecos,8351538299.45032
1999,MAR,Marruecos,8575587908.33255
2000,MAR,Marruecos,8832408543.32314
2001,MAR,Marruecos,9092794227.06999
2002,MAR,Marruecos,9444225774.1902
2003,MAR,Marruecos,9692819373.32039
2004,MAR,Marruecos,9776186669.63634
2005,MAR,Marruecos,10140918591.0848
2006,MAR,Marruecos,10460813167.4599
2007,MAR,Marruecos,10916865186.6302
2008,MAR,Marruecos,11675301974.2937
2009,MAR,Marruecos,11746554065.1592
2010,MAR,Marruecos,14095311907.4718
2011,MAR,Marruecos,14641727803.5724
2012,MAR,Marruecos,14485721024.8314
2013,MAR,Marruecos,14412437883.2288
2014,MAR,Marruecos,16288393629.0591
2015,MAR,Marruecos,16544575774.6214
2016,MAR,Marruecos,17236490150.3892
2017,MAR,Marruecos,17697978384.4721
2018,MAR,Marruecos,18334989015.349
2019,MAR,Marruecos,19477792446.6494
2020,MAR,Marruecos,17958082226.0981
2021,MAR,Marruecos,20212633495.5462
2022,MAR,Marruecos,20733583121.2967
2023,MAR,Marruecos,22716583436.2845
1970,MCO,Mónaco,111936958.101504
1971,MCO,Mónaco,117888328.585371
1972,MCO,Mónaco,123206710.969811
1973,MCO,Mónaco,131023660.724461
1974,MCO,Mónaco,136658882.536511
1975,MCO,Mónaco,135347115.877015
1976,MCO,Mónaco,141243860.311062
1977,MCO,Mónaco,146136991.794387
1978,MCO,Mónaco,151951114.849245
1979,MCO,Mónaco,157345355.291071
1980,MCO,Mónaco,159829455.102363
1981,MCO,Mónaco,161538052.51316
1982,MCO,Mónaco,165585191.826686
1983,MCO,Mónaco,167639971.700704
1984,MCO,Mónaco,170177481.696402
1985,MCO,Mónaco,172938994.893447
1986,MCO,Mónaco,176981542.314879
1987,MCO,Mónaco,181514938.773949
1988,MCO,Mónaco,190124340.926855
1989,MCO,Mónaco,198385580.750428
1990,MCO,Mónaco,204181448.921381
1991,MCO,Mónaco,206323515.311585
1992,MCO,Mónaco,209634280.779475
1993,MCO,Mónaco,208288917.24568
1994,MCO,Mónaco,213223905.374849
1995,MCO,Mónaco,217755383.944265
1996,MCO,Mónaco,220681237.297093
1997,MCO,Mónaco,226023109.885847
1998,MCO,Mónaco,234229017.127981
1999,MCO,Mónaco,241448837.234787
2000,MCO,Mónaco,252267487.131204
2001,MCO,Mónaco,257053081.572499
2002,MCO,Mónaco,256252588.010567
2003,MCO,Mónaco,266530994.759399
2004,MCO,Mónaco,268841201.025666
2005,MCO,Mónaco,258330844.566764
2006,MCO,Mónaco,321968462.901075
2007,MCO,Mónaco,311739371.383061
2008,MCO,Mónaco,259824882.861523
2009,MCO,Mónaco,233154557.198191
2010,MCO,Mónaco,282376768.113852
2011,MCO,Mónaco,312646338.245639
2012,MCO,Mónaco,302396581.522937
2013,MCO,Mónaco,345021072.857868
2014,MCO,Mónaco,279774315.805238
2015,MCO,Mónaco,304561288.476562
2016,MCO,Mónaco,252445480.137196
2017,MCO,Mónaco,252961683.18026
2018,MCO,Mónaco,240688732.040075
2019,MCO,Mónaco,220636117.309039
2020,MCO,Mónaco,212297538.754165
2021,MCO,Mónaco,255495453.178446
2022,MCO,Mónaco,272456399.361178
2023,MCO,Mónaco,246825244.23262
1990,MDA,Moldavia,1533436128.2308
1991,MDA,Moldavia,1030496220.61724
1992,MDA,Moldavia,888510331.092661
1993,MDA,Moldavia,1269787617.94
1994,MDA,Moldavia,651270455.835415
1995,MDA,Moldavia,611999087.922006
1996,MDA,Moldavia,601613936.654906
1997,MDA,Moldavia,522223485.597346
1998,MDA,Moldavia,436677053.031954
1999,MDA,Moldavia,410138004.775166
2000,MDA,Moldavia,475512772.68286
2001,MDA,Moldavia,501876193.213465
2002,MDA,Moldavia,516380998.830956
2003,MDA,Moldavia,608435458.643744
2004,MDA,Moldavia,656047139.190788
2005,MDA,Moldavia,672773862.348206
2006,MDA,Moldavia,643009772.235931
2007,MDA,Moldavia,635073406.040108
2008,MDA,Moldavia,642411942.023167
2009,MDA,Moldavia,502511085.196357
2010,MDA,Moldavia,557587157.566623
2011,MDA,Moldavia,628631476.974971
2012,MDA,Moldavia,638958023.068619
2013,MDA,Moldavia,697246962.556609
2014,MDA,Moldavia,756050797.216773
2015,MDA,Moldavia,781000473.552134
2016,MDA,Moldavia,807864711.812509
2017,MDA,Moldavia,855461713.858884
2018,MDA,Moldavia,920402522.854554
2019,MDA,Moldavia,980428906.038038
2020,MDA,Moldavia,937395610.632979
2021,MDA,Moldavia,947177540.283431
2022,MDA,Moldavia,908313233.034654
2023,MDA,Moldavia,919269083.145156
1970,MDG,Madagascar,559890093.227084
1971,MDG,Madagascar,589101741.465935
1972,MDG,Madagascar,598838986.618099
1973,MDG,Madagascar,586667437.285776
1974,MDG,Madagascar,625616284.185993
1975,MDG,Madagascar,625616422.057253
1976,MDG,Madagascar,568410078.606979
1977,MDG,Madagascar,585450177.854285
1978,MDG,Madagascar,609793841.772953
1979,MDG,Madagascar,687690368.13778
1980,MDG,Madagascar,669433566.940802
1981,MDG,Madagascar,516074608.889086
1982,MDG,Madagascar,443040505.477867
1983,MDG,Madagascar,449130002.168272
1984,MDG,Madagascar,511545038.673982
1985,MDG,Madagascar,518262283.059033
1986,MDG,Madagascar,538066232.522657
1987,MDG,Madagascar,563425215.302789
1988,MDG,Madagascar,573229538.819108
1989,MDG,Madagascar,580588882.752737
1990,MDG,Madagascar,576969245.02931
1991,MDG,Madagascar,574080831.590072
1992,MDG,Madagascar,569373231.13179
1993,MDG,Madagascar,587124954.408115
1994,MDG,Madagascar,578365368.300313
1995,MDG,Madagascar,596451847.857334
1996,MDG,Madagascar,602603635.252567
1997,MDG,Madagascar,617448019.389065
1998,MDG,Madagascar,659805279.501351
1999,MDG,Madagascar,686540147.581198
2000,MDG,Madagascar,726308469.860895
2001,MDG,Madagascar,804519451.700007
2002,MDG,Madagascar,655365198.414067
2003,MDG,Madagascar,757396781.863922
2004,MDG,Madagascar,807400535.889936
2005,MDG,Madagascar,831594088.011464
2006,MDG,Madagascar,858862063.370751
2007,MDG,Madagascar,951899287.281098
2008,MDG,Madagascar,1008868490.21975
2009,MDG,Madagascar,926202693.765105
2010,MDG,Madagascar,908776327.348716
2011,MDG,Madagascar,913722528.205907
2012,MDG,Madagascar,933855651.729876
2013,MDG,Madagascar,913759744.083911
2014,MDG,Madagascar,936663342.631287
2015,MDG,Madagascar,963329899.712916
2016,MDG,Madagascar,1017423225.2015
2017,MDG,Madagascar,1060762244.66292
2018,MDG,Madagascar,1112143886.22502
2019,MDG,Madagascar,1163378958.23673
2020,MDG,Madagascar,1022754120.77067
2021,MDG,Madagascar,1163498144.58195
2022,MDG,Madagascar,1264664399.20772
2023,MDG,Madagascar,1256445293.24042
1970,MDV,Maldivas,3151217.0509124
1971,MDV,Maldivas,3220066.59312671
1972,MDV,Maldivas,3238806.81127625
1973,MDV,Maldivas,3395275.22720134
1974,MDV,Maldivas,3745923.48596094
1975,MDV,Maldivas,3568253.87780009
1976,MDV,Maldivas,2793747.24445213
1977,MDV,Maldivas,3253894.94239838
1978,MDV,Maldivas,4897288.17858792
1979,MDV,Maldivas,5916152.4044722
1980,MDV,Maldivas,7033678.79613143
1981,MDV,Maldivas,8225248.58818404
1982,MDV,Maldivas,10346637.1784107
1983,MDV,Maldivas,11683973.6662035
1984,MDV,Maldivas,12527122.5868777
1985,MDV,Maldivas,13087234.2066208
1986,MDV,Maldivas,14081017.5622793
1987,MDV,Maldivas,15443875.3910202
1988,MDV,Maldivas,16901146.1967436
1989,MDV,Maldivas,18661262.0727468
1990,MDV,Maldivas,21569685.2454554
1991,MDV,Maldivas,23650868.6744446
1992,MDV,Maldivas,25827294.3472154
1993,MDV,Maldivas,27982752.5380791
1994,MDV,Maldivas,29903953.2425665
1995,MDV,Maldivas,32117284.81117
1996,MDV,Maldivas,31993253.0523593
1997,MDV,Maldivas,37117507.8328005
1998,MDV,Maldivas,41569860.12993
1999,MDV,Maldivas,46148197.6852678
2000,MDV,Maldivas,48231863.8460887
2001,MDV,Maldivas,56450145.3198374
2002,MDV,Maldivas,58587473.003919
2003,MDV,Maldivas,68394147.5947557
2004,MDV,Maldivas,68893397.2991567
2005,MDV,Maldivas,72631065.5750631
2006,MDV,Maldivas,82847970.898031
2007,MDV,Maldivas,70206914.6805259
2008,MDV,Maldivas,73081440.0275255
2009,MDV,Maldivas,57626810.8089925
2010,MDV,Maldivas,61380024.684982
2011,MDV,Maldivas,68419346.3400401
2012,MDV,Maldivas,69742682.0276785
2013,MDV,Maldivas,75109104.5948352
2014,MDV,Maldivas,73976649.6700618
2015,MDV,Maldivas,79614528.1127557
2016,MDV,Maldivas,87250845.9583264
2017,MDV,Maldivas,99941459.9534109
2018,MDV,Maldivas,112632470.841915
2019,MDV,Maldivas,116030170.945125
2020,MDV,Maldivas,93734587.3531955
2021,MDV,Maldivas,105561494.757779
2022,MDV,Maldivas,111769761.275376
2023,MDV,Maldivas,113956503.951832
1970,MEX,México,57127360006.1426
1971,MEX,México,59344399473.9017
1972,MEX,México,65164060368.5097
1973,MEX,México,72002053586.3528
1974,MEX,México,76564507394.5119
1975,MEX,México,80428753561.898
1976,MEX,México,84470124553.4947
1977,MEX,México,87547871500.9371
1978,MEX,México,96079113039.3888
1979,MEX,México,106278686256.51
1980,MEX,México,113895595368.505
1981,MEX,México,121228201385.29
1982,MEX,México,117916283114.653
1983,MEX,México,108696649889.904
1984,MEX,México,114122815178.383
1985,MEX,México,121042795534.394
1986,MEX,México,114665592530.208
1987,MEX,México,118143732671.647
1988,MEX,México,121912847526.354
1989,MEX,México,131537094673.411
1990,MEX,México,140436211588.699
1991,MEX,México,145255929771.37
1992,MEX,México,151302778125.037
1993,MEX,México,150282342677.449
1994,MEX,México,155279715985.483
1995,MEX,México,145718248334.705
1996,MEX,México,158284227482.941
1997,MEX,México,175376693617.05
1998,MEX,México,192175470845.114
1999,MEX,México,196175046529.386
2000,MEX,México,210644549059.645
2001,MEX,México,206313177273.342
2002,MEX,México,200154871376.321
2003,MEX,México,199643227727.748
2004,MEX,México,204638423579.298
2005,MEX,México,209184750245.549
2006,MEX,México,219815482682.302
2007,MEX,México,220602559104.813
2008,MEX,México,217164912229.387
2009,MEX,México,194673093012.569
2010,MEX,México,209081083095.705
2011,MEX,México,216020356667.198
2012,MEX,México,226367770669.444
2013,MEX,México,225405717441.114
2014,MEX,México,234226281902.657
2015,MEX,México,242448532941.562
2016,MEX,México,244531371846.756
2017,MEX,México,250665737830.364
2018,MEX,México,254087466847.967
2019,MEX,México,253980670839.797
2020,MEX,México,233028926151.209
2021,MEX,México,253476523122.164
2022,MEX,México,267768203696.13
2023,MEX,México,271175854222.459
1970,MHL,Islas Marshall,74964.0129176672
1971,MHL,Islas Marshall,76696.0132161224
1972,MHL,Islas Marshall,77526.0133591466
1973,MHL,Islas Marshall,103824.017890773
1974,MHL,Islas Marshall,119735.020632529
1975,MHL,Islas Marshall,119805.020644591
1976,MHL,Islas Marshall,120238.020719205
1977,MHL,Islas Marshall,123168.021224097
1978,MHL,Islas Marshall,130077.022414644
1979,MHL,Islas Marshall,132866.02289524
1980,MHL,Islas Marshall,123335.021252874
1981,MHL,Islas Marshall,131179.022604539
1982,MHL,Islas Marshall,137617.023713924
1983,MHL,Islas Marshall,159069.027410496
1984,MHL,Islas Marshall,164629.028368585
1985,MHL,Islas Marshall,155110.026728288
1986,MHL,Islas Marshall,193295.033308261
1987,MHL,Islas Marshall,207941.035832034
1988,MHL,Islas Marshall,231168.039834471
1989,MHL,Islas Marshall,224414.038670633
1990,MHL,Islas Marshall,214969.037043087
1991,MHL,Islas Marshall,254854.043916002
1992,MHL,Islas Marshall,248521.04282471
1993,MHL,Islas Marshall,209531.036106021
1994,MHL,Islas Marshall,336179.057929785
1995,MHL,Islas Marshall,773477.133284223
1996,MHL,Islas Marshall,475721.081975422
1997,MHL,Islas Marshall,518609.089365808
1998,MHL,Islas Marshall,326238.056216769
1999,MHL,Islas Marshall,1963216.338298
2000,MHL,Islas Marshall,2649682.45658863
2001,MHL,Islas Marshall,3469599.59787532
2002,MHL,Islas Marshall,3308359.57009072
2003,MHL,Islas Marshall,4828964.83211875
2004,MHL,Islas Marshall,5577900.96117411
2005,MHL,Islas Marshall,1111898.19160035
2006,MHL,Islas Marshall,2722049.46905879
2007,MHL,Islas Marshall,4707001.81110229
2008,MHL,Islas Marshall,4367795.7526509
2009,MHL,Islas Marshall,7251048.24948791
2010,MHL,Islas Marshall,10124805.7446888
2011,MHL,Islas Marshall,9839130.69546174
2012,MHL,Islas Marshall,6522574.12395853
2013,MHL,Islas Marshall,6754221.16387554
2014,MHL,Islas Marshall,8152247.40478097
2015,MHL,Islas Marshall,5803216
2016,MHL,Islas Marshall,3798754.65459474
2017,MHL,Islas Marshall,2806529.48361624
2018,MHL,Islas Marshall,3886217.66966621
2019,MHL,Islas Marshall,3647788.62858054
2020,MHL,Islas Marshall,3587795.61824265
2021,MHL,Islas Marshall,2800878.48264247
2022,MHL,Islas Marshall,2635268.45410484
2023,MHL,Islas Marshall,2602291.4484223
1990,MKD,Macedonia del Norte,953916947.997121
1991,MKD,Macedonia del Norte,812706837.963111
1992,MKD,Macedonia del Norte,672639262.668177
1993,MKD,Macedonia del Norte,590109757.51226294
1994,MKD,Macedonia del Norte,547083832.104089
1995,MKD,Macedonia del Norte,494939943.956893
1996,MKD,Macedonia del Norte,520135583.633474
1997,MKD,Macedonia del Norte,537508905.282102
1998,MKD,Macedonia del Norte,540094730.965463
1999,MKD,Macedonia del Norte,553408543.635747
2000,MKD,Macedonia del Norte,609405625.701097
2001,MKD,Macedonia del Norte,574704939.690433
2002,MKD,Macedonia del Norte,591666822.205382
2003,MKD,Macedonia del Norte,645632499.228645
2004,MKD,Macedonia del Norte,691800919.20752
2005,MKD,Macedonia del Norte,764788371.291356
2006,MKD,Macedonia del Norte,861113590.304688
2007,MKD,Macedonia del Norte,750015893.739748
2008,MKD,Macedonia del Norte,734909542.848246
2009,MKD,Macedonia del Norte,765186986.618149
2010,MKD,Macedonia del Norte,763729347.150258
2011,MKD,Macedonia del Norte,856391468.261961
2012,MKD,Macedonia del Norte,846362557.547929
2013,MKD,Macedonia del Norte,927906048.930239
2014,MKD,Macedonia del Norte,1127644409.62932
2015,MKD,Macedonia del Norte,1183630916.82448
2016,MKD,Macedonia del Norte,1165501018.62985
2017,MKD,Macedonia del Norte,1184643093.06721
2018,MKD,Macedonia del Norte,1257927105.36695
2019,MKD,Macedonia del Norte,1290463672.08431
2020,MKD,Macedonia del Norte,1228690237.63271
2021,MKD,Macedonia del Norte,1303560151.76929
2022,MKD,Macedonia del Norte,1268721469.4823
2023,MKD,Macedonia del Norte,1258106158.80014
1970,MLI,Malí,88168155.0091055
1971,MLI,Malí,69280821.3738423
1972,MLI,Malí,78704683.0817667
1973,MLI,Malí,80366050.0004639
1974,MLI,Malí,80367294.4685286
1975,MLI,Malí,87569831.9637474
1976,MLI,Malí,92558641.6411568
1977,MLI,Malí,103650083.453009
1978,MLI,Malí,101973044.012279
1979,MLI,Malí,85906980.1549568
1980,MLI,Malí,86865981.1924153
1981,MLI,Malí,88525435.4015488
1982,MLI,Malí,82178083.2862821
1983,MLI,Malí,98387752.5692146
1984,MLI,Malí,106348667.514634
1985,MLI,Malí,115790553.89506
1986,MLI,Malí,121952715.111996
1987,MLI,Malí,121204643.314692
1988,MLI,Malí,131817031.439718
1989,MLI,Malí,130699937.951746
1990,MLI,Malí,127627930.864285
1991,MLI,Malí,144966915.470516
1992,MLI,Malí,150083727.085903
1993,MLI,Malí,138836079.652563
1994,MLI,Malí,134983751.607413
1995,MLI,Malí,202709317.110741
1996,MLI,Malí,258140133.738703
1997,MLI,Malí,323323258.283138
1998,MLI,Malí,345603510.040853
1999,MLI,Malí,412221904.112482
2000,MLI,Malí,526178890.491519
2001,MLI,Malí,649591680.53284
2002,MLI,Malí,812393674.225313
2003,MLI,Malí,694811481.849224
2004,MLI,Malí,655518278.225644
2005,MLI,Malí,707221137.709746
2006,MLI,Malí,798764931.677146
2007,MLI,Malí,992258630.470959
2008,MLI,Malí,1013647283.98584
2009,MLI,Malí,1129734937.09301
2010,MLI,Malí,1259353568.16846
2011,MLI,Malí,1399033878.71966
2012,MLI,Malí,1595625675.34425
2013,MLI,Malí,1827656427.45473
2014,MLI,Malí,1538915851.16883
2015,MLI,Malí,1698367950.81402
2016,MLI,Malí,1730860501.04726
2017,MLI,Malí,2089524217.37208
2018,MLI,Malí,2496256427.75945
2019,MLI,Malí,2762356705.42589
2020,MLI,Malí,2950790396.75272
2021,MLI,Malí,2942597181.74197
2022,MLI,Malí,3115603187.64043
2023,MLI,Malí,3291389085.52909
1970,MLT,Malta,121022238.824056
1971,MLT,Malta,115790982.07238
1972,MLT,Malta,150182331.240505
1973,MLT,Malta,167492780.495051
1974,MLT,Malta,204220919.142637
1975,MLT,Malta,268782211.622437
1976,MLT,Malta,336946241.132822
1977,MLT,Malta,379307028.339064
1978,MLT,Malta,423609926.880287
1979,MLT,Malta,472211888.304202
1980,MLT,Malta,484787370.361101
1981,MLT,Malta,473287988.214126
1982,MLT,Malta,471261299.821004
1983,MLT,Malta,453846142.506431
1984,MLT,Malta,472337390.854825
1985,MLT,Malta,477716516.827486
1986,MLT,Malta,489649104.954067
1987,MLT,Malta,481327749.398276
1988,MLT,Malta,507627737.266247
1989,MLT,Malta,554962312.100816
1990,MLT,Malta,577361630.989245
1991,MLT,Malta,598385304.787052
1992,MLT,Malta,588992892.057426
1993,MLT,Malta,600084743.462597
1994,MLT,Malta,643041093.888755
1995,MLT,Malta,663547532.748185
1996,MLT,Malta,666520400.420277
1997,MLT,Malta,674374429.146536
1998,MLT,Malta,729247998.726714
1999,MLT,Malta,743176195.571324
2000,MLT,Malta,863090077.617187
2001,MLT,Malta,713638691.25
2002,MLT,Malta,741931269.960937
2003,MLT,Malta,789085567.8125
2004,MLT,Malta,710975860.3125
2005,MLT,Malta,705872101.015625
2006,MLT,Malta,703985929.101562
2007,MLT,Malta,773552387.34375
2008,MLT,Malta,899038295.273437
2009,MLT,Malta,759683476.210937
2010,MLT,Malta,839346501.757812
2011,MLT,Malta,830692301.210937
2012,MLT,Malta,879399917.109375
2013,MLT,Malta,855434438.671875
2014,MLT,Malta,837238427.265625
2015,MLT,Malta,812163435.9375
2016,MLT,Malta,804729699.570312
2017,MLT,Malta,853881120.625
2018,MLT,Malta,904918713.59375
2019,MLT,Malta,894711195
2020,MLT,Malta,914127670.585937
2021,MLT,Malta,971600438.320312
2022,MLT,Malta,1002888701.83594
2023,MLT,Malta,1060583372.14844
1970,MMR,Myanmar,337587079.774701
1971,MMR,Myanmar,341471163.823668
1972,MMR,Myanmar,341471163.823668
1973,MMR,Myanmar,338735893.366019
1974,MMR,Myanmar,335683078.667458
1975,MMR,Myanmar,362634928.352809
1976,MMR,Myanmar,388150818.834031
1977,MMR,Myanmar,413335334.114434
1978,MMR,Myanmar,424049798.94755
1979,MMR,Myanmar,437967557.392322
1980,MMR,Myanmar,468012242.286762
1981,MMR,Myanmar,500266095.189538
1982,MMR,Myanmar,526886569.674928
1983,MMR,Myanmar,548757332.944548
1984,MMR,Myanmar,596806737.09789
1985,MMR,Myanmar,614259164.352559
1986,MMR,Myanmar,565878384.998396
1987,MMR,Myanmar,537932409.709724
1988,MMR,Myanmar,452216691.037055
1989,MMR,Myanmar,503138013.599514
1990,MMR,Myanmar,503690305.601167
1991,MMR,Myanmar,483365959.935663
1992,MMR,Myanmar,535723241.702249
1993,MMR,Myanmar,586092272.263054
1994,MMR,Myanmar,635909010.821345
1995,MMR,Myanmar,683958414.973827
1996,MMR,Myanmar,715328600.673269
1997,MMR,Myanmar,751448497.588481
1998,MMR,Myanmar,801817528.148426
1999,MMR,Myanmar,918381945.596123
2000,MMR,Myanmar,1129205997.68717
2001,MMR,Myanmar,1375777018.15006
2002,MMR,Myanmar,1770715422.06034
2003,MMR,Myanmar,2161029500.3002
2004,MMR,Myanmar,2694512454.35711
2005,MMR,Myanmar,3285672912.31144
2006,MMR,Myanmar,4010489674.17904
2007,MMR,Myanmar,4858876349.03484
2008,MMR,Myanmar,5746075110.49828
2009,MMR,Myanmar,6829744915.76523
2010,MMR,Myanmar,8227930491.11262
2011,MMR,Myanmar,9117452049.90422
2012,MMR,Myanmar,9876422845.93456
2013,MMR,Myanmar,10818405950.1654
2014,MMR,Myanmar,11841800169.0422
2015,MMR,Myanmar,13014138320.2709
2016,MMR,Myanmar,13620769229.4365
2017,MMR,Myanmar,15081252361.4466
2018,MMR,Myanmar,18502020353.163
2019,MMR,Myanmar,19817240561.0014
2020,MMR,Myanmar,19448479974.7558
2021,MMR,Myanmar,17723768412.5674
2022,MMR,Myanmar,18082364202.8301
2023,MMR,Myanmar,18067042956.5671
1990,MNE,Montenegro,405882608.796117
1991,MNE,Montenegro,362034233.971082
1992,MNE,Montenegro,277007095.544126
1993,MNE,Montenegro,175723617.629179
1994,MNE,Montenegro,178406878.014462
1995,MNE,Montenegro,204097439.236265
1996,MNE,Montenegro,259679525.521491
1997,MNE,Montenegro,277602610.498029
1998,MNE,Montenegro,291081984.313357
1999,MNE,Montenegro,263187812.526783
2000,MNE,Montenegro,307632004.420228
2001,MNE,Montenegro,311258705.966535
2002,MNE,Montenegro,297438892.139064
2003,MNE,Montenegro,278427624.459609
2004,MNE,Montenegro,294051484.692885
2005,MNE,Montenegro,310112553.56553
2006,MNE,Montenegro,324065803.269902
2007,MNE,Montenegro,246071263.580896
2008,MNE,Montenegro,232820237.70009
2009,MNE,Montenegro,165155352.547654
2010,MNE,Montenegro,155432026.639033
2011,MNE,Montenegro,172125800.086431
2012,MNE,Montenegro,149958164.077349
2013,MNE,Montenegro,159734751.592321
2014,MNE,Montenegro,156457737.462574
2015,MNE,Montenegro,165785635.142969
2016,MNE,Montenegro,158977664.449172
2017,MNE,Montenegro,174117625.84923
2018,MNE,Montenegro,189783421.77038
2019,MNE,Montenegro,187913795.418902
2020,MNE,Montenegro,172110624.31771
2021,MNE,Montenegro,188303174.6058
2022,MNE,Montenegro,195335595.281847
2023,MNE,Montenegro,182167453.419317
1970,MNG,Mongolia,120681939.47312
1971,MNG,Mongolia,126343768.604166
1972,MNG,Mongolia,130898153.051953
1973,MNG,Mongolia,142547497.052535
1974,MNG,Mongolia,148598750.347048
1975,MNG,Mongolia,158228554.235185
1976,MNG,Mongolia,164383705.610498
1977,MNG,Mongolia,177385264.419839
1978,MNG,Mongolia,190362308.20696
1979,MNG,Mongolia,198548399.109276
1980,MNG,Mongolia,212398573.771036
1981,MNG,Mongolia,227660701.466394
1982,MNG,Mongolia,248381467.83377
1983,MNG,Mongolia,267750833.77118
1984,MNG,Mongolia,298662082.672812
1985,MNG,Mongolia,314236490.233385
1986,MNG,Mongolia,334810225.225228
1987,MNG,Mongolia,353793384.313037
1988,MNG,Mongolia,369648200.022415
1989,MNG,Mongolia,391402120.381276
1990,MNG,Mongolia,392327189.800754
1991,MNG,Mongolia,334814645.889836
1992,MNG,Mongolia,326684423.999279
1993,MNG,Mongolia,298639915.655707
1994,MNG,Mongolia,289469574.480485
1995,MNG,Mongolia,435621237.508664
1996,MNG,Mongolia,367557658.957752
1997,MNG,Mongolia,317270309.185318
1998,MNG,Mongolia,323795789.863942
1999,MNG,Mongolia,309601478.959266
2000,MNG,Mongolia,298290346.589261
2001,MNG,Mongolia,407579400.648882
2002,MNG,Mongolia,510309697.362892
2003,MNG,Mongolia,584755263.409845
2004,MNG,Mongolia,565262471.205575
2005,MNG,Mongolia,457271404.87766
2006,MNG,Mongolia,513543934.500803
2007,MNG,Mongolia,654772361.255656
2008,MNG,Mongolia,672343165.260781
2009,MNG,Mongolia,611615555.834172
2010,MNG,Mongolia,648938005.230988
2011,MNG,Mongolia,699926094.127189
2012,MNG,Mongolia,761100313.848714
2013,MNG,Mongolia,839150116.774396
2014,MNG,Mongolia,874266149.649102
2015,MNG,Mongolia,815191862.867543
2016,MNG,Mongolia,756571620.951195
2017,MNG,Mongolia,880516636.348524
2018,MNG,Mongolia,1052591154.26471
2019,MNG,Mongolia,1092752364.15943
2020,MNG,Mongolia,1130406353.31765
2021,MNG,Mongolia,1120575408.85081
2022,MNG,Mongolia,1189315889.93436
2023,MNG,Mongolia,1249550091.75802
1970,MOZ,Mozambique,217207014.569916
1971,MOZ,Mozambique,233469123.527562
1972,MOZ,Mozambique,244859423.932246
1973,MOZ,Mozambique,256141845.828345
1974,MOZ,Mozambique,272214228.709668
1975,MOZ,Mozambique,277840694.164659
1976,MOZ,Mozambique,293417330.943152
1977,MOZ,Mozambique,293093645.776464
1978,MOZ,Mozambique,295924465.305334
1979,MOZ,Mozambique,305037149.702624
1980,MOZ,Mozambique,318925170.792661
1981,MOZ,Mozambique,320963433.266294
1982,MOZ,Mozambique,309822713.352485
1983,MOZ,Mozambique,272376047.044485
1984,MOZ,Mozambique,270977304.151357
1985,MOZ,Mozambique,255314374.897903
1986,MOZ,Mozambique,269501101.874833
1987,MOZ,Mozambique,242473435.395637
1988,MOZ,Mozambique,250225682.069853
1989,MOZ,Mozambique,264641016.387022
1990,MOZ,Mozambique,247426024.547509
1991,MOZ,Mozambique,266064644.122741
1992,MOZ,Mozambique,245027055.504446
1993,MOZ,Mozambique,231153143.760022
1994,MOZ,Mozambique,217168475.813289
1995,MOZ,Mozambique,234167246.019388
1996,MOZ,Mozambique,278342401.401541
1997,MOZ,Mozambique,366724259.793759
1998,MOZ,Mozambique,419714133.102369
1999,MOZ,Mozambique,481272508.478966
2000,MOZ,Mozambique,554132711.638331
2001,MOZ,Mozambique,746420602.57544
2002,MOZ,Mozambique,811663265.321832
2003,MOZ,Mozambique,941312379.093454
2004,MOZ,Mozambique,1072277611.14419
2005,MOZ,Mozambique,1082759189.28017
2006,MOZ,Mozambique,1113767207.11255
2007,MOZ,Mozambique,1157213051.93949
2008,MOZ,Mozambique,1163329663.20623
2009,MOZ,Mozambique,1145863197.16935
2010,MOZ,Mozambique,1198289424.98399
2011,MOZ,Mozambique,1187772370.92509
2012,MOZ,Mozambique,1209267641.63251
2013,MOZ,Mozambique,1245306097.92791
2014,MOZ,Mozambique,1284282058.99437
2015,MOZ,Mozambique,1346746326.6692
2016,MOZ,Mozambique,1379588026.06458
2017,MOZ,Mozambique,1381261584.53646
2018,MOZ,Mozambique,1406491329.29278
2019,MOZ,Mozambique,1424546986.33976
2020,MOZ,Mozambique,1406419911.61953
2021,MOZ,Mozambique,1433701283.63158
2022,MOZ,Mozambique,1444324811.8704
2023,MOZ,Mozambique,1377653898.77629
1970,MRT,Mauritania,100128053.466508
1971,MRT,Mauritania,103541643.282237
1972,MRT,Mauritania,104616495.362361
1973,MRT,Mauritania,92802849.2163964
1974,MRT,Mauritania,101789335.928969
1975,MRT,Mauritania,101651933.038707
1976,MRT,Mauritania,108564687.795738
1977,MRT,Mauritania,125331391.797846
1978,MRT,Mauritania,131557700.310154
1979,MRT,Mauritania,145709173.826468
1980,MRT,Mauritania,144154935.422408
1981,MRT,Mauritania,189562909.012044
1982,MRT,Mauritania,180549990.205964
1983,MRT,Mauritania,209382758.156532
1984,MRT,Mauritania,197603332.59992
1985,MRT,Mauritania,245700360.39589
1986,MRT,Mauritania,262846399.823177
1987,MRT,Mauritania,265603476.592163
1988,MRT,Mauritania,266135266.32733
1989,MRT,Mauritania,267621615.243633
1990,MRT,Mauritania,259861178.677271
1991,MRT,Mauritania,274825460.887512
1992,MRT,Mauritania,322485360.815069
1993,MRT,Mauritania,355257735.836762
1994,MRT,Mauritania,279648832.456081
1995,MRT,Mauritania,315697588.976468
1996,MRT,Mauritania,356714819.646992
1997,MRT,Mauritania,395814047.781282
1998,MRT,Mauritania,410610399.524945
1999,MRT,Mauritania,405778833.692906
2000,MRT,Mauritania,320696741.427918
2001,MRT,Mauritania,302205621.37291
2002,MRT,Mauritania,345710006.622019
2003,MRT,Mauritania,331495143.021584
2004,MRT,Mauritania,344367286.728174
2005,MRT,Mauritania,359430497.222208
2006,MRT,Mauritania,355025305.651439
2007,MRT,Mauritania,320052449.215554
2008,MRT,Mauritania,317303353.563312
2009,MRT,Mauritania,369447796.772444
2010,MRT,Mauritania,327205093.607343
2011,MRT,Mauritania,362247072.320568
2012,MRT,Mauritania,419134606.47509
2013,MRT,Mauritania,448229256.058843
2014,MRT,Mauritania,390373254.33872
2015,MRT,Mauritania,458712648.162502
2016,MRT,Mauritania,420129053.457936
2017,MRT,Mauritania,432996058.373479
2018,MRT,Mauritania,438720782.540055
2019,MRT,Mauritania,446016266.079341
2020,MRT,Mauritania,463717011.825814
2021,MRT,Mauritania,503873744.102386
2022,MRT,Mauritania,538622198.853221
2023,MRT,Mauritania,523579549.195681
1970,MSR,Montserrat,3380279.81651376
1971,MSR,Montserrat,3471303.21100917
1972,MSR,Montserrat,3495342.66055046
1973,MSR,Montserrat,3627327.52293578
1974,MSR,Montserrat,3809296.33027523
1975,MSR,Montserrat,3786842.20183486
1976,MSR,Montserrat,4009597.70642202
1977,MSR,Montserrat,4009597.70642202
1978,MSR,Montserrat,5283784.86238532
1979,MSR,Montserrat,6335865.59633027
1980,MSR,Montserrat,7013873.39449541
1981,MSR,Montserrat,7832158.71559633
1982,MSR,Montserrat,7703571.10091743
1983,MSR,Montserrat,8042574.7706422
1984,MSR,Montserrat,7878917.88990826
1985,MSR,Montserrat,7832158.71559633
1986,MSR,Montserrat,7949056.42201835
1987,MSR,Montserrat,8311439.90825688
1988,MSR,Montserrat,8416648.16513761
1989,MSR,Montserrat,6756698.16513761
1990,MSR,Montserrat,4500568.80733945
1991,MSR,Montserrat,3600455.04587156
1992,MSR,Montserrat,3693973.39449541
1993,MSR,Montserrat,3787491.74311927
1994,MSR,Montserrat,3845940.82568807
1995,MSR,Montserrat,4430430.27522936
1996,MSR,Montserrat,6651489.90825688
1997,MSR,Montserrat,3647214.22018349
1998,MSR,Montserrat,549420.183486238
1999,MSR,Montserrat,607869.266055046
2000,MSR,Montserrat,610091.743119266
2001,MSR,Montserrat,610091.743119266
2002,MSR,Montserrat,683486.23853211
2003,MSR,Montserrat,715596.330275229
2004,MSR,Montserrat,738532.110091743
2005,MSR,Montserrat,922018.348623853
2006,MSR,Montserrat,1045871.55963303
2007,MSR,Montserrat,1105504.58715596
2008,MSR,Montserrat,1146788.99082569
2009,MSR,Montserrat,1032110.09174312
2010,MSR,Montserrat,922018.348623853
2011,MSR,Montserrat,908256.880733945
2012,MSR,Montserrat,1068807.33944954
2013,MSR,Montserrat,1041284.40366972
2014,MSR,Montserrat,1009174.31192661
2015,MSR,Montserrat,1000000
2016,MSR,Montserrat,1467889.90825688
2017,MSR,Montserrat,1555045.87155963
2018,MSR,Montserrat,1692660.55045872
2019,MSR,Montserrat,1711009.17431193
2020,MSR,Montserrat,1908256.88073394
2021,MSR,Montserrat,2908256.88073394
2022,MSR,Montserrat,2935779.81651376
2023,MSR,Montserrat,2995412.8440367
1970,MUS,Mauricio,160871239.620791
1971,MUS,Mauricio,167952513.949348
1972,MUS,Mauricio,181673444.925674
1973,MUS,Mauricio,203057924.441445
1974,MUS,Mauricio,218748726.534381
1975,MUS,Mauricio,223070244.973636
1976,MUS,Mauricio,270833813.619816
1977,MUS,Mauricio,285856291.413813
1978,MUS,Mauricio,307746187.606203
1979,MUS,Mauricio,323627092.647207
1980,MUS,Mauricio,300878769.179655
1981,MUS,Mauricio,327060801.860481
1982,MUS,Mauricio,344229347.926853
1983,MUS,Mauricio,347759905.287341
1984,MUS,Mauricio,390126594.288944
1985,MUS,Mauricio,449704750.644656
1986,MUS,Mauricio,540616604.077989
1987,MUS,Mauricio,620054145.91376
1988,MUS,Mauricio,669238362.36274
1989,MUS,Mauricio,701643588.364218
1990,MUS,Mauricio,755823076.835011
1991,MUS,Mauricio,798859266.256025
1992,MUS,Mauricio,851043524.925632
1993,MUS,Mauricio,884348102.610834
1994,MUS,Mauricio,920049287.56967
1995,MUS,Mauricio,975005972.728308
1996,MUS,Mauricio,1039218520.71245
1997,MUS,Mauricio,1098389929.10263
1998,MUS,Mauricio,1165742859.1063
1999,MUS,Mauricio,1189543649.06008
2000,MUS,Mauricio,1278963139.44191
2001,MUS,Mauricio,1342425614.20885
2002,MUS,Mauricio,1309615083.05962
2003,MUS,Mauricio,1324185549.18598
2004,MUS,Mauricio,1332496111.3555
2005,MUS,Mauricio,1285277008.10042
2006,MUS,Mauricio,1292520226.76496
2007,MUS,Mauricio,1326464284.36003
2008,MUS,Mauricio,1365495186.23652
2009,MUS,Mauricio,1398918831.79493
2010,MUS,Mauricio,1425819002.66168
2011,MUS,Mauricio,1436483784.29618
2012,MUS,Mauricio,1466133222.20651
2013,MUS,Mauricio,1535142571.83356
2014,MUS,Mauricio,1562276882.68929
2015,MUS,Mauricio,1561998134.45076
2016,MUS,Mauricio,1567057837.3259
2017,MUS,Mauricio,1590574052.35828
2018,MUS,Mauricio,1594501868.44667
2019,MUS,Mauricio,1616573660.78848
2020,MUS,Mauricio,1329978236.99767
2021,MUS,Mauricio,1439740283.28685
2022,MUS,Mauricio,1570283497.35717
2023,MUS,Mauricio,1603887117.10998
1970,MWI,Malawi,91757525.7923064
1971,MWI,Malawi,96982547.9234009
1972,MWI,Malawi,114338191.282268
1973,MWI,Malawi,110667805.965101
1974,MWI,Malawi,123540313.443283
1975,MWI,Malawi,144994491.747657
1976,MWI,Malawi,139809732.455208
1977,MWI,Malawi,143921783.940847
1978,MWI,Malawi,151609528.380669
1979,MWI,Malawi,158224571.331814
1980,MWI,Malawi,158760926.154833
1981,MWI,Malawi,170381924.399095
1982,MWI,Malawi,158403369.876417
1983,MWI,Malawi,174136422.386895
1984,MWI,Malawi,171275801.722882
1985,MWI,Malawi,170203258.98646
1986,MWI,Malawi,183075620.982712
1987,MWI,Malawi,191478267.11114
1988,MWI,Malawi,197736717.085446
1989,MWI,Malawi,214541204.076474
1990,MWI,Malawi,238676498.705669
1991,MWI,Malawi,245833698.787248
1992,MWI,Malawi,253153855.580252
1993,MWI,Malawi,226696294.275057
1994,MWI,Malawi,233871571.697925
1995,MWI,Malawi,252944624.725244
1996,MWI,Malawi,238859901.591829
1997,MWI,Malawi,241166360.057909
1998,MWI,Malawi,244874417.635565
1999,MWI,Malawi,249152945.606441
2000,MWI,Malawi,241879448.052805
2001,MWI,Malawi,207651224.272313
2002,MWI,Malawi,207365989.073456
2003,MWI,Malawi,242449487.928637
2004,MWI,Malawi,249764414.391823
2005,MWI,Malawi,260447908.632548
2006,MWI,Malawi,280762845.506234
2007,MWI,Malawi,328773292.083025
2008,MWI,Malawi,365028658.325849
2009,MWI,Malawi,471139780.217499
2010,MWI,Malawi,524666882.104873
2011,MWI,Malawi,575762098.934492
2012,MWI,Malawi,617972393.273689
2013,MWI,Malawi,706179535.99081
2014,MWI,Malawi,812517301.04399
2015,MWI,Malawi,913358422.447697
2016,MWI,Malawi,1001856699.46668
2017,MWI,Malawi,1105990038.58906
2018,MWI,Malawi,1180993159.83128
2019,MWI,Malawi,1270579270.39028
2020,MWI,Malawi,1323843314.30637
2021,MWI,Malawi,1378687745.6647
2022,MWI,Malawi,1369379259.88344
2023,MWI,Malawi,1429151442.5891
1970,MYS,Malasia,1856757065.57969
1971,MYS,Malasia,2219983673.04643
1972,MYS,Malasia,2445805478.34732
1973,MYS,Malasia,2996619511.15251
1974,MYS,Malasia,3307273846.65099
1975,MYS,Malasia,3405249444.71262
1976,MYS,Malasia,4034921885.72625
1977,MYS,Malasia,4462669008.8835
1978,MYS,Malasia,4876078239.77889
1979,MYS,Malasia,5428867746.7821
1980,MYS,Malasia,5929430515.01617
1981,MYS,Malasia,6209555749.76698
1982,MYS,Malasia,6559542726.06803
1983,MYS,Malasia,7073670880.9189
1984,MYS,Malasia,7943212166.61511
1985,MYS,Malasia,7639347505.22088
1986,MYS,Malasia,8214519900.23144
1987,MYS,Malasia,9315351028.75556
1988,MYS,Malasia,10954728008.092
1989,MYS,Malasia,12509999590.1994
1990,MYS,Malasia,14422694625.8948
1991,MYS,Malasia,16441650496.8354
1992,MYS,Malasia,17592809545.9235
1993,MYS,Malasia,20158012523.335
1994,MYS,Malasia,22450922110.3024
1995,MYS,Malasia,25001182157.7255
1996,MYS,Malasia,29546600076.4118
1997,MYS,Malasia,32535739511.2533
1998,MYS,Malasia,28169636752.1715
1999,MYS,Malasia,31457634786.2684
2000,MYS,Malasia,37218964450.7444
2001,MYS,Malasia,35629685772.7324
2002,MYS,Malasia,37097831436.7542
2003,MYS,Malasia,40497338117.2908
2004,MYS,Malasia,44368180799.1142
2005,MYS,Malasia,46673430029.0862
2006,MYS,Malasia,50141040794.1412
2007,MYS,Malasia,51699065799.9525
2008,MYS,Malasia,52094571647.5959
2009,MYS,Malasia,47420184962.7906
2010,MYS,Malasia,53064792060.2972
2011,MYS,Malasia,55950243367.4401
2012,MYS,Malasia,58420533724.4354
2013,MYS,Malasia,60413912763.6586
2014,MYS,Malasia,64101016158.407
2015,MYS,Malasia,67182023640.8317
2016,MYS,Malasia,70131487531.2962
2017,MYS,Malasia,74372977963.8582
2018,MYS,Malasia,78054701438.8562
2019,MYS,Malasia,80983991473.2988
2020,MYS,Malasia,78762253049.1223
2021,MYS,Malasia,86247337681.3629
2022,MYS,Malasia,93235430924.7218
2023,MYS,Malasia,93893989323.5903
1970,NAM,Namibia,285168438.469208
1971,NAM,Namibia,300060724.772327
1972,NAM,Namibia,305887738.541718
1973,NAM,Namibia,318373012.456629
1974,NAM,Namibia,340516676.818829
1975,NAM,Namibia,347882927.420644
1976,NAM,Namibia,355307264.623859
1977,NAM,Namibia,351682104.397445
1978,NAM,Namibia,362352532.504427
1979,NAM,Namibia,386927094.124513
1980,NAM,Namibia,387592942.263095
1981,NAM,Namibia,407055115.605434
1982,NAM,Namibia,449844392.116333
1983,NAM,Namibia,451373403.066931
1984,NAM,Namibia,458354271.001906
1985,NAM,Namibia,470432172.672186
1986,NAM,Namibia,500708086.444697
1987,NAM,Namibia,510841548.357263
1988,NAM,Namibia,504217235.788823
1989,NAM,Namibia,522042979.029396
1990,NAM,Namibia,565664949.448997
1991,NAM,Namibia,529238491.817296
1992,NAM,Namibia,590341466.904572
1993,NAM,Namibia,643797925.03456
1994,NAM,Namibia,685046476.270414
1995,NAM,Namibia,672001965.802188
1996,NAM,Namibia,563360974.256751
1997,NAM,Namibia,664668042.444562
1998,NAM,Namibia,723735396.030633
1999,NAM,Namibia,696941007.150512
2000,NAM,Namibia,722018166.95374
2001,NAM,Namibia,764874754.078642
2002,NAM,Namibia,795189806.113762
2003,NAM,Namibia,905419902.365283
2004,NAM,Namibia,908655189.445464
2005,NAM,Namibia,977221184.786949
2006,NAM,Namibia,1003659710.27808
2007,NAM,Namibia,1089394551.94876
2008,NAM,Namibia,1143080785.51683
2009,NAM,Namibia,1166219640.43936
2010,NAM,Namibia,1253759971.39406
2011,NAM,Namibia,1325017112.44913
2012,NAM,Namibia,1234437952.30551
2013,NAM,Namibia,1288968876.9838
2014,NAM,Namibia,1337177641.85907
2015,NAM,Namibia,1294156305.0024
2016,NAM,Namibia,1423340659.11603
2017,NAM,Namibia,1399891771.7802
2018,NAM,Namibia,1394676356.94155
2019,NAM,Namibia,1460027439.33833
2020,NAM,Namibia,1209680516.01691
2021,NAM,Namibia,1195430674.43263
2022,NAM,Namibia,1257019766.77579
2023,NAM,Namibia,1216404372.43582
1970,NCL,Nueva Caledonia,569373695.677068
1971,NCL,Nueva Caledonia,524754353.67195
1972,NCL,Nueva Caledonia,687465380.120277
1973,NCL,Nueva Caledonia,550053973.9606
1974,NCL,Nueva Caledonia,661919727.676013
1975,NCL,Nueva Caledonia,664579881.031471
1976,NCL,Nueva Caledonia,671327212.826226
1977,NCL,Nueva Caledonia,662120041.519642
1978,NCL,Nueva Caledonia,390091631.876763
1979,NCL,Nueva Caledonia,450524713.404241
1980,NCL,Nueva Caledonia,443538945.922493
1981,NCL,Nueva Caledonia,393620499.136867
1982,NCL,Nueva Caledonia,332621655.885145
1983,NCL,Nueva Caledonia,275573498.684159
1984,NCL,Nueva Caledonia,347062024.525338
1985,NCL,Nueva Caledonia,410530337.476156
1986,NCL,Nueva Caledonia,261651749.420682
1987,NCL,Nueva Caledonia,261869515.317539
1988,NCL,Nueva Caledonia,802768647.265619
1989,NCL,Nueva Caledonia,891448573.006226
1990,NCL,Nueva Caledonia,550373494.278848
1991,NCL,Nueva Caledonia,619962935.347144
1992,NCL,Nueva Caledonia,508765514.681397
1993,NCL,Nueva Caledonia,485140378.771033
1994,NCL,Nueva Caledonia,500866635.329282
1995,NCL,Nueva Caledonia,556279237.422031
1996,NCL,Nueva Caledonia,541524112.160838
1997,NCL,Nueva Caledonia,514199103.578797
1998,NCL,Nueva Caledonia,321876148.498061
1999,NCL,Nueva Caledonia,432658367.601241
2000,NCL,Nueva Caledonia,554321700.860337
2001,NCL,Nueva Caledonia,413828524.534388
2002,NCL,Nueva Caledonia,469321093.069277
2003,NCL,Nueva Caledonia,581892391.399154
2004,NCL,Nueva Caledonia,687018258.180424
2005,NCL,Nueva Caledonia,697768335.816522
2006,NCL,Nueva Caledonia,849340277.470316
2007,NCL,Nueva Caledonia,1139072173.10772
2008,NCL,Nueva Caledonia,617338767.077339
2009,NCL,Nueva Caledonia,511109887.49778
2010,NCL,Nueva Caledonia,699956933.664047
2011,NCL,Nueva Caledonia,760467056.581296
2012,NCL,Nueva Caledonia,587978209.204349
2013,NCL,Nueva Caledonia,556534117.903423
2014,NCL,Nueva Caledonia,704715333.310715
2015,NCL,Nueva Caledonia,766996924.424343
2016,NCL,Nueva Caledonia,791661393.739629
2017,NCL,Nueva Caledonia,808522960.616725
2018,NCL,Nueva Caledonia,865865575.378384
2019,NCL,Nueva Caledonia,948817991.933933
2020,NCL,Nueva Caledonia,1007371464.19492
2021,NCL,Nueva Caledonia,1064165805.15565
2022,NCL,Nueva Caledonia,1129317289.49858
2023,NCL,Nueva Caledonia,1207370890.85009
1970,NER,Níger,100879834.220997
1971,NER,Níger,119029981.039161
1972,NER,Níger,119873641.31128
1973,NER,Níger,139712311.310575
1974,NER,Níger,121563286.59301
1975,NER,Níger,143086636.633987
1976,NER,Níger,163773059.657639
1977,NER,Níger,181082698.998201
1978,NER,Níger,216724572.452166
1979,NER,Níger,294434724.960602
1980,NER,Níger,306044499.470175
1981,NER,Níger,319168944.770356
1982,NER,Níger,307895720.543328
1983,NER,Níger,275021187.22587
1984,NER,Níger,320967722.385259
1985,NER,Níger,288333111.226791
1986,NER,Níger,309366956.386543
1987,NER,Níger,316939583.42061
1988,NER,Níger,309517058.012243
1989,NER,Níger,332775304.970009
1990,NER,Níger,346959908.633326
1991,NER,Níger,324467179.967137
1992,NER,Níger,329578140.334313
1993,NER,Níger,321067378.138352
1994,NER,Níger,318380559.030374
1995,NER,Níger,347575325.299203
1996,NER,Níger,366255472.662128
1997,NER,Níger,377829172.601335
1998,NER,Níger,376779063.72812
1999,NER,Níger,369623321.834927
2000,NER,Níger,347661044.827712
2001,NER,Níger,358524830.923144
2002,NER,Níger,367534891.5261
2003,NER,Níger,373585356.06394
2004,NER,Níger,397226323.025002
2005,NER,Níger,398765790.332746
2006,NER,Níger,405808952.729919
2007,NER,Níger,238702989.946845
2008,NER,Níger,407801470.814422
2009,NER,Níger,424538284.435946
2010,NER,Níger,438490985.35196
2011,NER,Níger,446806111.755539
2012,NER,Níger,606021499.951002
2013,NER,Níger,696863748.477654
2014,NER,Níger,724145008.396963
2015,NER,Níger,738468135.001013
2016,NER,Níger,778992592.334576
2017,NER,Níger,835236747.950012
2018,NER,Níger,865818295.386734
2019,NER,Níger,931789370.502618
2020,NER,Níger,966442133.795205
2021,NER,Níger,1011504839.30984
2022,NER,Níger,974690952.439425
2023,NER,Níger,1026349572.86966
1970,NGA,Nigeria,10980490308.2647
1971,NGA,Nigeria,11205380889.6302
1972,NGA,Nigeria,13036856188.014
1973,NGA,Nigeria,16221638357.1254
1974,NGA,Nigeria,16644257149.2899
1975,NGA,Nigeria,19429043783.0929
1976,NGA,Nigeria,23975809614.2165
1977,NGA,Nigeria,26339440244.7637
1978,NGA,Nigeria,29605548025.1579
1979,NGA,Nigeria,32252814331.3705
1980,NGA,Nigeria,37147678491.723
1981,NGA,Nigeria,41337750973.1473
1982,NGA,Nigeria,35290906775.0575
1983,NGA,Nigeria,25046093412.4631
1984,NGA,Nigeria,23239310331.292
1985,NGA,Nigeria,24451355844.0407
1986,NGA,Nigeria,22212691237.4863
1987,NGA,Nigeria,26058430779.3983
1988,NGA,Nigeria,30002415940.8318
1989,NGA,Nigeria,25265310523.727
1990,NGA,Nigeria,27084249658.4467
1991,NGA,Nigeria,29489818478.5964
1992,NGA,Nigeria,33046421873.6682
1993,NGA,Nigeria,27259837952.7645
1994,NGA,Nigeria,23820210438.6809
1995,NGA,Nigeria,20520392922.3287
1996,NGA,Nigeria,21173245464.2618
1997,NGA,Nigeria,21606680955.2181
1998,NGA,Nigeria,20589346197.264
1999,NGA,Nigeria,21066529641.5941
2000,NGA,Nigeria,21102186589.5094
2001,NGA,Nigeria,21596728743.2605
2002,NGA,Nigeria,25426129538.9591
2003,NGA,Nigeria,22678064177.2741
2004,NGA,Nigeria,22437134803.0312
2005,NGA,Nigeria,22953875761.8133
2006,NGA,Nigeria,23140426445.3997
2007,NGA,Nigeria,23162373584.6451
2008,NGA,Nigeria,23856611157.0353
2009,NGA,Nigeria,24717363798.7975
2010,NGA,Nigeria,25335777544.9557
2011,NGA,Nigeria,29849454521.0658
2012,NGA,Nigeria,33866984555.7818
2013,NGA,Nigeria,41249011036.8264
2014,NGA,Nigeria,47322421641.0547
2015,NGA,Nigeria,46631440740.9397
2016,NGA,Nigeria,44618038505.4508
2017,NGA,Nigeria,44523665806.6953
2018,NGA,Nigeria,45455994441.287
2019,NGA,Nigeria,45804599969.1729
2020,NGA,Nigeria,44542710259.7825
2021,NGA,Nigeria,46034195364.5698
2022,NGA,Nigeria,47160791580.0954
2023,NGA,Nigeria,47823236111.9224
1970,NIC,Nicaragua,662321005.749862
1971,NIC,Nicaragua,694169308.089823
1972,NIC,Nicaragua,727563644.542345
1973,NIC,Nicaragua,761700077.298964
1974,NIC,Nicaragua,861821245.225008
1975,NIC,Nicaragua,882228895.263139
1976,NIC,Nicaragua,917787679.41497
1977,NIC,Nicaragua,989152613.15333
1978,NIC,Nicaragua,988224992.700362
1979,NIC,Nicaragua,717885289.939839
1980,NIC,Nicaragua,823122027.825275
1981,NIC,Nicaragua,847976237.568702
1982,NIC,Nicaragua,848485671.723217
1983,NIC,Nicaragua,896248979.169165
1984,NIC,Nicaragua,899830455.388916
1985,NIC,Nicaragua,857531986.558366
1986,NIC,Nicaragua,875176931.792251
1987,NIC,Nicaragua,861175212.350528
1988,NIC,Nicaragua,643368972.852444
1989,NIC,Nicaragua,631235178.522535
1990,NIC,Nicaragua,621478743.386108
1991,NIC,Nicaragua,661307228.591711
1992,NIC,Nicaragua,627344954.367877
1993,NIC,Nicaragua,627653687.150766
1994,NIC,Nicaragua,632439044.812044
1995,NIC,Nicaragua,673990233.891431
1996,NIC,Nicaragua,729191438.142494
1997,NIC,Nicaragua,785928893.765987
1998,NIC,Nicaragua,777898925.011649
1999,NIC,Nicaragua,831987405.275066
2000,NIC,Nicaragua,867764994.40044
2001,NIC,Nicaragua,918562254.943713
2002,NIC,Nicaragua,937603185.240409
2003,NIC,Nicaragua,960491048.919534
2004,NIC,Nicaragua,1047069594.22364
2005,NIC,Nicaragua,1105835907.60121
2006,NIC,Nicaragua,1176738149.55783
2007,NIC,Nicaragua,1220757220.57529
2008,NIC,Nicaragua,1237532585.74377
2009,NIC,Nicaragua,1169716915.98198
2010,NIC,Nicaragua,1273802785.40302
2011,NIC,Nicaragua,1399210030.62332
2012,NIC,Nicaragua,1542199123.04833
2013,NIC,Nicaragua,1642972588.7712
2014,NIC,Nicaragua,1767318293.37481
2015,NIC,Nicaragua,1811187378.13598
2016,NIC,Nicaragua,1877602418.95999
2017,NIC,Nicaragua,1931252498.45753
2018,NIC,Nicaragua,1960661332.5354
2019,NIC,Nicaragua,1917715727.71976
2020,NIC,Nicaragua,1874909310.28807
2021,NIC,Nicaragua,2141653767.79676
2022,NIC,Nicaragua,2252289702.9148
2023,NIC,Nicaragua,2302003102.7534
1970,NLD,Países Bajos,31193981467.8256
1971,NLD,Países Bajos,31977347663.1305
1972,NLD,Países Bajos,33521895060.9965
1973,NLD,Países Bajos,35628050357.8959
1974,NLD,Países Bajos,37502994498.7071
1975,NLD,Países Bajos,35308617536.1576
1976,NLD,Países Bajos,37445848652.3263
1977,NLD,Países Bajos,37229251940.8663
1978,NLD,Países Bajos,37854270999.3773
1979,NLD,Países Bajos,38830037173.6965
1980,NLD,Países Bajos,38654607210.922
1981,NLD,Países Bajos,38291653154.0282
1982,NLD,Países Bajos,37904665336.8574
1983,NLD,Países Bajos,39083958764.4648
1984,NLD,Países Bajos,41706475477.5995
1985,NLD,Países Bajos,42960545316.7076
1986,NLD,Países Bajos,44411086840.7777
1987,NLD,Países Bajos,45268597723.4991
1988,NLD,Países Bajos,46507149306.9084
1989,NLD,Países Bajos,48638920311.2839
1990,NLD,Países Bajos,50322364483.5392
1991,NLD,Países Bajos,50708933121.0393
1992,NLD,Países Bajos,51270375080.2455
1993,NLD,Países Bajos,50905108490.1133
1994,NLD,Países Bajos,53613782315.1295
1995,NLD,Países Bajos,55681267145.4993
1996,NLD,Países Bajos,56732532963.0905
1997,NLD,Países Bajos,58159573829.6902
1998,NLD,Países Bajos,60932175757.0646
1999,NLD,Países Bajos,63675776042.8998
2000,NLD,Países Bajos,67278743678.5775
2001,NLD,Países Bajos,69045016374.78
2002,NLD,Países Bajos,68624637502.1884
2003,NLD,Países Bajos,67552108348.6392
2004,NLD,Países Bajos,70248328647.983
2005,NLD,Países Bajos,72699358197.4094
2006,NLD,Países Bajos,74666595579.0152
2007,NLD,Países Bajos,79064732451.2962
2008,NLD,Países Bajos,78502719042.0289
2009,NLD,Países Bajos,70095141590.1964
2010,NLD,Países Bajos,73195555721.9122
2011,NLD,Países Bajos,76896277149.6759
2012,NLD,Países Bajos,76528424576.8749
2013,NLD,Países Bajos,76184051666.0929
2014,NLD,Países Bajos,77789236803.2056
2015,NLD,Países Bajos,78728815692.9687
2016,NLD,Países Bajos,80948950737.3526
2017,NLD,Países Bajos,86617785403.6215
2018,NLD,Países Bajos,90817681432.2069
2019,NLD,Países Bajos,91846859331.7174
2020,NLD,Países Bajos,90163262503.9877
2021,NLD,Países Bajos,100337412975.715
2022,NLD,Países Bajos,105254559415.997
2023,NLD,Países Bajos,104296545674.385
1970,NOR,Noruega,17738720677.896
1971,NOR,Noruega,18154014673.9692
1972,NOR,Noruega,18997871241.0871
1973,NOR,Noruega,20118755812.7519
1974,NOR,Noruega,20901601736.0752
1975,NOR,Noruega,20365650511.5222
1976,NOR,Noruega,20265082153.56
1977,NOR,Noruega,20268802314.767
1978,NOR,Noruega,19899514312.2869
1979,NOR,Noruega,20776108298.0262
1980,NOR,Noruega,20534421824.9457
1981,NOR,Noruega,20162777720.3679
1982,NOR,Noruega,20181130515.6557
1983,NOR,Noruega,19727518859.1506
1984,NOR,Noruega,20878040715.0976
1985,NOR,Noruega,21773235506.872
1986,NOR,Noruega,21696972202.1287
1987,NOR,Noruega,22124666735.5585
1988,NOR,Noruega,21031807378.3197
1989,NOR,Noruega,20184230649.9948
1990,NOR,Noruega,19946512348.8684
1991,NOR,Noruega,19434990182.9079
1992,NOR,Noruega,19628438565.6712
1993,NOR,Noruega,19978381729.875
1994,NOR,Noruega,20533181771.2101
1995,NOR,Noruega,20594564431.1253
1996,NOR,Noruega,21503523819.3655
1997,NOR,Noruega,22554841376.4596
1998,NOR,Noruega,22386690089.9039
1999,NOR,Noruega,22498666942.2342
2000,NOR,Noruega,22733533119.7685
2001,NOR,Noruega,22543184871.3444
2002,NOR,Noruega,22391278288.7258
2003,NOR,Noruega,23084840343.0815
2004,NOR,Noruega,24093996073.1632
2005,NOR,Noruega,25001715407.6677
2006,NOR,Noruega,25612565877.8547
2007,NOR,Noruega,26599772656.8151
2008,NOR,Noruega,27378526402.8108
2009,NOR,Noruega,25342606179.6011
2010,NOR,Noruega,25694037408.2877
2011,NOR,Noruega,26135992559.6776
2012,NOR,Noruega,26669959698.2536
2013,NOR,Noruega,27488643174.5375
2014,NOR,Noruega,28288477834.0395
2015,NOR,Noruega,27022010953.808
2016,NOR,Noruega,25911294822.7756
2017,NOR,Noruega,25962385036.6849
2018,NOR,Noruega,26418600806.0349
2019,NOR,Noruega,26900113671.5924
2020,NOR,Noruega,25476655988.4262
2021,NOR,Noruega,26917846440.0124
2022,NOR,Noruega,26792353001.9634
2023,NOR,Noruega,26838855017.0507
1970,NPL,Nepal,114719572.488328
1971,NPL,Nepal,115574258.722283
1972,NPL,Nepal,125082006.850167
1973,NPL,Nepal,126229143.18247
1974,NPL,Nepal,137725155.427916
1975,NPL,Nepal,136335183.500082
1976,NPL,Nepal,140907016.031322
1977,NPL,Nepal,155856836.334791
1978,NPL,Nepal,153732445.593317
1979,NPL,Nepal,149291002.498168
1980,NPL,Nepal,153130897.850069
1981,NPL,Nepal,158997644.657681
1982,NPL,Nepal,172297055.819438
1983,NPL,Nepal,180228529.858341
1984,NPL,Nepal,210734145.944274
1985,NPL,Nepal,261508724.424869
1986,NPL,Nepal,301188064.93767
1987,NPL,Nepal,308165796.734081
1988,NPL,Nepal,325766344.090488
1989,NPL,Nepal,302750243.691701
1990,NPL,Nepal,332431640.131081
1991,NPL,Nepal,391169561.510735
1992,NPL,Nepal,516352152.809145
1993,NPL,Nepal,548428890.026428
1994,NPL,Nepal,616019157.699812
1995,NPL,Nepal,628100006.782785
1996,NPL,Nepal,684855451.020272
1997,NPL,Nepal,733163423.918298
1998,NPL,Nepal,758248880.60237
1999,NPL,Nepal,798366339.482714
2000,NPL,Nepal,855860535.95766
2001,NPL,Nepal,888076557.782262
2002,NPL,Nepal,847905766.546704
2003,NPL,Nepal,855452646.931514
2004,NPL,Nepal,881264163.116669
2005,NPL,Nepal,911980476.160249
2006,NPL,Nepal,938081769.416139
2007,NPL,Nepal,970160373.398061
2008,NPL,Nepal,969881603.491751
2009,NPL,Nepal,967871541.639462
2010,NPL,Nepal,1004968052.11852
2011,NPL,Nepal,1054524149.28573
2012,NPL,Nepal,1161004145.67885
2013,NPL,Nepal,1194563452.53312
2014,NPL,Nepal,1266819973.5644
2015,NPL,Nepal,1267621988.36599
2016,NPL,Nepal,1147094201.46367
2017,NPL,Nepal,1340116607.54149
2018,NPL,Nepal,1463489040.69322
2019,NPL,Nepal,1558953865.04567
2020,NPL,Nepal,1418200267.3656
2021,NPL,Nepal,1540971189.41614
2022,NPL,Nepal,1644243126.60287
2023,NPL,Nepal,1611661275.28804
1970,NRU,Nauru,4514868.62956299
1971,NRU,Nauru,4961985.94380978
1972,NRU,Nauru,5860842.7169559
1973,NRU,Nauru,4933189.8879083
1974,NRU,Nauru,5150406.41558303
1975,NRU,Nauru,6070539.37993784
1976,NRU,Nauru,6590839.07258205
1977,NRU,Nauru,6017771.86840618
1978,NRU,Nauru,5016007.25943649
1979,NRU,Nauru,4981972.22041832
1980,NRU,Nauru,4551103.44951468
1981,NRU,Nauru,4938209.84009242
1982,NRU,Nauru,4872820.81906575
1983,NRU,Nauru,4393198.13047577
1984,NRU,Nauru,4530975.09878772
1985,NRU,Nauru,4230164.52773744
1986,NRU,Nauru,4084881.90214453
1987,NRU,Nauru,4034331.93081119
1988,NRU,Nauru,3728886.1916475
1989,NRU,Nauru,3925831.11052587
1990,NRU,Nauru,4041514.36947274
1991,NRU,Nauru,3468261.28499193
1992,NRU,Nauru,2591696.53300118
1993,NRU,Nauru,2065674.21326216
1994,NRU,Nauru,2116421.31243482
1995,NRU,Nauru,2052379.62763114
1996,NRU,Nauru,1661147.16786432
1997,NRU,Nauru,1422202.77167943
1998,NRU,Nauru,1335376.54210987
1999,NRU,Nauru,1008867.13093963
2000,NRU,Nauru,1148197.44294629
2001,NRU,Nauru,890878.127445931
2002,NRU,Nauru,816145.95720675
2003,NRU,Nauru,1842890.1560719
2004,NRU,Nauru,1354917.06117187
2005,NRU,Nauru,1546650.22780625
2006,NRU,Nauru,-920321.21256171
2007,NRU,Nauru,242862.681975776
2008,NRU,Nauru,9228774.21939807
2009,NRU,Nauru,13098386.0092902
2010,NRU,Nauru,14102443.9313214
2011,NRU,Nauru,16605382.0267425
2012,NRU,Nauru,21964358.5759435
2013,NRU,Nauru,16891225.6813929
2014,NRU,Nauru,14049598.8710001
2015,NRU,Nauru,24030123.9534317
2016,NRU,Nauru,21631825.2221523
2017,NRU,Nauru,19356955.7491511
2018,NRU,Nauru,20829481.1735744
2019,NRU,Nauru,21709757.0199334
2020,NRU,Nauru,22113378.9348018
2021,NRU,Nauru,24049596.3953119
2022,NRU,Nauru,24507820.9457416
2023,NRU,Nauru,24686685.7491002
1970,NZL,Nueva Zelanda,11679735748.2897
1971,NZL,Nueva Zelanda,12562604388.5227
1972,NZL,Nueva Zelanda,12535924718.6378
1973,NZL,Nueva Zelanda,13459483113.6285
1974,NZL,Nueva Zelanda,15372898226.2397
1975,NZL,Nueva Zelanda,13658896133.7134
1976,NZL,Nueva Zelanda,14751135954.9314
1977,NZL,Nueva Zelanda,14315275340.2684
1978,NZL,Nueva Zelanda,14236395975.1567
1979,NZL,Nueva Zelanda,14780574965.9272
1980,NZL,Nueva Zelanda,14599772825.6712
1981,NZL,Nueva Zelanda,15852093532.4443
1982,NZL,Nueva Zelanda,16003648267.6589
1983,NZL,Nueva Zelanda,16393613668.2111
1984,NZL,Nueva Zelanda,17785081120.1812
1985,NZL,Nueva Zelanda,16880184133.9
1986,NZL,Nueva Zelanda,16868662428.8837
1987,NZL,Nueva Zelanda,16166724707.8898
1988,NZL,Nueva Zelanda,15948698597.5811
1989,NZL,Nueva Zelanda,15807779282.3816
1990,NZL,Nueva Zelanda,15040256471.2949
1991,NZL,Nueva Zelanda,14534187735.5784
1992,NZL,Nueva Zelanda,15200674056.522
1993,NZL,Nueva Zelanda,16217242952.9613
1994,NZL,Nueva Zelanda,17383594014.6127
1995,NZL,Nueva Zelanda,17486403074.7583
1996,NZL,Nueva Zelanda,17745198295.1247
1997,NZL,Nueva Zelanda,17754947430.1385
1998,NZL,Nueva Zelanda,17282557524.4697
1999,NZL,Nueva Zelanda,18054511760.5627
2000,NZL,Nueva Zelanda,18555262786.2716
2001,NZL,Nueva Zelanda,18832669991.6644
2002,NZL,Nueva Zelanda,20292381388.7312
2003,NZL,Nueva Zelanda,20870239209.5493
2004,NZL,Nueva Zelanda,21506591840.4503
2005,NZL,Nueva Zelanda,21692711690.7138
2006,NZL,Nueva Zelanda,21029770509.7752
2007,NZL,Nueva Zelanda,21263749750.1065
2008,NZL,Nueva Zelanda,19437116362.5202
2009,NZL,Nueva Zelanda,18546399936.2591
2010,NZL,Nueva Zelanda,18901800221.7623
2011,NZL,Nueva Zelanda,18827352281.6569
2012,NZL,Nueva Zelanda,19024993836.9367
2013,NZL,Nueva Zelanda,19211113687.2002
2014,NZL,Nueva Zelanda,19650711047.8227
2015,NZL,Nueva Zelanda,20090308408.4451
2016,NZL,Nueva Zelanda,20613216559.1854
2017,NZL,Nueva Zelanda,21051927634.8066
2018,NZL,Nueva Zelanda,21560655225.5269
2019,NZL,Nueva Zelanda,21391374790.2872
2020,NZL,Nueva Zelanda,20864921499.5418
2021,NZL,Nueva Zelanda,21572176930.5432
2022,NZL,Nueva Zelanda,20375692178.8491
2023,NZL,Nueva Zelanda,19602851657.7549
1970,OMN,Omán,59785287.7980795
1971,OMN,Omán,60941554.502379
1972,OMN,Omán,68607812.7412861
1973,OMN,Omán,56328447.3793322
1974,OMN,Omán,71064934.3858962
1975,OMN,Omán,91840615.3486599
1976,OMN,Omán,114411838.443272
1977,OMN,Omán,152502801.816979
1978,OMN,Omán,113636569.879409
1979,OMN,Omán,140374590.116498
1980,OMN,Omán,167112602.909794
1981,OMN,Omán,276632730.425378
1982,OMN,Omán,412588744.543611
1983,OMN,Omán,560818570.954189
1984,OMN,Omán,751534650.070846
1985,OMN,Omán,895043781.736305
1986,OMN,Omán,1021558408.84556
1987,OMN,Omán,1018725991.00598
1988,OMN,Omán,1061212246.19333
1989,OMN,Omán,1249095912.43294
1990,OMN,Omán,1405822987.39972
1991,OMN,Omán,1499292748.81187
1992,OMN,Omán,1671126046.46679
1993,OMN,Omán,1926043582.55337
1994,OMN,Omán,1966058669.65864
1995,OMN,Omán,2422958299.38338
1996,OMN,Omán,2373060224.72829
1997,OMN,Omán,2461922908.48976
1998,OMN,Omán,1931179139.73473
1999,OMN,Omán,2224206663.04877
2000,OMN,Omán,2961658453.17358
2001,OMN,Omán,3678140502.65108
2002,OMN,Omán,4026681837.04046
2003,OMN,Omán,3868347076.46552
2004,OMN,Omán,3862299674.48686
2005,OMN,Omán,4093275761.34992
2006,OMN,Omán,4972699596.94648
2007,OMN,Omán,5034565754.90743
2008,OMN,Omán,5717057304.03265
2009,OMN,Omán,6130925800.3633
2010,OMN,Omán,6548830628.95708
2011,OMN,Omán,6452549696.77195
2012,OMN,Omán,6580899022.84571
2013,OMN,Omán,6903384878.23197
2014,OMN,Omán,6618018380.17033
2015,OMN,Omán,7017939778.93368
2016,OMN,Omán,7290663619.79531
2017,OMN,Omán,7331045700.78504
2018,OMN,Omán,7936691552.69366
2019,OMN,Omán,7887557516.40001
2020,OMN,Omán,6995957431.82521
2021,OMN,Omán,7491480459.5897
2022,OMN,Omán,8793776255.21881
2023,OMN,Omán,8403625747.92589
1970,PAK,Pakistán,2317510320.25899
1971,PAK,Pakistán,2467214515.64605
1972,PAK,Pakistán,2498049111.12296
1973,PAK,Pakistán,2716125670.36711
1974,PAK,Pakistán,2888620653.72031
1975,PAK,Pakistán,2903814512.35063
1976,PAK,Pakistán,2944033549.91484
1977,PAK,Pakistán,2997212055.16226
1978,PAK,Pakistán,3303323618.84999
1979,PAK,Pakistán,3567875510.40732
1980,PAK,Pakistán,3933868752.27672
1981,PAK,Pakistán,4352146742.98166
1982,PAK,Pakistán,4950703484.0428
1983,PAK,Pakistán,5298912415.358
1984,PAK,Pakistán,5716739888.01177
1985,PAK,Pakistán,6179197610.86813
1986,PAK,Pakistán,6645723195.09286
1987,PAK,Pakistán,7145953916.17804
1988,PAK,Pakistán,7859340571.84034
1989,PAK,Pakistán,8170590077.20039
1990,PAK,Pakistán,8638277907.49349
1991,PAK,Pakistán,9178141220.57884
1992,PAK,Pakistán,9916748616.60113
1993,PAK,Pakistán,10035530167.9483
1994,PAK,Pakistán,10491827986.4823
1995,PAK,Pakistán,10757866118.5901
1996,PAK,Pakistán,11328635945.4322
1997,PAK,Pakistán,11645190008.4022
1998,PAK,Pakistán,12863322629.3946
1999,PAK,Pakistán,13748586332.4525
2000,PAK,Pakistán,14515367259.3444
2001,PAK,Pakistán,16064603197.4055
2002,PAK,Pakistán,16751261267.9277
2003,PAK,Pakistán,17992038958.4741
2004,PAK,Pakistán,20931917879.7241
2005,PAK,Pakistán,24224083717.2864
2006,PAK,Pakistán,26753464557.9922
2007,PAK,Pakistán,28910736821.263
2008,PAK,Pakistán,30685009521.9551
2009,PAK,Pakistán,29476888938.9941
2010,PAK,Pakistán,29985539758.4132
2011,PAK,Pakistán,30769017987.3412
2012,PAK,Pakistán,31388463411.4033
2013,PAK,Pakistán,33073557722.7264
2014,PAK,Pakistán,34979789600.2312
2015,PAK,Pakistán,36419663020.2227
2016,PAK,Pakistán,37886730743.0787
2017,PAK,Pakistán,39730839439.1617
2018,PAK,Pakistán,42543370196.6593
2019,PAK,Pakistán,44466955166.9984
2020,PAK,Pakistán,40999929995.6758
2021,PAK,Pakistán,45314238755.3855
2022,PAK,Pakistán,50233162873.3117
2023,PAK,Pakistán,47574195778.6304
1970,PAN,Panamá,1239455902.99574
1971,PAN,Panamá,1318321517.94443
1972,PAN,Panamá,1378687790.57316
1973,PAN,Panamá,1465342601.83618
1974,PAN,Panamá,1484815594.05325
1975,PAN,Panamá,1431264867.84174
1976,PAN,Panamá,1467289902.58456
1977,PAN,Panamá,1484815594.05325
1978,PAN,Panamá,1508183183.95039
1979,PAN,Panamá,1674677260.05921
1980,PAN,Panamá,1773015866.2708
1981,PAN,Panamá,1727956708.54152
1982,PAN,Panamá,1789964724.49187
1983,PAN,Panamá,1751519755.49958
1984,PAN,Panamá,1871401918.84329
1985,PAN,Panamá,1976402158.24443
1986,PAN,Panamá,1990043921.61992
1987,PAN,Panamá,2126874943.1847
1988,PAN,Panamá,1648999835.32428
1989,PAN,Panamá,1670495948.00385
1990,PAN,Panamá,1900752378.91859
1991,PAN,Panamá,2099591416.43372
1992,PAN,Panamá,2291816266.16604
1993,PAN,Panamá,2436915022.93643
1994,PAN,Panamá,2540675102.72464
1995,PAN,Panamá,2545635744.03883
1996,PAN,Panamá,2513804962.82935
1997,PAN,Panamá,2595650833.2736
1998,PAN,Panamá,2653624991.58446
1999,PAN,Panamá,2681816346.366
2000,PAN,Panamá,2489933250.69596
2001,PAN,Panamá,2333289349.21847
2002,PAN,Panamá,2272132296.27455
2003,PAN,Panamá,2194833417.89063
2004,PAN,Panamá,2240530696.4936
2005,PAN,Panamá,2334880797.01209
2006,PAN,Panamá,2425138604.29462
2007,PAN,Panamá,2561548387.09614
2008,PAN,Panamá,2657297995.43705
2009,PAN,Panamá,2619541612.68965
2010,PAN,Panamá,2732098801.21172
2011,PAN,Panamá,2888196774.22155
2012,PAN,Panamá,3126248102.64732
2013,PAN,Panamá,3250092890.63651
2014,PAN,Panamá,3368136634.16182
2015,PAN,Panamá,3486995645
2016,PAN,Panamá,3530017406.85188
2017,PAN,Panamá,3625462200.11432
2018,PAN,Panamá,3675091587.88629
2019,PAN,Panamá,3623699712.60269
2020,PAN,Panamá,2873784812.08953
2021,PAN,Panamá,3200045931.95067
2022,PAN,Panamá,3364125896.18698
2023,PAN,Panamá,3432211301.00062
1970,PER,Perú,8389821381.49924
1971,PER,Perú,8867214476.02604
1972,PER,Perú,9050887454.97031
1973,PER,Perú,9639894193.41847
1974,PER,Perú,10452128219.7093
1975,PER,Perú,10778744988.2371
1976,PER,Perú,11168805301.7307
1977,PER,Perú,10980041174.1163
1978,PER,Perú,10537111239.8179
1979,PER,Perú,10973775144.9839
1980,PER,Perú,11603119445.9721
1981,PER,Perú,11681053183.3066
1982,PER,Perú,11543983796.0348
1983,PER,Perú,9449171931.70021
1984,PER,Perú,9990400198.01361
1985,PER,Perú,10440379415.086
1986,PER,Perú,12068763735.8756
1987,PER,Perú,13614906424.302
1988,PER,Perú,12089128330.5559
1989,PER,Perú,10195612652.1006
1990,PER,Perú,9604256152.72779
1991,PER,Perú,10197179159.3837
1992,PER,Perú,9955545410.96449
1993,PER,Perú,10434113385.9536
1994,PER,Perú,11977123059.8138
1995,PER,Perú,12654245832.9367
1996,PER,Perú,12876298240.3171
1997,PER,Perú,13458255695.9913
1998,PER,Perú,13090126484.4612
1999,PER,Perú,12908803266.4416
2000,PER,Perú,13625480348.4629
2001,PER,Perú,13743751648.3375
2002,PER,Perú,14656242140.7472
2003,PER,Perú,15227625672.2604
2004,PER,Perú,16361385318.409
2005,PER,Perú,17438750702.3657
2006,PER,Perú,18706446721.2198
2007,PER,Perú,20680637524.7552
2008,PER,Perú,22441783337.788
2009,PER,Perú,20991197593.6311
2010,PER,Perú,23115381469.5239
2011,PER,Perú,25041793800.9245
2012,PER,Perú,25360969659.8575
2013,PER,Perú,26691325970.036
2014,PER,Perú,26397605854.4534
2015,PER,Perú,26170070671.5822
2016,PER,Perú,26154013971.9303
2017,PER,Perú,26299307522.4385
2018,PER,Perú,27823910735.7222
2019,PER,Perú,27495335833.0905
2020,PER,Perú,24065468136.7282
2021,PER,Perú,28511215806.1853
2022,PER,Perú,28866812959.4505
2023,PER,Perú,26947841537.6447
1970,PHL,Filipinas,12393798021.0435
1971,PHL,Filipinas,13217813599.8611
1972,PHL,Filipinas,13953300505.6305
1973,PHL,Filipinas,16083641858.8062
1974,PHL,Filipinas,16503449219.5903
1975,PHL,Filipinas,16691180552.394
1976,PHL,Filipinas,17514419565.9763
1977,PHL,Filipinas,18593586601.6312
1978,PHL,Filipinas,19856792060.1505
1979,PHL,Filipinas,20656507188.0442
1980,PHL,Filipinas,21464328899.1324
1981,PHL,Filipinas,21732012813.7989
1982,PHL,Filipinas,21980740580.5132
1983,PHL,Filipinas,21629216737.1803
1984,PHL,Filipinas,19763271786.9161
1985,PHL,Filipinas,19247137139.8639
1986,PHL,Filipinas,19625598949.5457
1987,PHL,Filipinas,20620777708.7116
1988,PHL,Filipinas,22571913715.5036
1989,PHL,Filipinas,23590385399.6671
1990,PHL,Filipinas,24116151975.0909
1991,PHL,Filipinas,24302125366.6378
1992,PHL,Filipinas,23852499421.8396
1993,PHL,Filipinas,23957871377.1318
1994,PHL,Filipinas,24995390461.8948
1995,PHL,Filipinas,26554144178.6506
1996,PHL,Filipinas,27891472447.5396
1997,PHL,Filipinas,28807058727.3528
1998,PHL,Filipinas,28509931990.3517
1999,PHL,Filipinas,29284739144.6788
2000,PHL,Filipinas,33416326991.411
2001,PHL,Filipinas,34316160474.7094
2002,PHL,Filipinas,35607238834.6724
2003,PHL,Filipinas,37057385863.7887
2004,PHL,Filipinas,38584348449.4064
2005,PHL,Filipinas,41069930445.4458
2006,PHL,Filipinas,42235455510.5076
2007,PHL,Filipinas,43454167902.1252
2008,PHL,Filipinas,45705993001.7171
2009,PHL,Filipinas,43738532371.8503
2010,PHL,Filipinas,47050167084.2983
2011,PHL,Filipinas,48807383168.1058
2012,PHL,Filipinas,51578519839.2489
2013,PHL,Filipinas,53939881140.7109
2014,PHL,Filipinas,58063818564.0991
2015,PHL,Filipinas,61068605905.329
2016,PHL,Filipinas,65246844534.3804
2017,PHL,Filipinas,70488410277.3207
2018,PHL,Filipinas,74114977301.1995
2019,PHL,Filipinas,76922171579.8596
2020,PHL,Filipinas,69397616390.9262
2021,PHL,Filipinas,75561762758.9771
2022,PHL,Filipinas,79231685504.0137
2023,PHL,Filipinas,80295888626.2635
1970,PLW,Palau,2116778.61482173
1971,PLW,Palau,2119493.09530368
1972,PLW,Palau,2126747.64684332
1973,PLW,Palau,2130931.57650062
1974,PLW,Palau,2133134.77453377
1975,PLW,Palau,2133816.80970879
1976,PLW,Palau,2133127.94442473
1977,PLW,Palau,2163556.08023693
1978,PLW,Palau,2152192.73023953
1979,PLW,Palau,2144440.55646919
1980,PLW,Palau,2137499.21421593
1981,PLW,Palau,2129970.48258447
1982,PLW,Palau,2120559.56804515
1983,PLW,Palau,2157147.48648947
1984,PLW,Palau,2262912.70083933
1985,PLW,Palau,2391512.9211989
1986,PLW,Palau,2518475.8668465
1987,PLW,Palau,2641673.47094851
1988,PLW,Palau,2760791.54848868
1989,PLW,Palau,2988143.4369349
1990,PLW,Palau,3152550.01611764
1991,PLW,Palau,3245339.97473459
1992,PLW,Palau,3239114.81820158
1993,PLW,Palau,2762538.10494543
1994,PLW,Palau,3595790.91856654
1995,PLW,Palau,3517099.28075609
1996,PLW,Palau,3440129.80615579
1997,PLW,Palau,3364844.44130094
1998,PLW,Palau,3291207.08418658
1999,PLW,Palau,3219181.63280771
2000,PLW,Palau,3148731.00942952
2001,PLW,Palau,3750296.76681818
2002,PLW,Palau,4448424.65447842
2003,PLW,Palau,1635318.37359573
2004,PLW,Palau,2012393.08249973
2005,PLW,Palau,1970184.96003814
2006,PLW,Palau,1765561.72304646
2007,PLW,Palau,1750715.99316405
2008,PLW,Palau,2046187.48634311
2009,PLW,Palau,1777099.72868953
2010,PLW,Palau,1715023.79473498
2011,PLW,Palau,1881800.42175765
2012,PLW,Palau,2228450.8977689
2013,PLW,Palau,2383289.4699042
2014,PLW,Palau,2409043.85966733
2015,PLW,Palau,2666578
2016,PLW,Palau,2850550.8901477
2017,PLW,Palau,2835965.68013902
2018,PLW,Palau,2864377.95805198
2019,PLW,Palau,2852355.01466644
2020,PLW,Palau,2588013.20707189
2021,PLW,Palau,2407416.342254
2022,PLW,Palau,2278432.66005783
2023,PLW,Palau,2484406.30718144
1970,PNG,Papua Nueva Guinea,196352524.396036
1971,PNG,Papua Nueva Guinea,209350226.426343
1972,PNG,Papua Nueva Guinea,223230879.657665
1973,PNG,Papua Nueva Guinea,241918012.778209
1974,PNG,Papua Nueva Guinea,245783035.487388
1975,PNG,Papua Nueva Guinea,239300771.193139
1976,PNG,Papua Nueva Guinea,227831055.031028
1977,PNG,Papua Nueva Guinea,226680987.096381
1978,PNG,Papua Nueva Guinea,252838549.648503
1979,PNG,Papua Nueva Guinea,254481734.195984
1980,PNG,Papua Nueva Guinea,231910689.629789
1981,PNG,Papua Nueva Guinea,236152337.596328
1982,PNG,Papua Nueva Guinea,220670400.263314
1983,PNG,Papua Nueva Guinea,230426135.301125
1984,PNG,Papua Nueva Guinea,250043613.270397
1985,PNG,Papua Nueva Guinea,257042304.964535
1986,PNG,Papua Nueva Guinea,233713366.308186
1987,PNG,Papua Nueva Guinea,235728136.710704
1988,PNG,Papua Nueva Guinea,244847623.593721
1989,PNG,Papua Nueva Guinea,265419490.112006
1990,PNG,Papua Nueva Guinea,204976378.03646
1991,PNG,Papua Nueva Guinea,237424785.531339
1992,PNG,Papua Nueva Guinea,256512083.899653
1993,PNG,Papua Nueva Guinea,263510760.236782
1994,PNG,Papua Nueva Guinea,286945720.992014
1995,PNG,Papua Nueva Guinea,288748410.339944
1996,PNG,Papua Nueva Guinea,333383330.428916
1997,PNG,Papua Nueva Guinea,350382479.920845
1998,PNG,Papua Nueva Guinea,360212395.068363
1999,PNG,Papua Nueva Guinea,332861938.492119
2000,PNG,Papua Nueva Guinea,296121009.868797
2001,PNG,Papua Nueva Guinea,296489432.564018
2002,PNG,Papua Nueva Guinea,279297969.174856
2003,PNG,Papua Nueva Guinea,292792412.455915
2004,PNG,Papua Nueva Guinea,299221150.665051
2005,PNG,Papua Nueva Guinea,324355727.214951
2006,PNG,Papua Nueva Guinea,337321977.324095
2007,PNG,Papua Nueva Guinea,381878325.198943
2008,PNG,Papua Nueva Guinea,400608212.614946
2009,PNG,Papua Nueva Guinea,392578212.955707
2010,PNG,Papua Nueva Guinea,422230868.615332
2011,PNG,Papua Nueva Guinea,441839513.233342
2012,PNG,Papua Nueva Guinea,439645442.462554
2013,PNG,Papua Nueva Guinea,447136912.531413
2014,PNG,Papua Nueva Guinea,443319160.997805
2015,PNG,Papua Nueva Guinea,386049308.658936
2016,PNG,Papua Nueva Guinea,400556758.958124
2017,PNG,Papua Nueva Guinea,415339823.791573
2018,PNG,Papua Nueva Guinea,387324057.841664
2019,PNG,Papua Nueva Guinea,385097628.318364
2020,PNG,Papua Nueva Guinea,360408017.249142
2021,PNG,Papua Nueva Guinea,386645683.876982
2022,PNG,Papua Nueva Guinea,426975608.72347
2023,PNG,Papua Nueva Guinea,448309469.26924
1970,POL,Polonia,10343022805.4323
1971,POL,Polonia,11108613687.687
1972,POL,Polonia,11625505706.1147
1973,POL,Polonia,12111538047.5707
1974,POL,Polonia,12981765353.8192
1975,POL,Polonia,13755965980.678
1976,POL,Polonia,14827416509.1719
1977,POL,Polonia,15864956767.6508
1978,POL,Polonia,16740859119.8612
1979,POL,Polonia,17458128612.9605
1980,POL,Polonia,16374660863.6984
1981,POL,Polonia,14614499037.2705
1982,POL,Polonia,13936807461.1735
1983,POL,Polonia,14875145541.7968
1984,POL,Polonia,16019706590.8315
1985,POL,Polonia,16047500272.0409
1986,POL,Polonia,16034470252.5189
1987,POL,Polonia,17233282479.7458
1988,POL,Polonia,19008412703.9261
1989,POL,Polonia,20155861007.1735
1990,POL,Polonia,13012282677.0285
1991,POL,Polonia,11002040613.0165
1992,POL,Polonia,19046076251.9137
1993,POL,Polonia,21308996197.8189
1994,POL,Polonia,23706565645.6966
1995,POL,Polonia,30227653030.4427
1996,POL,Polonia,29903579057.7576
1997,POL,Polonia,29737885205.5754
1998,POL,Polonia,29797908244.8743
1999,POL,Polonia,30594348404.9829
2000,POL,Polonia,30537351737.4134
2001,POL,Polonia,30143671214.9531
2002,POL,Polonia,30772147744.0825
2003,POL,Polonia,34616144235.6517
2004,POL,Polonia,39875726103.6267
2005,POL,Polonia,42146009295.9313
2006,POL,Polonia,48662292024.521
2007,POL,Polonia,55542495953.5657
2008,POL,Polonia,60525417005.9488
2009,POL,Polonia,61254268197.4352
2010,POL,Polonia,67794257504.5715
2011,POL,Polonia,71551750204.21
2012,POL,Polonia,73555712684.3313
2013,POL,Polonia,70838787464.3027
2014,POL,Polonia,79145421268.4501
2015,POL,Polonia,84822390237.432
2016,POL,Polonia,89335719276.4769
2017,POL,Polonia,90990135821.8577
2018,POL,Polonia,96159683130.8844
2019,POL,Polonia,102293886428.643
2020,POL,Polonia,96588923521.1646
2021,POL,Polonia,95825269054.7907
2022,POL,Polonia,107652581970.754
2023,POL,Polonia,106991824143.179
1970,PRI,Puerto Rico,11175759236.5895
1971,PRI,Puerto Rico,11194596852.7223
1972,PRI,Puerto Rico,12675422103.6478
1973,PRI,Puerto Rico,14410418855.0476
1974,PRI,Puerto Rico,15581817929.7329
1975,PRI,Puerto Rico,14134145481.9672
1976,PRI,Puerto Rico,16421688968.9872
1977,PRI,Puerto Rico,17438374961.3018
1978,PRI,Puerto Rico,19957988066.6076
1979,PRI,Puerto Rico,21372507712.1717
1980,PRI,Puerto Rico,23218013801.688202
1981,PRI,Puerto Rico,23461134372.5669
1982,PRI,Puerto Rico,23173810068.9329
1983,PRI,Puerto Rico,23030147917.1158
1984,PRI,Puerto Rico,25516608230.7605
1985,PRI,Puerto Rico,25837085336.5962
1986,PRI,Puerto Rico,26533294212.5347
1987,PRI,Puerto Rico,28334596569.2958
1988,PRI,Puerto Rico,30401121368.5837
1989,PRI,Puerto Rico,30666343799.6116
1990,PRI,Puerto Rico,31660927921.2366
1991,PRI,Puerto Rico,31196788662.625702
1992,PRI,Puerto Rico,33583790557.2086
1993,PRI,Puerto Rico,35296685436.9605
1994,PRI,Puerto Rico,36611746664.4211
1995,PRI,Puerto Rico,38976646686.3979
1996,PRI,Puerto Rico,38998748559.0041
1997,PRI,Puerto Rico,39252920059.4783
1998,PRI,Puerto Rico,44170586000.4612
1999,PRI,Puerto Rico,44723132735.1232
2000,PRI,Puerto Rico,44270044408.0242
2001,PRI,Puerto Rico,50690637471.5806
2002,PRI,Puerto Rico,51817832813.5107
2003,PRI,Puerto Rico,50348058493.1388
2004,PRI,Puerto Rico,52679805724.4128
2005,PRI,Puerto Rico,53265505262.2346
2006,PRI,Puerto Rico,52536143572.5958
2007,PRI,Puerto Rico,51718374405.9477
2008,PRI,Puerto Rico,55385942309.7056
2009,PRI,Puerto Rico,48634266547.4978
2010,PRI,Puerto Rico,50376548292.4731
2011,PRI,Puerto Rico,49403376644.438
2012,PRI,Puerto Rico,49048335460.2355
2013,PRI,Puerto Rico,49104364687.8261
2014,PRI,Puerto Rico,48822973145.61
2015,PRI,Puerto Rico,49519600000
2016,PRI,Puerto Rico,49445233356.3213
2017,PRI,Puerto Rico,46920585369.9793
2018,PRI,Puerto Rico,44971038155.0498
2019,PRI,Puerto Rico,45921524613.8569
2020,PRI,Puerto Rico,44119628682.658
2021,PRI,Puerto Rico,44056516718.2174
2022,PRI,Puerto Rico,44298770478.2543
2023,PRI,Puerto Rico,44037722426.3847
1970,PRK,Corea del Norte,2193488004.74788
1971,PRK,Corea del Norte,2421610757.24114
1972,PRK,Corea del Norte,2673458276.00024
1973,PRK,Corea del Norte,2951497936.70003
1974,PRK,Corea del Norte,3258453722.12166
1975,PRK,Corea del Norte,3597332909.21993
1976,PRK,Corea del Norte,3744823558.49938
1977,PRK,Corea del Norte,3898361324.39333
1978,PRK,Corea del Norte,4058194138.69277
1979,PRK,Corea del Norte,4224580098.37914
1980,PRK,Corea del Norte,4397787882.41856
1981,PRK,Corea del Norte,4560506034.06265
1982,PRK,Corea del Norte,4729244757.32791
1983,PRK,Corea del Norte,4904226813.34799
1984,PRK,Corea del Norte,5085683205.44208
1985,PRK,Corea del Norte,5273853484.0425
1986,PRK,Corea del Norte,5347687432.81679
1987,PRK,Corea del Norte,5422555056.87543
1988,PRK,Corea del Norte,5498470827.67842
1989,PRK,Corea del Norte,5575449419.26735
1990,PRK,Corea del Norte,6198098324.821
1991,PRK,Corea del Norte,5339094529.1815
1992,PRK,Corea del Norte,4361052989.60856
1993,PRK,Corea del Norte,4275101031.13396
1994,PRK,Corea del Norte,4106304851.5883
1995,PRK,Corea del Norte,3890359414.19406
1996,PRK,Corea del Norte,3578036519.62065
1997,PRK,Corea del Norte,2923376923.28694
1998,PRK,Corea del Norte,2846298160.55722
1999,PRK,Corea del Norte,3070000301.57435
2000,PRK,Corea del Norte,3114261982.04976
2001,PRK,Corea del Norte,3212616036.57606
2002,PRK,Corea del Norte,3165391623.91607
2003,PRK,Corea del Norte,3252021245.38692
2004,PRK,Corea del Norte,3262171353.28663
2005,PRK,Corea del Norte,3419919266.3991
2006,PRK,Corea del Norte,3435131431.75069
2007,PRK,Corea del Norte,3459688638.30848
2008,PRK,Corea del Norte,3548786785.75014
2009,PRK,Corea del Norte,3440810980.1128
2010,PRK,Corea del Norte,3429168781.31836
2011,PRK,Corea del Norte,3326712985.31316
2012,PRK,Corea del Norte,3378370167.38462
2013,PRK,Corea del Norte,3415097803.74995
2014,PRK,Corea del Norte,3442524285.45882
2015,PRK,Corea del Norte,3327189967.60156
2016,PRK,Corea del Norte,3486835940.25164
2017,PRK,Corea del Norte,3245244410.09079
2018,PRK,Corea del Norte,2949419993.50109
2019,PRK,Corea del Norte,2917557576.4961
2020,PRK,Corea del Norte,2807374667.38153
2021,PRK,Corea del Norte,2715746369.37427
2022,PRK,Corea del Norte,2591683275.60665
2023,PRK,Corea del Norte,2743983720.97808
1970,PRT,Portugal,17129574232.4404
1971,PRT,Portugal,18423775831.8271
1972,PRT,Portugal,20647271176.8193
1973,PRT,Portugal,23679411214.3427
1974,PRT,Portugal,24404785860.494
1975,PRT,Portugal,22032884786.8254
1976,PRT,Portugal,23022873142.0236
1977,PRT,Portugal,24230931493.2249
1978,PRT,Portugal,25521179338.4173
1979,PRT,Portugal,27267047505.7661
1980,PRT,Portugal,28257153071.574
1981,PRT,Portugal,29145614014.6583
1982,PRT,Portugal,28841308549.7229
1983,PRT,Portugal,28462982125.916
1984,PRT,Portugal,27352641600.3443
1985,PRT,Portugal,28032812233.4194
1986,PRT,Portugal,29781665330.0644
1987,PRT,Portugal,32342510555.5071
1988,PRT,Portugal,34771823661.8598
1989,PRT,Portugal,37482084834.1718
1990,PRT,Portugal,39291324811.9288
1991,PRT,Portugal,38011371940.9439
1992,PRT,Portugal,37010775332.9334
1993,PRT,Portugal,35233580486.3633
1994,PRT,Portugal,36491967064.415
1995,PRT,Portugal,38320510858.5015
1996,PRT,Portugal,31678463129.196
1997,PRT,Portugal,38910826631.0515
1998,PRT,Portugal,37436503781.5636
1999,PRT,Portugal,35226912963.926
2000,PRT,Portugal,34342576131.9231
2001,PRT,Portugal,35796678521.2875
2002,PRT,Portugal,42240417728.0363
2003,PRT,Portugal,42692897389.1734
2004,PRT,Portugal,42064072549.1085
2005,PRT,Portugal,42242360873.75
2006,PRT,Portugal,43797941996.4545
2007,PRT,Portugal,41721457036.6385
2008,PRT,Portugal,44934398408.6999
2009,PRT,Portugal,33220589793.5317
2010,PRT,Portugal,59438901552.4699
2011,PRT,Portugal,38993468670.956
2012,PRT,Portugal,25446268572.3935
2013,PRT,Portugal,26632641469.3775
2014,PRT,Portugal,23780035050.901
2015,PRT,Portugal,24384914252.6203
2016,PRT,Portugal,22867967173.0947
2017,PRT,Portugal,26298699719.7001
2018,PRT,Portugal,26012259262.4135
2019,PRT,Portugal,25032090940.7741
2020,PRT,Portugal,18648748858.6245
2021,PRT,Portugal,20280813581.8928
2022,PRT,Portugal,21108495030.5584
2023,PRT,Portugal,20672479030.974
1970,PRY,Paraguay,1691507786.65192
1971,PRY,Paraguay,1720246618.3415
1972,PRY,Paraguay,1909480292.07986
1973,PRY,Paraguay,2069881623.83045
1974,PRY,Paraguay,2223051492.50966
1975,PRY,Paraguay,2183029084.82056
1976,PRY,Paraguay,2300914400.9265
1977,PRY,Paraguay,2700141034.63459
1978,PRY,Paraguay,3014522657.64993
1979,PRY,Paraguay,3313038700.04703
1980,PRY,Paraguay,3753565715.52145
1981,PRY,Paraguay,3915369701.74712
1982,PRY,Paraguay,3770522249.62018
1983,PRY,Paraguay,3611398891.94683
1984,PRY,Paraguay,3773919790.45986
1985,PRY,Paraguay,3962623572.5078
1986,PRY,Paraguay,3907016115.09559
1987,PRY,Paraguay,4043759341.36648
1988,PRY,Paraguay,4279935184.87093
1989,PRY,Paraguay,4532444160.48532
1990,PRY,Paraguay,4645747471.97272
1991,PRY,Paraguay,4696835264.96512
1992,PRY,Paraguay,4715630834.93115
1993,PRY,Paraguay,4809951555.85576
1994,PRY,Paraguay,4882110336.07393
1995,PRY,Paraguay,4974138806.12238
1996,PRY,Paraguay,5073069411.4245
1997,PRY,Paraguay,5109880799.44404
1998,PRY,Paraguay,5096076528.93671
1999,PRY,Paraguay,5077670834.92694
2000,PRY,Paraguay,4962635247.36628
2001,PRY,Paraguay,4929555613.80739
2002,PRY,Paraguay,4860283483.69009
2003,PRY,Paraguay,4896036544.30399
2004,PRY,Paraguay,5057355550.16368
2005,PRY,Paraguay,5192462547.04195
2006,PRY,Paraguay,5323881502.98303
2007,PRY,Paraguay,5257952307.04033
2008,PRY,Paraguay,5360699793.13777
2009,PRY,Paraguay,5156226633.78156
2010,PRY,Paraguay,5408676486.50299
2011,PRY,Paraguay,5626634345.63244
2012,PRY,Paraguay,5801559256.08364
2013,PRY,Paraguay,6246337113.01764
2014,PRY,Paraguay,6682893278.75762
2015,PRY,Paraguay,7030976482.16485
2016,PRY,Paraguay,7352627803.98836
2017,PRY,Paraguay,7809699118.78141
2018,PRY,Paraguay,7993746462.90243
2019,PRY,Paraguay,7908344281.63517
2020,PRY,Paraguay,7807117204.78069
2021,PRY,Paraguay,8344803714.58207
2022,PRY,Paraguay,8336064188.58006
2023,PRY,Paraguay,8592567305.41028
1970,PSE,Palestina,170543045
1971,PSE,Palestina,194244133
1972,PSE,Palestina,227169210
1973,PSE,Palestina,218288515
1974,PSE,Palestina,266382401
1975,PSE,Palestina,269385747
1976,PSE,Palestina,310581434
1977,PSE,Palestina,307414693
1978,PSE,Palestina,346751446
1979,PSE,Palestina,341280213
1980,PSE,Palestina,391383991
1981,PSE,Palestina,367096154
1982,PSE,Palestina,398319385
1983,PSE,Palestina,382027279
1984,PSE,Palestina,402310572
1985,PSE,Palestina,401396312
1986,PSE,Palestina,478573190
1987,PSE,Palestina,462538432
1988,PSE,Palestina,450265109
1989,PSE,Palestina,474351001
1990,PSE,Palestina,570745963
1991,PSE,Palestina,533257835
1992,PSE,Palestina,633843827
1993,PSE,Palestina,671834065
1994,PSE,Palestina,986994015
1995,PSE,Palestina,982503899
1996,PSE,Palestina,802899260
1997,PSE,Palestina,797411340
1998,PSE,Palestina,867756491
1999,PSE,Palestina,822855331
2000,PSE,Palestina,786269200
2001,PSE,Palestina,777455269
2002,PSE,Palestina,592362710
2003,PSE,Palestina,799905849
2004,PSE,Palestina,845500000
2005,PSE,Palestina,1071300000
2006,PSE,Palestina,728700000
2007,PSE,Palestina,702800000
2008,PSE,Palestina,1022000000
2009,PSE,Palestina,1112000000
2010,PSE,Palestina,1339000000
2011,PSE,Palestina,1329300000
2012,PSE,Palestina,1504400000
2013,PSE,Palestina,1582100000
2014,PSE,Palestina,1437900000
2015,PSE,Palestina,1302400000
2016,PSE,Palestina,1499600000
2017,PSE,Palestina,1756800000
2018,PSE,Palestina,1762800000
2019,PSE,Palestina,1779000000
2020,PSE,Palestina,1500700000
2021,PSE,Palestina,1537700000
2022,PSE,Palestina,1623000000
2023,PSE,Palestina,1497500000
1970,PYF,Polinesia Francesa,135934777.952023
1971,PYF,Polinesia Francesa,130667140.035813
1972,PYF,Polinesia Francesa,179425877.40668
1973,PYF,Polinesia Francesa,231481279.486441
1974,PYF,Polinesia Francesa,190767520.672739
1975,PYF,Polinesia Francesa,185402178.77473
1976,PYF,Polinesia Francesa,167772936.735059
1977,PYF,Polinesia Francesa,168094648.978805
1978,PYF,Polinesia Francesa,195038049.645716
1979,PYF,Polinesia Francesa,197088965.229468
1980,PYF,Polinesia Francesa,200587585.904385
1981,PYF,Polinesia Francesa,212651795.164341
1982,PYF,Polinesia Francesa,242410178.001013
1983,PYF,Polinesia Francesa,276561005.544709
1984,PYF,Polinesia Francesa,284389248.637923
1985,PYF,Polinesia Francesa,323404777.409629
1986,PYF,Polinesia Francesa,226772216.2243
1987,PYF,Polinesia Francesa,288246512.787779
1988,PYF,Polinesia Francesa,301446083.535977
1989,PYF,Polinesia Francesa,318586294.00474
1990,PYF,Polinesia Francesa,357255867.997893
1991,PYF,Polinesia Francesa,371683801.676544
1992,PYF,Polinesia Francesa,334601529.066502
1993,PYF,Polinesia Francesa,286116476.090357
1994,PYF,Polinesia Francesa,286210273.90755
1995,PYF,Polinesia Francesa,271845052.326303
1996,PYF,Polinesia Francesa,279960392.373047
1997,PYF,Polinesia Francesa,275692453.504977
1998,PYF,Polinesia Francesa,286464527.018993
1999,PYF,Polinesia Francesa,309049513.525637
2000,PYF,Polinesia Francesa,323849850.506278
2001,PYF,Polinesia Francesa,329042325.684288
2002,PYF,Polinesia Francesa,348719109.266025
2003,PYF,Polinesia Francesa,338094299.097693
2004,PYF,Polinesia Francesa,336690132.119611
2005,PYF,Polinesia Francesa,316997778.047646
2006,PYF,Polinesia Francesa,273151122.432425
2007,PYF,Polinesia Francesa,283929559.025908
2008,PYF,Polinesia Francesa,297959445.379345
2009,PYF,Polinesia Francesa,280164289.335947
2010,PYF,Polinesia Francesa,259407648.259962
2011,PYF,Polinesia Francesa,253429800.298717
2012,PYF,Polinesia Francesa,259142497.189151
2013,PYF,Polinesia Francesa,261190874.560223
2014,PYF,Polinesia Francesa,247775140.767131
2015,PYF,Polinesia Francesa,271474866.950432
2016,PYF,Polinesia Francesa,284314779.104767
2017,PYF,Polinesia Francesa,273734909.983181
2018,PYF,Polinesia Francesa,289316233.852467
2019,PYF,Polinesia Francesa,287160885.663128
2020,PYF,Polinesia Francesa,268144316.059866
2021,PYF,Polinesia Francesa,275046908.844487
2022,PYF,Polinesia Francesa,286103057.761953
2023,PYF,Polinesia Francesa,288554504.374
1970,QAT,Qatar,939203327.854446
1971,QAT,Qatar,1046217160.06002
1972,QAT,Qatar,1113389389.18097
1973,QAT,Qatar,1293399338.87508
1974,QAT,Qatar,1414839618.96164
1975,QAT,Qatar,1201830580.78952
1976,QAT,Qatar,1790392023.46153
1977,QAT,Qatar,1646906647.02241
1978,QAT,Qatar,1959081824.00339
1979,QAT,Qatar,2119783828.66848
1980,QAT,Qatar,1714084065.84073
1981,QAT,Qatar,1736525316.10272
1982,QAT,Qatar,1844457043.32624
1983,QAT,Qatar,2085967641.17019
1984,QAT,Qatar,2495253300.3631
1985,QAT,Qatar,2568988836.85809
1986,QAT,Qatar,2840421101.34414
1987,QAT,Qatar,3417481821.88601
1988,QAT,Qatar,3353363964.23497
1989,QAT,Qatar,3380079738.30298
1990,QAT,Qatar,3521139025.58394
1991,QAT,Qatar,3312755987.51701
1992,QAT,Qatar,3635941469.9014
1993,QAT,Qatar,3632735172.12319
1994,QAT,Qatar,3751368182.90668
1995,QAT,Qatar,2749934568.59808
1996,QAT,Qatar,2819404349.67993
1997,QAT,Qatar,3817005089.96215
1998,QAT,Qatar,4121014344.73621
1999,QAT,Qatar,4188571957.18864
2000,QAT,Qatar,3873303100.01202
2001,QAT,Qatar,4401378435.64266
2002,QAT,Qatar,4859644238.1721
2003,QAT,Qatar,5210943821.80307
2004,QAT,Qatar,5549857843.12773
2005,QAT,Qatar,6018690411.54354
2006,QAT,Qatar,6303658797.07428
2007,QAT,Qatar,6730547290.8517
2008,QAT,Qatar,8000240791.51924
2009,QAT,Qatar,9098853184.42348
2010,QAT,Qatar,10696988851.1124
2011,QAT,Qatar,11770920956.9144
2012,QAT,Qatar,12348742202.6902
2013,QAT,Qatar,12988012005.5929
2014,QAT,Qatar,13561848099.3897
2015,QAT,Qatar,14419966676.0989
2016,QAT,Qatar,14561203635.7131
2017,QAT,Qatar,14441270114.0262
2018,QAT,Qatar,15415019519.7791
2019,QAT,Qatar,15149321447.7322
2020,QAT,Qatar,14133269625.566
2021,QAT,Qatar,14680660629.2199
2022,QAT,Qatar,14992403673.8108
2023,QAT,Qatar,15398471476.6727
1970,ROU,Rumania,13442592870.0698
1971,ROU,Rumania,14921239644.5321
1972,ROU,Rumania,16937555961.0809
1973,ROU,Rumania,19760791991.8716
1974,ROU,Rumania,22448898753.0428
1975,ROU,Rumania,25002760229.6072
1976,ROU,Rumania,27021130222.627
1977,ROU,Rumania,29974925104.3633
1978,ROU,Rumania,32798513692.7695
1979,ROU,Rumania,35363929033.9998
1980,ROU,Rumania,37488216374.3761
1981,ROU,Rumania,36529767511.5443
1982,ROU,Rumania,30252121761.424
1983,ROU,Rumania,29136350653.3302
1984,ROU,Rumania,30243801124.1969
1985,ROU,Rumania,31200346252.7174
1986,ROU,Rumania,32120835446.0578
1987,ROU,Rumania,35079630028.7495
1988,ROU,Rumania,35493799869.7877
1989,ROU,Rumania,29736191505.6832
1990,ROU,Rumania,25905828432.2583
1991,ROU,Rumania,22115417376.7894
1992,ROU,Rumania,18854752780.5181
1993,ROU,Rumania,17852745107.3846
1994,ROU,Rumania,18403603988.398
1995,ROU,Rumania,19635428762.0084
1996,ROU,Rumania,21072932050.5315
1997,ROU,Rumania,19577961353.4192
1998,ROU,Rumania,18280224807.2687
1999,ROU,Rumania,17921852318.7923
2000,ROU,Rumania,19421910391.5048
2001,ROU,Rumania,21584546965.8937
2002,ROU,Rumania,22880095691.895
2003,ROU,Rumania,24177212855.1723
2004,ROU,Rumania,26378972005.0494
2005,ROU,Rumania,27341931664.1827
2006,ROU,Rumania,29587474967.1728
2007,ROU,Rumania,29485879969.8774
2008,ROU,Rumania,34202719645.1176
2009,ROU,Rumania,32179749246.6347
2010,ROU,Rumania,32475044582.4986
2011,ROU,Rumania,35976750076.7774
2012,ROU,Rumania,31213739071.3502
2013,ROU,Rumania,31055054067.2165
2014,ROU,Rumania,34242145474.0125
2015,ROU,Rumania,35947074977.1157
2016,ROU,Rumania,36446492489.8946
2017,ROU,Rumania,39432367047.2533
2018,ROU,Rumania,41778934138.8889
2019,ROU,Rumania,41156738512.547
2020,ROU,Rumania,37524656475.4564
2021,ROU,Rumania,39792241594.6976
2022,ROU,Rumania,36281756403.6902
2023,ROU,Rumania,35675115723.5071
1990,RUS,Rusia,182682585806.017
1991,RUS,Rusia,172273030377.51
1992,RUS,Rusia,141417078829.767
1993,RUS,Rusia,121006354490.648
1994,RUS,Rusia,96769394898.5151
1995,RUS,Rusia,93335511120.8259
1996,RUS,Rusia,90795099687.3315
1997,RUS,Rusia,92467564437.1855
1998,RUS,Rusia,87798517308.2568
1999,RUS,Rusia,96520423556.2959
2000,RUS,Rusia,107461992100.755
2001,RUS,Rusia,112249552797.566
2002,RUS,Rusia,116870439672.111
2003,RUS,Rusia,127154302783.804
2004,RUS,Rusia,137393789177.23
2005,RUS,Rusia,143490267109.264
2006,RUS,Rusia,152920549241.383
2007,RUS,Rusia,164423811801.136
2008,RUS,Rusia,160934345746.7
2009,RUS,Rusia,137412322619.616
2010,RUS,Rusia,149241561666.113
2011,RUS,Rusia,158547646039.34
2012,RUS,Rusia,166767916868.901
2013,RUS,Rusia,169111600519.589
2014,RUS,Rusia,170400187119.117
2015,RUS,Rusia,168840255549.961
2016,RUS,Rusia,170674648295.827
2017,RUS,Rusia,178160421251.441
2018,RUS,Rusia,185219591117.29
2019,RUS,Rusia,190530919535.366
2020,RUS,Rusia,190799526625.604
2021,RUS,Rusia,202205662152.278
2022,RUS,Rusia,197191655393.673
2023,RUS,Rusia,201235220181.516
1970,RWA,Ruanda,82787841.4728176
1971,RWA,Ruanda,84967143.4115569
1972,RWA,Ruanda,87337332.9186715
1973,RWA,Ruanda,90801875.2813593
1974,RWA,Ruanda,92330423.6718468
1975,RWA,Ruanda,95311312.2504929
1976,RWA,Ruanda,99817359.2758833
1977,RWA,Ruanda,110718465.618021
1978,RWA,Ruanda,117416735.780193
1979,RWA,Ruanda,116366026.734641
1980,RWA,Ruanda,146142577.39248
1981,RWA,Ruanda,127271316.318539
1982,RWA,Ruanda,165084272.58753
1983,RWA,Ruanda,190387044.275373
1984,RWA,Ruanda,161531734.442835
1985,RWA,Ruanda,172769355.106497
1986,RWA,Ruanda,205104702.306431
1987,RWA,Ruanda,212601503.098146
1988,RWA,Ruanda,200561239.34367
1989,RWA,Ruanda,185883688.833843
1990,RWA,Ruanda,192905957.385202
1991,RWA,Ruanda,179795498.146959
1992,RWA,Ruanda,203000137.184529
1993,RWA,Ruanda,193472318.868297
1994,RWA,Ruanda,87782793.4795171
1995,RWA,Ruanda,112175173.455102
1996,RWA,Ruanda,143719161.606659
1997,RWA,Ruanda,190235700.387543
1998,RWA,Ruanda,219529031.878438
1999,RWA,Ruanda,235061877.235216
2000,RWA,Ruanda,235061877.235216
2001,RWA,Ruanda,258568064.958738
2002,RWA,Ruanda,297745044.497941
2003,RWA,Ruanda,311177151.768525
2004,RWA,Ruanda,349234789.035179
2005,RWA,Ruanda,378337688.121444
2006,RWA,Ruanda,428708090.386133
2007,RWA,Ruanda,430946774.93123
2008,RWA,Ruanda,455572304.9273
2009,RWA,Ruanda,469004412.197884
2010,RWA,Ruanda,512658760.827282
2011,RWA,Ruanda,555193767.18413
2012,RWA,Ruanda,587654693.088041
2013,RWA,Ruanda,614518907.629209
2014,RWA,Ruanda,537284290.823352
2015,RWA,Ruanda,582057981.725298
2016,RWA,Ruanda,621234961.2645
2017,RWA,Ruanda,661531283.076252
2018,RWA,Ruanda,751078664.880144
2019,RWA,Ruanda,835029335.321293
2020,RWA,Ruanda,851819469.409522
2021,RWA,Ruanda,942486193.485963
2022,RWA,Ruanda,1046585024.83299
2023,RWA,Ruanda,1156280567.54276
1970,SAU,Arabia Saudita,6212199629.75505
1971,SAU,Arabia Saudita,6333723623.87939
1972,SAU,Arabia Saudita,6682158484.19252
1973,SAU,Arabia Saudita,7238597914.79981
1974,SAU,Arabia Saudita,7849067769.49109
1975,SAU,Arabia Saudita,7451110198.30569
1976,SAU,Arabia Saudita,8200535119.54416
1977,SAU,Arabia Saudita,8796171650.11678
1978,SAU,Arabia Saudita,9513030597.81638
1979,SAU,Arabia Saudita,10408031253.3106
1980,SAU,Arabia Saudita,10902611443.559
1981,SAU,Arabia Saudita,11759170476.924
1982,SAU,Arabia Saudita,12741096470.7434
1983,SAU,Arabia Saudita,13744324113.3109
1984,SAU,Arabia Saudita,15274748724.7766
1985,SAU,Arabia Saudita,16781133942.382
1986,SAU,Arabia Saudita,16978074083.0775
1987,SAU,Arabia Saudita,16963086224.9936
1988,SAU,Arabia Saudita,17576445194.1246
1989,SAU,Arabia Saudita,17637893265.0929
1990,SAU,Arabia Saudita,18389530565.9806
1991,SAU,Arabia Saudita,18470098668.3773
1992,SAU,Arabia Saudita,19145245168.0712
1993,SAU,Arabia Saudita,19896444096.0301
1994,SAU,Arabia Saudita,20926502509.0899
1995,SAU,Arabia Saudita,22475135929.7597
1996,SAU,Arabia Saudita,25683758001.53
1997,SAU,Arabia Saudita,26843081845.6831
1998,SAU,Arabia Saudita,27284953928.9716
1999,SAU,Arabia Saudita,28363500340.6779
2000,SAU,Arabia Saudita,29748581591.8349
2001,SAU,Arabia Saudita,31016188255.5331
2002,SAU,Arabia Saudita,32120293641.1766
2003,SAU,Arabia Saudita,34611618310.6692
2004,SAU,Arabia Saudita,39406035771.335
2005,SAU,Arabia Saudita,42251872339.665
2006,SAU,Arabia Saudita,45928304722.1177
2007,SAU,Arabia Saudita,49774853621.8848
2008,SAU,Arabia Saudita,54495807869.6772
2009,SAU,Arabia Saudita,55589885507.5976
2010,SAU,Arabia Saudita,60080069151.6546
2011,SAU,Arabia Saudita,66566399803.5298
2012,SAU,Arabia Saudita,69369761659.9534
2013,SAU,Arabia Saudita,72123383425.5034
2014,SAU,Arabia Saudita,79675580773.2157
2015,SAU,Arabia Saudita,85919171146.9333
2016,SAU,Arabia Saudita,88987939578.4174
2017,SAU,Arabia Saudita,91725038207.2164
2018,SAU,Arabia Saudita,89264955343.719
2019,SAU,Arabia Saudita,89390565990.2414
2020,SAU,Arabia Saudita,81858192648.525
2021,SAU,Arabia Saudita,88952460602.7577
2022,SAU,Arabia Saudita,95896287123.8107
2023,SAU,Arabia Saudita,92580591258.4003
2008,SDN,Sudán,4163254588.05713
2009,SDN,Sudán,4149750550.60515
2010,SDN,Sudán,4636300241.82176
2011,SDN,Sudán,5011840561.35766
2012,SDN,Sudán,4962216049.0002
2013,SDN,Sudán,5014904355.51217
2014,SDN,Sudán,4986201180.48813
2015,SDN,Sudán,5495385572.9424
2016,SDN,Sudán,5944355268.2143
2017,SDN,Sudán,6147581649.86103
2018,SDN,Sudán,6320656211.87874
2019,SDN,Sudán,6347939398.83627
2020,SDN,Sudán,5987756015.20384
2021,SDN,Sudán,5950657698.58244
2022,SDN,Sudán,5902894295.25562
2023,SDN,Sudán,5218947247.28397
1970,SEN,Senegal,735937493.525783
1971,SEN,Senegal,755434962.477602
1972,SEN,Senegal,770726810.139146
1973,SEN,Senegal,755424682.62352
1974,SEN,Senegal,841454827.95006
1975,SEN,Senegal,863793822.33573
1976,SEN,Senegal,955557840.331501
1977,SEN,Senegal,1004312954.23353
1978,SEN,Senegal,918613372.442757
1979,SEN,Senegal,1009821822.63134
1980,SEN,Senegal,964319969.753669
1981,SEN,Senegal,1083263409.7313
1982,SEN,Senegal,1201408571.58761
1983,SEN,Senegal,1215777577.76114
1984,SEN,Senegal,1213382743.39717
1985,SEN,Senegal,1234137974.53441
1986,SEN,Senegal,1301193336.67065
1987,SEN,Senegal,1416943664.16471
1988,SEN,Senegal,1558238891.52052
1989,SEN,Senegal,1523114654.21147
1990,SEN,Senegal,1582187235.13962
1991,SEN,Senegal,1546264719.71268
1992,SEN,Senegal,1615714916.20946
1993,SEN,Senegal,1579792400.77909
1994,SEN,Senegal,1504754257.43819
1995,SEN,Senegal,1764194646.65031
1996,SEN,Senegal,1828056896.30298
1997,SEN,Senegal,1811611518.69336
1998,SEN,Senegal,1885632085.74724
1999,SEN,Senegal,1926007569.85542
2000,SEN,Senegal,2096239475.90501
2001,SEN,Senegal,2255450542.7898
2002,SEN,Senegal,2325875436.13214
2003,SEN,Senegal,2316557506.11066
2004,SEN,Senegal,2386365906.88039
2005,SEN,Senegal,2411185969.29705
2006,SEN,Senegal,2411007371.47994
2007,SEN,Senegal,2466284543.66115
2008,SEN,Senegal,2408348036.24247
2009,SEN,Senegal,2494457324.55006
2010,SEN,Senegal,2538191451.15636
2011,SEN,Senegal,2771332396.55957
2012,SEN,Senegal,2769699997.5462
2013,SEN,Senegal,2848725292.94046
2014,SEN,Senegal,2854979958.63377
2015,SEN,Senegal,3029371722.70343
2016,SEN,Senegal,3208213921.97794
2017,SEN,Senegal,3372862841.40996
2018,SEN,Senegal,3509709428.17228
2019,SEN,Senegal,3640906660.65045
2020,SEN,Senegal,3644038734.64711
2021,SEN,Senegal,3892941442.76098
2022,SEN,Senegal,4025091910.4383
2023,SEN,Senegal,4225569709.77637
1970,SGP,Singapur,2669430654.81061
1971,SGP,Singapur,3161347807.90282
1972,SGP,Singapur,3732620515.33832
1973,SGP,Singapur,4337497499.68178
1974,SGP,Singapur,4509737602.96765
1975,SGP,Singapur,4420780826.65066
1976,SGP,Singapur,4939465022.82109
1977,SGP,Singapur,5399741785.31813
1978,SGP,Singapur,6011092320.84083
1979,SGP,Singapur,6840797919.73524
1980,SGP,Singapur,7524884985.36177
1981,SGP,Singapur,8224683141.49074
1982,SGP,Singapur,7936719218.80967
1983,SGP,Singapur,8158856581.74677
1984,SGP,Singapur,8770716272.9802
1985,SGP,Singapur,8130489335.00627
1986,SGP,Singapur,8813630825.74146
1987,SGP,Singapur,10351935700.9074
1988,SGP,Singapur,12249486298.2561
1989,SGP,Singapur,13450075464.15
1990,SGP,Singapur,14727328932.7733
1991,SGP,Singapur,15528812757.9874
1992,SGP,Singapur,15885294492.0263
1993,SGP,Singapur,17420762642.5181
1994,SGP,Singapur,19632098630.7348
1995,SGP,Singapur,21603113123.4884
1996,SGP,Singapur,22201443820.1226
1997,SGP,Singapur,23155819831.6149
1998,SGP,Singapur,22987071081.774
1999,SGP,Singapur,25982652337.5702
2000,SGP,Singapur,29918062298.838
2001,SGP,Singapur,26446056770.8617
2002,SGP,Singapur,28685687269.2888
2003,SGP,Singapur,29545214845.5258
2004,SGP,Singapur,33635990035.0954
2005,SGP,Singapur,36834651682.9415
2006,SGP,Singapur,41226046951.4302
2007,SGP,Singapur,43675231393.0864
2008,SGP,Singapur,41845907660.975
2009,SGP,Singapur,40109177531.6859
2010,SGP,Singapur,52011710581.3467
2011,SGP,Singapur,56072663793.5737
2012,SGP,Singapur,56251595657.6292
2013,SGP,Singapur,57191715309.2212
2014,SGP,Singapur,58726237884.8217
2015,SGP,Singapur,55714872801.993
2016,SGP,Singapur,57776880693.9065
2017,SGP,Singapur,63789209535.7591
2018,SGP,Singapur,68272761987.8894
2019,SGP,Singapur,67279326459.7312
2020,SGP,Singapur,72345934937.1738
2021,SGP,Singapur,81967886821.9592
2022,SGP,Singapur,84181041223.4284
2023,SGP,Singapur,80546251341.0798
1970,SLB,Islas Salomón,19892558.1884939
1971,SLB,Islas Salomón,20915217.5687601
1972,SLB,Islas Salomón,21424481.4894734
1973,SLB,Islas Salomón,23369600.1480232
1974,SLB,Islas Salomón,28133735.963376
1975,SLB,Islas Salomón,25679658.5233652
1976,SLB,Islas Salomón,29154044.0058556
1977,SLB,Islas Salomón,32682608.5282674
1978,SLB,Islas Salomón,35691318.8658056
1979,SLB,Islas Salomón,43333718.3214487
1980,SLB,Islas Salomón,41302951.1388527
1981,SLB,Islas Salomón,42876837.5828954
1982,SLB,Islas Salomón,42516202.6280991
1983,SLB,Islas Salomón,42543414.3203532
1984,SLB,Islas Salomón,38675830.7612064
1985,SLB,Islas Salomón,43832608.3403866
1986,SLB,Islas Salomón,46410997.3798177
1987,SLB,Islas Salomón,56079955.1950399
1988,SLB,Islas Salomón,56079955.1950399
1989,SLB,Islas Salomón,57369149.2150733
1990,SLB,Islas Salomón,54790760.6753243
1991,SLB,Islas Salomón,55119146.4752316
1992,SLB,Islas Salomón,59561009.7690495
1993,SLB,Islas Salomón,63960264.9966683
1994,SLB,Islas Salomón,87523202.0078961
1995,SLB,Islas Salomón,94595908.6447358
1996,SLB,Islas Salomón,99884522.8704328
1997,SLB,Islas Salomón,103274573.493333
1998,SLB,Islas Salomón,109074927.398393
1999,SLB,Islas Salomón,111658261.792377
2000,SLB,Islas Salomón,91512796.4631376
2001,SLB,Islas Salomón,74988498.9235225
2002,SLB,Islas Salomón,72660205.9794431
2003,SLB,Islas Salomón,94044783.5161243
2004,SLB,Islas Salomón,94588358.4469695
2005,SLB,Islas Salomón,88939998.5341989
2006,SLB,Islas Salomón,98471265.7595841
2007,SLB,Islas Salomón,120807945.054057
2008,SLB,Islas Salomón,118739447.203038
2009,SLB,Islas Salomón,118747189.778444
2010,SLB,Islas Salomón,128872319.616325
2011,SLB,Islas Salomón,131804973.82866
2012,SLB,Islas Salomón,134576959.39947
2013,SLB,Islas Salomón,133012751.799288
2014,SLB,Islas Salomón,117637655.487497
2015,SLB,Islas Salomón,103047501.087309
2016,SLB,Islas Salomón,114964254.046494
2017,SLB,Islas Salomón,135447544.172054
2018,SLB,Islas Salomón,136029568.980543
2019,SLB,Islas Salomón,136397162.342841
2020,SLB,Islas Salomón,131966253.248373
2021,SLB,Islas Salomón,128301728.202398
2022,SLB,Islas Salomón,120523342.239719
2023,SLB,Islas Salomón,117741936.160736
1970,SLE,Sierra Leona,65887250.843856104
1971,SLE,Sierra Leona,69114500.0734131
1972,SLE,Sierra Leona,72628796.8625728
1973,SLE,Sierra Leona,78485957.8085467
1974,SLE,Sierra Leona,85514550.8944764
1975,SLE,Sierra Leona,90200279.4542997
1976,SLE,Sierra Leona,89028847.5605387
1977,SLE,Sierra Leona,89028847.5605387
1978,SLE,Sierra Leona,93714576.2434594
1979,SLE,Sierra Leona,93714576.2434594
1980,SLE,Sierra Leona,94886008.62961
1981,SLE,Sierra Leona,107771762.661514
1982,SLE,Sierra Leona,107771762.661514
1983,SLE,Sierra Leona,101914601.592442
1984,SLE,Sierra Leona,97228872.9095217
1985,SLE,Sierra Leona,85918669.5206745
1986,SLE,Sierra Leona,77948838.2011994
1987,SLE,Sierra Leona,78337610.1484388
1988,SLE,Sierra Leona,74838660.1613351
1989,SLE,Sierra Leona,63758650.4327035
1990,SLE,Sierra Leona,79115154.9045997
1991,SLE,Sierra Leona,73414417.7945333
1992,SLE,Sierra Leona,66346912.0125825
1993,SLE,Sierra Leona,65707659.7034428
1994,SLE,Sierra Leona,68810092.3302859
1995,SLE,Sierra Leona,60956381.5190973
1996,SLE,Sierra Leona,46884195.4337229
1997,SLE,Sierra Leona,39267122.1867061
1998,SLE,Sierra Leona,39065343.5972827
1999,SLE,Sierra Leona,35710609.2590524
2000,SLE,Sierra Leona,34604142.0308545
2001,SLE,Sierra Leona,45519129.1992137
2002,SLE,Sierra Leona,51323077.467605
2003,SLE,Sierra Leona,50759284.8642112
2004,SLE,Sierra Leona,51315612.5936134
2005,SLE,Sierra Leona,53125486.8154636
2006,SLE,Sierra Leona,61843162.0677128
2007,SLE,Sierra Leona,62549479.5768602
2008,SLE,Sierra Leona,63484243.8706779
2009,SLE,Sierra Leona,59163700.6837619
2010,SLE,Sierra Leona,64544057.1751462
2011,SLE,Sierra Leona,74210549.1538548
2012,SLE,Sierra Leona,77194230.0649715
2013,SLE,Sierra Leona,79084898.9118303
2014,SLE,Sierra Leona,73453228.8120821
2015,SLE,Sierra Leona,116931535.172728
2016,SLE,Sierra Leona,187368400.215208
2017,SLE,Sierra Leona,294538721.541657
2018,SLE,Sierra Leona,438478317.794343
2019,SLE,Sierra Leona,466029737.0591
2020,SLE,Sierra Leona,467302933.716453
2021,SLE,Sierra Leona,484938363.081143
2022,SLE,Sierra Leona,495140062.102521
2023,SLE,Sierra Leona,505121539.832204
1970,SLV,El Salvador,1611417237.2404
1971,SLV,El Salvador,1725467315.72442
1972,SLV,El Salvador,1791689942.40438
1973,SLV,El Salvador,1920456159.35248
1974,SLV,El Salvador,2030827203.47703
1975,SLV,El Salvador,2126482108.11132
1976,SLV,El Salvador,2314112881.99426
1977,SLV,El Salvador,2435521030.22341
1978,SLV,El Salvador,2542213038.96231
1979,SLV,El Salvador,2417125856.37368
1980,SLV,El Salvador,2155914386.06566
1981,SLV,El Salvador,1931493264.48326
1982,SLV,El Salvador,1769615733.169
1983,SLV,El Salvador,1806406081.89464
1984,SLV,El Salvador,1828480290.10384
1985,SLV,El Salvador,1894702916.7838
1986,SLV,El Salvador,1942530368.58786
1987,SLV,El Salvador,2001394925.5227
1988,SLV,El Salvador,2060259481.43136
1989,SLV,El Salvador,2111765968.62107
1990,SLV,El Salvador,2177988595.30103
1991,SLV,El Salvador,2244136217.82491
1992,SLV,El Salvador,2361189997.72523
1993,SLV,El Salvador,2536339694.60403
1994,SLV,El Salvador,2680594492.97708
1995,SLV,El Salvador,2792881067.16746
1996,SLV,El Salvador,2776691707.76433
1997,SLV,El Salvador,2929962552.44502
1998,SLV,El Salvador,3078508194.8104
1999,SLV,El Salvador,3122179975.52248
2000,SLV,El Salvador,3181335189.3396
2001,SLV,El Salvador,3228747713.4441
2002,SLV,El Salvador,3241980665.7838
2003,SLV,El Salvador,3241102111.19825
2004,SLV,El Salvador,3191313305.48424
2005,SLV,El Salvador,3154506284.49357
2006,SLV,El Salvador,3245610991.72127
2007,SLV,El Salvador,3314037392.81195
2008,SLV,El Salvador,3493304136.58233
2009,SLV,El Salvador,3348823322.14189
2010,SLV,El Salvador,3411658414.86049
2011,SLV,El Salvador,3553821894.26129
2012,SLV,El Salvador,3607143843.03666
2013,SLV,El Salvador,3635669510.78125
2014,SLV,El Salvador,3727257022.05313
2015,SLV,El Salvador,3840938362
2016,SLV,El Salvador,3891256331.26565
2017,SLV,El Salvador,3940456123.82417
2018,SLV,El Salvador,3959465135.02853
2019,SLV,El Salvador,4036619355.52695
2020,SLV,El Salvador,3465230853.97674
2021,SLV,El Salvador,3871874594.83429
2022,SLV,El Salvador,3809629402.91255
2023,SLV,El Salvador,3681411760.64216
1970,SMR,San Marino,208630795.039091
1971,SMR,San Marino,212423928.708717
1972,SMR,San Marino,220263401.694646
1973,SMR,San Marino,235959071.174574
1974,SMR,San Marino,248937154.057129
1975,SMR,San Marino,243733951.70822
1976,SMR,San Marino,261100954.106327
1977,SMR,San Marino,267786441.340866
1978,SMR,San Marino,276463045.149314
1979,SMR,San Marino,292938045.049008
1980,SMR,San Marino,302985774.411269
1981,SMR,San Marino,305543456.931814
1982,SMR,San Marino,306807840.129573
1983,SMR,San Marino,310394262.763181
1984,SMR,San Marino,320406557.10274
1985,SMR,San Marino,329375471.369636
1986,SMR,San Marino,338789775.050077
1987,SMR,San Marino,349603993.02015
1988,SMR,San Marino,364285845.297644
1989,SMR,San Marino,376591146.582884
1990,SMR,San Marino,384089727.276553
1991,SMR,San Marino,390075828.167913
1992,SMR,San Marino,393112244.22686
1993,SMR,San Marino,427736228.844741
1994,SMR,San Marino,457890902.783363
1995,SMR,San Marino,499033549.895322
1996,SMR,San Marino,525230235.056975
1997,SMR,San Marino,552133648.589741
1998,SMR,San Marino,585878914.708696
1999,SMR,San Marino,654121592.019705
2000,SMR,San Marino,663620195.507686
2001,SMR,San Marino,662172184.443143
2002,SMR,San Marino,656541801.98787
2003,SMR,San Marino,635542978.627614
2004,SMR,San Marino,639824736.872606
2005,SMR,San Marino,631784312.312676
2006,SMR,San Marino,646562247.899331
2007,SMR,San Marino,675767340.643003
2008,SMR,San Marino,595205425.177582
2009,SMR,San Marino,470725048.111298
2010,SMR,San Marino,486441762.533153
2011,SMR,San Marino,440811158.146802
2012,SMR,San Marino,406914296.422068
2013,SMR,San Marino,424996837.869786
2014,SMR,San Marino,404602819.266311
2015,SMR,San Marino,405212391.319174
2016,SMR,San Marino,417881954.691625
2017,SMR,San Marino,421180238.863304
2018,SMR,San Marino,477323729.400634
2019,SMR,San Marino,464043474.420177
2020,SMR,San Marino,446774141.571833
2021,SMR,San Marino,529854195.008285
2022,SMR,San Marino,586882991.536402
2023,SMR,San Marino,582302134.45812
1970,SOM,Somalia,22835226.745317
1971,SOM,Somalia,26219301.8065304
1972,SOM,Somalia,27017559.9230908
1973,SOM,Somalia,25331763.839688
1974,SOM,Somalia,20434907.5739815
1975,SOM,Somalia,18860330.464556
1976,SOM,Somalia,24598675.4853971
1977,SOM,Somalia,29754351.7739428
1978,SOM,Somalia,25148414.9668057
1979,SOM,Somalia,30122826.7185407
1980,SOM,Somalia,32886388.8027632
1981,SOM,Somalia,27359264.6342061
1982,SOM,Somalia,34082688.5696474
1983,SOM,Somalia,27635620.8426358
1984,SOM,Somalia,25609008.6474596
1985,SOM,Somalia,27543829.814171
1986,SOM,Somalia,30491030.8338412
1987,SOM,Somalia,31688651.0324719
1988,SOM,Somalia,29175845.0972988
1989,SOM,Somalia,24269977.493268
1990,SOM,Somalia,25342628.5363312
1991,SOM,Somalia,30529584.1392414
1992,SOM,Somalia,25693202.7400457
1993,SOM,Somalia,27360853.1124104
1994,SOM,Somalia,22189270.4448052
1995,SOM,Somalia,24146524.4664457
1996,SOM,Somalia,27393270.5975662
1997,SOM,Somalia,30955125.1817444
1998,SOM,Somalia,35055142.8111036
1999,SOM,Somalia,38569925.5614331
2000,SOM,Somalia,45218988.634771
2001,SOM,Somalia,42461899.005766
2002,SOM,Somalia,49035732.178768
2003,SOM,Somalia,56542878.9036041
2004,SOM,Somalia,61913876.0255225
2005,SOM,Somalia,68391459.3482507
2006,SOM,Somalia,71273438.4566115
2007,SOM,Somalia,76576925.1516535
2008,SOM,Somalia,82155691.1789179
2009,SOM,Somalia,87365361.7483254
2010,SOM,Somalia,93497954.3171697
2011,SOM,Somalia,99901168.4538728
2012,SOM,Somalia,104027070.835717
2013,SOM,Somalia,101002117.949712
2014,SOM,Somalia,117615784.552215
2015,SOM,Somalia,144083302.699891
2016,SOM,Somalia,169454576.064377
2017,SOM,Somalia,184033449.54123
2018,SOM,Somalia,190258933.391863
2019,SOM,Somalia,195693495.764118
2020,SOM,Somalia,190031596.04455101
2021,SOM,Somalia,196775041.482493
2022,SOM,Somalia,202122349.22365
2023,SOM,Somalia,210594629.452186
1990,SRB,Serbia,7313814925.92345
1991,SRB,Serbia,6484340992.44634
1992,SRB,Serbia,4622176637.54518
1993,SRB,Serbia,3232407111.42235
1994,SRB,Serbia,3362204916.13817
1995,SRB,Serbia,3401923097.68942
1996,SRB,Serbia,3782271944.32938
1997,SRB,Serbia,4214020724.38625
1998,SRB,Serbia,4538435187.29766
1999,SRB,Serbia,3910718015.1349
2000,SRB,Serbia,4428532206.062
2001,SRB,Serbia,4637490962.00146
2002,SRB,Serbia,5041351126.50165
2003,SRB,Serbia,5127699595.88343
2004,SRB,Serbia,5547595760.27977
2005,SRB,Serbia,5677228115.73325
2006,SRB,Serbia,5691456306.97328
2007,SRB,Serbia,6026892798.9593
2008,SRB,Serbia,6236905039.1078
2009,SRB,Serbia,5448275550.01692
2010,SRB,Serbia,5487185119.12697
2011,SRB,Serbia,5569217004.85036
2012,SRB,Serbia,5705288690.10768
2013,SRB,Serbia,6068447659.99526
2014,SRB,Serbia,5679265563.63911
2015,SRB,Serbia,5856361131.19555
2016,SRB,Serbia,6030855675.31167
2017,SRB,Serbia,6302895123.37514
2018,SRB,Serbia,6396028725.84382
2019,SRB,Serbia,6399962136.32897
2020,SRB,Serbia,6432495484.73425
2021,SRB,Serbia,6767706286.04487
2022,SRB,Serbia,6899050158.52885
2023,SRB,Serbia,7129600886.78188
2008,SSD,Sudán del Sur,125025918.40254
2009,SSD,Sudán del Sur,207656612.735305
2010,SSD,Sudán del Sur,178477378.346236
2011,SSD,Sudán del Sur,227430036.107036
2012,SSD,Sudán del Sur,106154306.901144
2013,SSD,Sudán del Sur,116590932.103459
2014,SSD,Sudán del Sur,122156635.922863
2015,SSD,Sudán del Sur,150452801.202312
2016,SSD,Sudán del Sur,145293866.791873
2017,SSD,Sudán del Sur,134822213.318698
2018,SSD,Sudán del Sur,131013108.108219
2019,SSD,Sudán del Sur,153325288.553778
2020,SSD,Sudán del Sur,180309702.907182
2021,SSD,Sudán del Sur,168587703.960768
2022,SSD,Sudán del Sur,162592699.457334
2023,SSD,Sudán del Sur,236236673.963287
1970,STP,Santo Tomé y Príncipe,6066526.66295872
1971,STP,Santo Tomé y Príncipe,6392622.53932742
1972,STP,Santo Tomé y Príncipe,6539079.53481813
1973,STP,Santo Tomé y Príncipe,6643201.47857238
1974,STP,Santo Tomé y Príncipe,7020786.16419108
1975,STP,Santo Tomé y Príncipe,7398370.34309749
1976,STP,Santo Tomé y Príncipe,7519655.89888478
1977,STP,Santo Tomé y Príncipe,9280573.49615249
1978,STP,Santo Tomé y Príncipe,9549456.57234258
1979,STP,Santo Tomé y Príncipe,11110146.4705249
1980,STP,Santo Tomé y Príncipe,10990002.030814
1981,STP,Santo Tomé y Príncipe,9856491.87476967
1982,STP,Santo Tomé y Príncipe,10161367.4005139
1983,STP,Santo Tomé y Príncipe,9767686.4078484
1984,STP,Santo Tomé y Príncipe,9178614.96051914
1985,STP,Santo Tomé y Príncipe,10032392.2323742
1986,STP,Santo Tomé y Príncipe,9447068.42913961
1987,STP,Santo Tomé y Príncipe,9526038.44161359
1988,STP,Santo Tomé y Príncipe,9620257.62263808
1989,STP,Santo Tomé y Príncipe,9708606.03507403
1990,STP,Santo Tomé y Príncipe,9780880.0979957
1991,STP,Santo Tomé y Príncipe,9861548.69451683
1992,STP,Santo Tomé y Príncipe,9960789.64768844
1993,STP,Santo Tomé y Príncipe,10113945.4641011
1994,STP,Santo Tomé y Príncipe,10156585.3877319
1995,STP,Santo Tomé y Príncipe,10384132.8177249
1996,STP,Santo Tomé y Príncipe,10553361.3790629
1997,STP,Santo Tomé y Príncipe,10713158.2511965
1998,STP,Santo Tomé y Príncipe,10762113.3300939
1999,STP,Santo Tomé y Príncipe,11176558.9701313
2000,STP,Santo Tomé y Príncipe,11588074.2085453
2001,STP,Santo Tomé y Príncipe,11457286.6149974
2002,STP,Santo Tomé y Príncipe,11974077.2432411
2003,STP,Santo Tomé y Príncipe,12381745.7753078
2004,STP,Santo Tomé y Príncipe,12720068.6192271
2005,STP,Santo Tomé y Príncipe,13174538.2806997
2006,STP,Santo Tomé y Príncipe,13831063.0991305
2007,STP,Santo Tomé y Príncipe,14280084.7589683
2008,STP,Santo Tomé y Príncipe,15373819.7737638
2009,STP,Santo Tomé y Príncipe,17385467.5638949
2010,STP,Santo Tomé y Príncipe,18222725.1705851
2011,STP,Santo Tomé y Príncipe,19480216.1695378
2012,STP,Santo Tomé y Príncipe,19189532.2193433
2013,STP,Santo Tomé y Príncipe,20346525.2808377
2014,STP,Santo Tomé y Príncipe,19617450.7479997
2015,STP,Santo Tomé y Príncipe,20269672.5656663
2016,STP,Santo Tomé y Príncipe,22571037.5833951
2017,STP,Santo Tomé y Príncipe,22788054.9408437
2018,STP,Santo Tomé y Príncipe,22454873.8754322
2019,STP,Santo Tomé y Príncipe,22708902.4274934
2020,STP,Santo Tomé y Príncipe,23465423.8760238
2021,STP,Santo Tomé y Príncipe,24162659.7333026
2022,STP,Santo Tomé y Príncipe,24494206.8204839
2023,STP,Santo Tomé y Príncipe,24850469.8974723
1970,SUR,Suriname,384022526.04878
1971,SUR,Suriname,399645671.121951
1972,SUR,Suriname,415856511.219512
1973,SUR,Suriname,436277978.926829
1974,SUR,Suriname,450433157.560975
1975,SUR,Suriname,468542169.658536
1976,SUR,Suriname,503758807.317073
1977,SUR,Suriname,495714397.756097
1978,SUR,Suriname,527355742.243902
1979,SUR,Suriname,497680809.07317
1980,SUR,Suriname,445302763.902439
1981,SUR,Suriname,457816290.146341
1982,SUR,Suriname,382556368.975609
1983,SUR,Suriname,346088378.634146
1984,SUR,Suriname,335183734.536585
1985,SUR,Suriname,356832134.634146
1986,SUR,Suriname,366592684.682926
1987,SUR,Suriname,284861483.121951
1988,SUR,Suriname,318826768.097561
1989,SUR,Suriname,323492525.853658
1990,SUR,Suriname,326495772
1991,SUR,Suriname,335805134.04878
1992,SUR,Suriname,285172842.731707
1993,SUR,Suriname,227458513.463414
1994,SUR,Suriname,233846611.02439
1995,SUR,Suriname,229971609.073171
1996,SUR,Suriname,240937006.243902
1997,SUR,Suriname,241535534.04878
1998,SUR,Suriname,246718574.04878
1999,SUR,Suriname,224625083.121951
2000,SUR,Suriname,359540052
2001,SUR,Suriname,404100162.439024
2002,SUR,Suriname,389782732.682926
2003,SUR,Suriname,411002628.292683
2004,SUR,Suriname,455358794.341463
2005,SUR,Suriname,501949559.121951
2006,SUR,Suriname,510740269.463414
2007,SUR,Suriname,520509796.975609
2008,SUR,Suriname,584167462.829268
2009,SUR,Suriname,531421585.756097
2010,SUR,Suriname,611635397.268292
2011,SUR,Suriname,639676353.365853
2012,SUR,Suriname,538169741.268292
2013,SUR,Suriname,601183053.07317
2014,SUR,Suriname,567412052.487804
2015,SUR,Suriname,589243902.439024
2016,SUR,Suriname,615853463.414634
2017,SUR,Suriname,750401560.975609
2018,SUR,Suriname,794302243.902438
2019,SUR,Suriname,740082731.707316
2020,SUR,Suriname,751285170.731707
2021,SUR,Suriname,603035707.317073
2022,SUR,Suriname,614126341.463414
2023,SUR,Suriname,589997980.682926
1990,SVK,Eslovaquia,4713540052.28423
1991,SVK,Eslovaquia,4086039585.44894
1992,SVK,Eslovaquia,2544929269.95773
1993,SVK,Eslovaquia,2102317744.36385
1994,SVK,Eslovaquia,2369575541.17481
1995,SVK,Eslovaquia,3135520984.58227
1996,SVK,Eslovaquia,3188953930.57603
1997,SVK,Eslovaquia,3407084287.81282
1998,SVK,Eslovaquia,3971198918.68332
1999,SVK,Eslovaquia,3951693726.50609
2000,SVK,Eslovaquia,4463470540.34514
2001,SVK,Eslovaquia,5204126120.70276
2002,SVK,Eslovaquia,5354437085.13164
2003,SVK,Eslovaquia,6261624497.40921
2004,SVK,Eslovaquia,7555235227.66941
2005,SVK,Eslovaquia,8549699425.89885
2006,SVK,Eslovaquia,9608534051.13543
2007,SVK,Eslovaquia,10572878485.199
2008,SVK,Eslovaquia,10873216806.4594
2009,SVK,Eslovaquia,9211519529.58045
2010,SVK,Eslovaquia,11722225359.8396
2011,SVK,Eslovaquia,12302191212.3439
2012,SVK,Eslovaquia,12297717222.8296
2013,SVK,Eslovaquia,12231992489.8798
2014,SVK,Eslovaquia,14859169693.4127
2015,SVK,Eslovaquia,16791218302.4785
2016,SVK,Eslovaquia,16563120253.5034
2017,SVK,Eslovaquia,16728089588.1357
2018,SVK,Eslovaquia,18819678623.8549
2019,SVK,Eslovaquia,19889888356.8095
2020,SVK,Eslovaquia,17573506840.8161
2021,SVK,Eslovaquia,18183684868.9506
2022,SVK,Eslovaquia,17276264834.7111
2023,SVK,Eslovaquia,20668479374.3733
1990,SVN,Eslovenia,5460158671.59545
1991,SVN,Eslovenia,4792246787.97265
1992,SVN,Eslovenia,4138517016.93092
1993,SVN,Eslovenia,4054588834.15494
1994,SVN,Eslovenia,4351584646.44977
1995,SVN,Eslovenia,4458571139.50378
1996,SVN,Eslovenia,4697051863.34528
1997,SVN,Eslovenia,5054837942.49153
1998,SVN,Eslovenia,5141252895.87656
1999,SVN,Eslovenia,5302501481.56784
2000,SVN,Eslovenia,5764605691.64417
2001,SVN,Eslovenia,6037122950.73468
2002,SVN,Eslovenia,6337847338.47896
2003,SVN,Eslovenia,6740053895.84017
2004,SVN,Eslovenia,7138022134.64125
2005,SVN,Eslovenia,7405814874.66443
2006,SVN,Eslovenia,7922101069.28264
2007,SVN,Eslovenia,8624688299.37662
2008,SVN,Eslovenia,8710925770.82844
2009,SVN,Eslovenia,7344794836.20263
2010,SVN,Eslovenia,7883587489.7746
2011,SVN,Eslovenia,8102125243.71183
2012,SVN,Eslovenia,7878996707.09358
2013,SVN,Eslovenia,7858982494.44147
2014,SVN,Eslovenia,8234940473.77813
2015,SVN,Eslovenia,8534971182.13554
2016,SVN,Eslovenia,8995443058.37538
2017,SVN,Eslovenia,9697815310.35307
2018,SVN,Eslovenia,10055562643.4435
2019,SVN,Eslovenia,10765019174.2766
2020,SVN,Eslovenia,10512376142.0881
2021,SVN,Eslovenia,11451214323.0034
2022,SVN,Eslovenia,11063672522.8424
2023,SVN,Eslovenia,11212713601.1976
1970,SVU,Unión Soviética,109366897232.135
1971,SVU,Unión Soviética,115424140770.602
1972,SVU,Unión Soviética,123500465489.675
1973,SVU,Unión Soviética,130230736088.343
1974,SVU,Unión Soviética,139316601397.3
1975,SVU,Unión Soviética,151094574945.389
1976,SVU,Unión Soviética,157824845544.057
1977,SVU,Unión Soviética,164555116142.726
1978,SVU,Unión Soviética,171958413801.597
1979,SVU,Unión Soviética,172294927331.279
1980,SVU,Unión Soviética,179361711460.467
1981,SVU,Unión Soviética,186091982059.136
1982,SVU,Unión Soviética,191139685008.556
1983,SVU,Unión Soviética,203254172086.327
1984,SVU,Unión Soviética,210993983274.88
1985,SVU,Unión Soviética,220416362113.519
1986,SVU,Unión Soviética,238924606260.277
1987,SVU,Unión Soviética,252385147458.452
1988,SVU,Unión Soviética,267528256305.875
1989,SVU,Unión Soviética,288392095162.083
1990,SVU,Unión Soviética,265509175126.107
1970,SWE,Suecia,24386094621.3458
1971,SWE,Suecia,24543379212.2853
1972,SWE,Suecia,24691519350.229
1973,SWE,Suecia,26438941178.8683
1974,SWE,Suecia,27867803519.2393
1975,SWE,Suecia,27960744413.821
1976,SWE,Suecia,27967394925.051
1977,SWE,Suecia,26364289190.2783
1978,SWE,Suecia,25651520647.9003
1979,SWE,Suecia,27302177538.0987
1980,SWE,Suecia,28996907530.8489
1981,SWE,Suecia,27941328108.1802
1982,SWE,Suecia,27692379982.6222
1983,SWE,Suecia,29277545975.0852
1984,SWE,Suecia,31991636376.2418
1985,SWE,Suecia,32744034818.9391
1986,SWE,Suecia,33008828103.8907
1987,SWE,Suecia,33747831794.014
1988,SWE,Suecia,34903872570.7954
1989,SWE,Suecia,35067551130.6858
1990,SWE,Suecia,34399768882.7076
1991,SWE,Suecia,32793203783.1744
1992,SWE,Suecia,31229926837.2601
1993,SWE,Suecia,31304251938.7178
1994,SWE,Suecia,36131406143.0039
1995,SWE,Suecia,40984496384.4181
1996,SWE,Suecia,42553299705.8219
1997,SWE,Suecia,45864503437.4734
1998,SWE,Suecia,49983865368.0364
1999,SWE,Suecia,53976053536.7157
2000,SWE,Suecia,58865868334.9035
2001,SWE,Suecia,58461462310.6099
2002,SWE,Suecia,61821050918.248
2003,SWE,Suecia,63242956012.5574
2004,SWE,Suecia,66719038837.3795
2005,SWE,Suecia,68665331371.4356
2006,SWE,Suecia,73503274095.3674
2007,SWE,Suecia,76288455763.0833
2008,SWE,Suecia,73116630987.2581
2009,SWE,Suecia,57138397492.2462
2010,SWE,Suecia,70111210953.8464
2011,SWE,Suecia,74071578438.3183
2012,SWE,Suecia,68819639894.8524
2013,SWE,Suecia,65971579683.343
2014,SWE,Suecia,64648296915.0875
2015,SWE,Suecia,69048487281.2755
2016,SWE,Suecia,70307365856.4948
2017,SWE,Suecia,72452319716.9555
2018,SWE,Suecia,74614491618.8708
2019,SWE,Suecia,73756640844.6216
2020,SWE,Suecia,69164218673.8381
2021,SWE,Suecia,82433335013.3833
2022,SWE,Suecia,86411683363.9313
2023,SWE,Suecia,81617766518.1495
1970,SWZ,Eswatini,40377804.184401
1971,SWZ,Eswatini,41819219.2004946
1972,SWZ,Eswatini,49563049.0914346
1973,SWZ,Eswatini,54359286.5888987
1974,SWZ,Eswatini,66389867.7748352
1975,SWZ,Eswatini,86399309.5701487
1976,SWZ,Eswatini,100984394.826173
1977,SWZ,Eswatini,113955916.251046
1978,SWZ,Eswatini,128018955.229793
1979,SWZ,Eswatini,133988751.058789
1980,SWZ,Eswatini,143275100.103095
1981,SWZ,Eswatini,159035001.127745
1982,SWZ,Eswatini,167345029.001507
1983,SWZ,Eswatini,169065337.825687
1984,SWZ,Eswatini,168205183.413597
1985,SWZ,Eswatini,166056596.778132
1986,SWZ,Eswatini,269276753.604023
1987,SWZ,Eswatini,398223988.821499
1988,SWZ,Eswatini,489905940.900344
1989,SWZ,Eswatini,534343621.702031
1990,SWZ,Eswatini,642553272.545387
1991,SWZ,Eswatini,650973043.661011
1992,SWZ,Eswatini,668904037.663257
1993,SWZ,Eswatini,674984983.45172
1994,SWZ,Eswatini,704610103.986178
1995,SWZ,Eswatini,732520086.023354
1996,SWZ,Eswatini,750451080.0256
1997,SWZ,Eswatini,791770327.092271
1998,SWZ,Eswatini,804244062.032338
1999,SWZ,Eswatini,814378971.74884
2000,SWZ,Eswatini,790665175.596977
2001,SWZ,Eswatini,796717040.381493
2002,SWZ,Eswatini,845917217.451979
2003,SWZ,Eswatini,874293518.760918
2004,SWZ,Eswatini,872336947.576384
2005,SWZ,Eswatini,897873944.430011
2006,SWZ,Eswatini,1017225493.20505
2007,SWZ,Eswatini,1107319423.85591
2008,SWZ,Eswatini,1062524061.04324
2009,SWZ,Eswatini,1018404797.74853
2010,SWZ,Eswatini,1130257337.5006
2011,SWZ,Eswatini,1149065105.363
2012,SWZ,Eswatini,1170612072.82158
2013,SWZ,Eswatini,1207946566.48709
2014,SWZ,Eswatini,1264349737.92421
2015,SWZ,Eswatini,1287341067.67894
2016,SWZ,Eswatini,1306366344.80934
2017,SWZ,Eswatini,1347598198.7549
2018,SWZ,Eswatini,1339088429.30907
2019,SWZ,Eswatini,1410721999.85917
2020,SWZ,Eswatini,1268999376.57223
2021,SWZ,Eswatini,1524202621.25705
2022,SWZ,Eswatini,1514397104.014
2023,SWZ,Eswatini,1550621783.99119
2005,SXM,San Martín (parte Holandesa),14594771.0409303
2006,SXM,San Martín (parte Holandesa),14322653.3918595
2007,SXM,San Martín (parte Holandesa),13504916.2239197
2008,SXM,San Martín (parte Holandesa),13662898.0503933
2009,SXM,San Martín (parte Holandesa),11296560.3693992
2010,SXM,San Martín (parte Holandesa),13478008.4026907
2011,SXM,San Martín (parte Holandesa),15556548.3981302
2012,SXM,San Martín (parte Holandesa),13866000.9234979
2013,SXM,San Martín (parte Holandesa),12582995.3255045
2014,SXM,San Martín (parte Holandesa),14362102.3828526
2015,SXM,San Martín (parte Holandesa),15921787.7094972
2016,SXM,San Martín (parte Holandesa),17546459.924752
2017,SXM,San Martín (parte Holandesa),17026564.8158705
2018,SXM,San Martín (parte Holandesa),19885987.914719
2019,SXM,San Martín (parte Holandesa),19561053.471668
2020,SXM,San Martín (parte Holandesa),20470869.9122107
2021,SXM,San Martín (parte Holandesa),21640633.9071942
2022,SXM,San Martín (parte Holandesa),28250144.2594915
2023,SXM,San Martín (parte Holandesa),30513404.9367233
1970,SYC,Seychelles,2739830.49036914
1971,SYC,Seychelles,3174197.58335982
1972,SYC,Seychelles,3399118.86217451
1973,SYC,Seychelles,3652852.8262866
1974,SYC,Seychelles,3728103.18466257
1975,SYC,Seychelles,3958899.09207529
1976,SYC,Seychelles,4242514.28006983
1977,SYC,Seychelles,4965452.65096401
1978,SYC,Seychelles,5897099.08805816
1979,SYC,Seychelles,6517330.31321539
1980,SYC,Seychelles,7735441.93632827
1981,SYC,Seychelles,6730839.86701145
1982,SYC,Seychelles,6827176.4899393
1983,SYC,Seychelles,7311033.11214692
1984,SYC,Seychelles,7687032.48414993
1985,SYC,Seychelles,8220650.43746039
1986,SYC,Seychelles,8562170.83595943
1987,SYC,Seychelles,9407820.91953453
1988,SYC,Seychelles,11339013.0552072
1989,SYC,Seychelles,10908171.0245955
1990,SYC,Seychelles,13151033.060879
1991,SYC,Seychelles,16930858.4006956
1992,SYC,Seychelles,35412344.2268256
1993,SYC,Seychelles,35283926.3599329
1994,SYC,Seychelles,34419640.8311959
1995,SYC,Seychelles,37402319.2085223
1996,SYC,Seychelles,45001982.1983592
1997,SYC,Seychelles,62755079.6141582
1998,SYC,Seychelles,83970713.7608715
1999,SYC,Seychelles,86282312.1151031
2000,SYC,Seychelles,82546405.1113044
2001,SYC,Seychelles,80007073.9201381
2002,SYC,Seychelles,82056676.9719919
2003,SYC,Seychelles,72679289.3070721
2004,SYC,Seychelles,66276546.7925499
2005,SYC,Seychelles,73930508.0593504
2006,SYC,Seychelles,76333167.6296227
2007,SYC,Seychelles,78690873.5145515
2008,SYC,Seychelles,70208189.7237457
2009,SYC,Seychelles,63989022.838223
2010,SYC,Seychelles,70819424.455572
2011,SYC,Seychelles,80412508.8594614
2012,SYC,Seychelles,96794975.5487222
2013,SYC,Seychelles,87387748.6002538
2014,SYC,Seychelles,83338947.4529592
2015,SYC,Seychelles,83916008.9154776
2016,SYC,Seychelles,97316697.6157248
2017,SYC,Seychelles,98696898.3226638
2018,SYC,Seychelles,106334837.992966
2019,SYC,Seychelles,84478613.8625212
2020,SYC,Seychelles,99271467.9977999
2021,SYC,Seychelles,110765880.62116
2022,SYC,Seychelles,98814113.9069165
2023,SYC,Seychelles,97111012.3002382
1970,SYR,Siria,801611740.533262
1971,SYR,Siria,797862971.657526
1972,SYR,Siria,812545649.68669
1973,SYR,Siria,979990658.612712
1974,SYR,Siria,1076833854.0902
1975,SYR,Siria,1084018994.40837
1976,SYR,Siria,1191483701.60598
1977,SYR,Siria,1169303485.88607
1978,SYR,Siria,1297698819.23233
1979,SYR,Siria,1136814155.77812
1980,SYR,Siria,1421408191.48392
1981,SYR,Siria,1212726725.14745
1982,SYR,Siria,1475140545.11308
1983,SYR,Siria,1671638512.68438
1984,SYR,Siria,1055590830.56898
1985,SYR,Siria,1994032634.37842
1986,SYR,Siria,1217412686.22187
1987,SYR,Siria,1442963612.43844
1988,SYR,Siria,2359537597.8803
1989,SYR,Siria,1949724356.79646
1990,SYR,Siria,1261903889.60898
1991,SYR,Siria,1454439638.44669
1992,SYR,Siria,1765060980.88719
1993,SYR,Siria,2027248486.20494
1994,SYR,Siria,2227370085.31967
1995,SYR,Siria,2516110110.96896
1996,SYR,Siria,3097849686.59614
1997,SYR,Siria,3580198923.24429
1998,SYR,Siria,3637327240.34012
1999,SYR,Siria,3691287476.46868
2000,SYR,Siria,283296382.700703
2001,SYR,Siria,691978826.890969
2002,SYR,Siria,746041922.805785
2003,SYR,Siria,707016925.49977
2004,SYR,Siria,1456658940.29817
2005,SYR,Siria,1446763830.27338
2006,SYR,Siria,1551989376.53143
2007,SYR,Siria,1889513430.79686
2008,SYR,Siria,1929196730.64179
2009,SYR,Siria,2078302255.43289
2010,SYR,Siria,2293561745.8128
2011,SYR,Siria,1993892770.39827
2012,SYR,Siria,1059275092.26173
2013,SYR,Siria,326289522.827837
2014,SYR,Siria,401424130.72858
2015,SYR,Siria,474655417.72426
2016,SYR,Siria,405655880.2246
2017,SYR,Siria,511718203.482891
2018,SYR,Siria,591560614.823754
2019,SYR,Siria,569517130.194341
2020,SYR,Siria,513256540.325005
2021,SYR,Siria,498272182.248779
2022,SYR,Siria,427812079.053408
2023,SYR,Siria,394517697.849421
1970,TAN,Tanganica (ex),638417667.874952
1971,TAN,Tanganica (ex),699049513.427002
1972,TAN,Tanganica (ex),757898069.404642
1973,TAN,Tanganica (ex),791780571.330994
1974,TAN,Tanganica (ex),802480308.781474
1975,TAN,Tanganica (ex),805155243.143843
1976,TAN,Tanganica (ex),947818409.149405
1977,TAN,Tanganica (ex),890497480.81229806
1978,TAN,Tanganica (ex),920506672.706448
1979,TAN,Tanganica (ex),951190228.463145
1980,TAN,Tanganica (ex),904659121.930812
1981,TAN,Tanganica (ex),803167360.581041
1982,TAN,Tanganica (ex),776867169.932658
1983,TAN,Tanganica (ex),709093601.722302
1984,TAN,Tanganica (ex),727975789.880154
1985,TAN,Tanganica (ex),699652507.643125
1986,TAN,Tanganica (ex),671329225.406096
1987,TAN,Tanganica (ex),701675599.231771
1988,TAN,Tanganica (ex),751241343.14632
1989,TAN,Tanganica (ex),808899453.414952
1990,TAN,Tanganica (ex),788331355.599979
1991,TAN,Tanganica (ex),879033295.144977
1992,TAN,Tanganica (ex),916797671.461182
1993,TAN,Tanganica (ex),935679859.619034
1994,TAN,Tanganica (ex),899938574.891475
1995,TAN,Tanganica (ex),914571722.450567
1996,TAN,Tanganica (ex),958642513.460223
1997,TAN,Tanganica (ex),1006577209.35818
1998,TAN,Tanganica (ex),1087093790.60022
1999,TAN,Tanganica (ex),1152766015.11073
2000,TAN,Tanganica (ex),1208154032.13539
2001,TAN,Tanganica (ex),1268102828.21982
2002,TAN,Tanganica (ex),1362578484.88668
2003,TAN,Tanganica (ex),1485330306.40145
2004,TAN,Tanganica (ex),1625047826.82408
2005,TAN,Tanganica (ex),1781398385.39286
2006,TAN,Tanganica (ex),1931658558.24999
2007,TAN,Tanganica (ex),2153927091.37192
2008,TAN,Tanganica (ex),2399107973.96525
2009,TAN,Tanganica (ex),2511582096.04976
2010,TAN,Tanganica (ex),2736347232.20416
2011,TAN,Tanganica (ex),2926219898.65185
2012,TAN,Tanganica (ex),3046608850.1566
2013,TAN,Tanganica (ex),3159859098.07394
2014,TAN,Tanganica (ex),3474854950.4585
2015,TAN,Tanganica (ex),3721856935.54983
2016,TAN,Tanganica (ex),4124436204.72352
2017,TAN,Tanganica (ex),4464125274.3088
2018,TAN,Tanganica (ex),4832552546.89538
2019,TAN,Tanganica (ex),5114294209.78555
2020,TAN,Tanganica (ex),5346152318.54618
2021,TAN,Tanganica (ex),5601995284.89783
2022,TAN,Tanganica (ex),5837198832.34409
2023,TAN,Tanganica (ex),6090497975.97079
1970,TCA,Islas Turcas y Caicos,1052020.24533658
1971,TCA,Islas Turcas y Caicos,1164081.64922952
1972,TCA,Islas Turcas y Caicos,1288072.17883212
1973,TCA,Islas Turcas y Caicos,1425276.93592863
1974,TCA,Islas Turcas y Caicos,1577142.15531225
1975,TCA,Islas Turcas y Caicos,1745176.14760746
1976,TCA,Islas Turcas y Caicos,1930991.56366586
1977,TCA,Islas Turcas y Caicos,2136598.60381184
1978,TCA,Islas Turcas y Caicos,2364262.37550689
1979,TCA,Islas Turcas y Caicos,2616541.19545823
1980,TCA,Islas Turcas y Caicos,2895219.4136253
1981,TCA,Islas Turcas y Caicos,3202476.28791565
1982,TCA,Islas Turcas y Caicos,3543526.18815896
1983,TCA,Islas Turcas y Caicos,3922462.15693431
1984,TCA,Islas Turcas y Caicos,4343980.82522303
1985,TCA,Islas Turcas y Caicos,4802314.42376318
1986,TCA,Islas Turcas y Caicos,5302827.8892944
1987,TCA,Islas Turcas y Caicos,5877381.97242498
1988,TCA,Islas Turcas y Caicos,6518877.57542579
1989,TCA,Islas Turcas y Caicos,7236575.88402271
1990,TCA,Islas Turcas y Caicos,7929680.27656123
1991,TCA,Islas Turcas y Caicos,8705093.25912409
1992,TCA,Islas Turcas y Caicos,9828772.78751014
1993,TCA,Islas Turcas y Caicos,10942007.7270884
1994,TCA,Islas Turcas y Caicos,12199175.3872668
1995,TCA,Islas Turcas y Caicos,12515136.0855637
1996,TCA,Islas Turcas y Caicos,13874322.0725872
1997,TCA,Islas Turcas y Caicos,17847570.1841038
1998,TCA,Islas Turcas y Caicos,16854257.8260341
1999,TCA,Islas Turcas y Caicos,17302850.8021087
2000,TCA,Islas Turcas y Caicos,14322915.0486618
2001,TCA,Islas Turcas y Caicos,12781862.7250608
2002,TCA,Islas Turcas y Caicos,10916370.4087591
2003,TCA,Islas Turcas y Caicos,12115907.9237632
2004,TCA,Islas Turcas y Caicos,12312305.2879157
2005,TCA,Islas Turcas y Caicos,12685163.1082725
2006,TCA,Islas Turcas y Caicos,12837296.4424169
2007,TCA,Islas Turcas y Caicos,14105814.7343877
2008,TCA,Islas Turcas y Caicos,12138907.6796431
2009,TCA,Islas Turcas y Caicos,11444890.6403082
2010,TCA,Islas Turcas y Caicos,8630735.65855637
2011,TCA,Islas Turcas y Caicos,8684142.00567721
2012,TCA,Islas Turcas y Caicos,5932864.55798865
2013,TCA,Islas Turcas y Caicos,6292111.92214112
2014,TCA,Islas Turcas y Caicos,6731925.79075426
2015,TCA,Islas Turcas y Caicos,6514000
2016,TCA,Islas Turcas y Caicos,6450603.40632603
2017,TCA,Islas Turcas y Caicos,6407018.24817518
2018,TCA,Islas Turcas y Caicos,6218149.22952149
2019,TCA,Islas Turcas y Caicos,6031921.73560422
2020,TCA,Islas Turcas y Caicos,5850977.29115977
2021,TCA,Islas Turcas y Caicos,5726701.47688564
2022,TCA,Islas Turcas y Caicos,5591977.11151663
2023,TCA,Islas Turcas y Caicos,5441859.26074615
1970,TCD,Chad,243063020.324925
1971,TCD,Chad,247602665.195044
1972,TCD,Chad,230690303.936497
1973,TCD,Chad,219523640.148384
1974,TCD,Chad,249430222.579751
1975,TCD,Chad,292698988.550492
1976,TCD,Chad,288175950.085907
1977,TCD,Chad,266085193.771469
1978,TCD,Chad,266172286.211782
1979,TCD,Chad,208285867.271467
1980,TCD,Chad,194263259.810425
1981,TCD,Chad,177868698.185544
1982,TCD,Chad,181766560.657968
1983,TCD,Chad,206528811.665855
1984,TCD,Chad,245464131.394077
1985,TCD,Chad,216049374.891436
1986,TCD,Chad,242283128.367421
1987,TCD,Chad,226877890.064638
1988,TCD,Chad,244742255.513276
1989,TCD,Chad,271114310.945737
1990,TCD,Chad,273665858.779996
1991,TCD,Chad,280795831.919452
1992,TCD,Chad,310137210.25162
1993,TCD,Chad,287052707.221633
1994,TCD,Chad,266607254.405849
1995,TCD,Chad,313412511.721982
1996,TCD,Chad,314281577.299771
1997,TCD,Chad,358723029.341976
1998,TCD,Chad,399170423.382672
1999,TCD,Chad,364077052.061948
2000,TCD,Chad,359405818.804483
2001,TCD,Chad,413118398.881175
2002,TCD,Chad,519926347.515917
2003,TCD,Chad,522505242.089904
2004,TCD,Chad,462676230.970567
2005,TCD,Chad,571012232.239692
2006,TCD,Chad,578005268.628718
2007,TCD,Chad,759086084.278751
2008,TCD,Chad,696141918.404846
2009,TCD,Chad,795047638.470573
2010,TCD,Chad,824324835.298159
2011,TCD,Chad,959703431.996113
2012,TCD,Chad,1951425776.80278
2013,TCD,Chad,1134047326.67283
2014,TCD,Chad,830079595.797641
2015,TCD,Chad,981361108.709094
2016,TCD,Chad,1173351286.81862
2017,TCD,Chad,1336533581.80939
2018,TCD,Chad,1399960343.34452
2019,TCD,Chad,1412560391.97974
2020,TCD,Chad,1409743513.37399
2021,TCD,Chad,1364990381.11718
2022,TCD,Chad,1407455686.21951
2023,TCD,Chad,1455627493.81532
1970,TGO,Togo,66030460.7507077
1971,TGO,Togo,67711823.9314296
1972,TGO,Togo,78673491.3512624
1973,TGO,Togo,87612378.8395059
1974,TGO,Togo,94551735.8904564
1975,TGO,Togo,94741583.094737
1976,TGO,Togo,109111563.103573
1977,TGO,Togo,111230476.256467
1978,TGO,Togo,94280890.1231172
1979,TGO,Togo,102755683.189792
1980,TGO,Togo,116527329.491417
1981,TGO,Togo,121668245.422836
1982,TGO,Togo,126809152.59258801
1983,TGO,Togo,117384145.766753
1984,TGO,Togo,95963683.0370512
1985,TGO,Togo,105388689.862887
1986,TGO,Togo,110529597.032639
1987,TGO,Togo,111386413.559999
1988,TGO,Togo,118223827.020852
1989,TGO,Togo,138190169.072742
1990,TGO,Togo,157227073.804846
1991,TGO,Togo,165435388.301259
1992,TGO,Togo,170093059.611547
1993,TGO,Togo,105571194.12551901
1994,TGO,Togo,131377708.364094
1995,TGO,Togo,163413303.039619
1996,TGO,Togo,167774506.92276
1997,TGO,Togo,172561557.088813
1998,TGO,Togo,156797805.87279
1999,TGO,Togo,155710048.356837
2000,TGO,Togo,196466350.920236
2001,TGO,Togo,202739911.60866
2002,TGO,Togo,208263024.355147
2003,TGO,Togo,237410287.918776
2004,TGO,Togo,223381036.279638
2005,TGO,Togo,299279870.321856
2006,TGO,Togo,425212578.681747
2007,TGO,Togo,608294797.324153
2008,TGO,Togo,555087122.125335
2009,TGO,Togo,547673534.040127
2010,TGO,Togo,568067244.180068
2011,TGO,Togo,606182186.8933
2012,TGO,Togo,591174026.48261
2013,TGO,Togo,763487937.637657
2014,TGO,Togo,875950191.390213
2015,TGO,Togo,856486774.074106
2016,TGO,Togo,815817754.699074
2017,TGO,Togo,812397659.99036
2018,TGO,Togo,861297233.694077
2019,TGO,Togo,875906213.911268
2020,TGO,Togo,985680767.123693
2021,TGO,Togo,996207203.75246
2022,TGO,Togo,1073535188.50479
2023,TGO,Togo,1153538679.7608
1970,THA,Tailandia,5212623936.61455
1971,THA,Tailandia,5789733628.87117
1972,THA,Tailandia,6556560803.44561
1973,THA,Tailandia,7588280489.12691
1974,THA,Tailandia,8057129763.79142
1975,THA,Tailandia,8524303828.88378
1976,THA,Tailandia,9829920277.06052
1977,THA,Tailandia,11235421095.092
1978,THA,Tailandia,12215837488.0994
1979,THA,Tailandia,13226407653.1175
1980,THA,Tailandia,13607727228.4601
1981,THA,Tailandia,14462953646.5111
1982,THA,Tailandia,14846041948.5636
1983,THA,Tailandia,16507101477.2758
1984,THA,Tailandia,17529787972.842
1985,THA,Tailandia,17289785505.2078
1986,THA,Tailandia,18991339808.1589
1987,THA,Tailandia,22036766069.0688
1988,THA,Tailandia,25988488590.744
1989,THA,Tailandia,30177634295.0623
1990,THA,Tailandia,34884829388.0703
1991,THA,Tailandia,38108658295.0689
1992,THA,Tailandia,42018493115.8831
1993,THA,Tailandia,45516984886.6744
1994,THA,Tailandia,49302826684.1659
1995,THA,Tailandia,54833245990.1116
1996,THA,Tailandia,58062614953.3063
1997,THA,Tailandia,58606787545.3132
1998,THA,Tailandia,53741445219.6349
1999,THA,Tailandia,59038406749.678
2000,THA,Tailandia,60972835823.9102
2001,THA,Tailandia,62170278809.1037
2002,THA,Tailandia,67680005734.2072
2003,THA,Tailandia,74584226348.7462
2004,THA,Tailandia,80157470244.0689
2005,THA,Tailandia,83525021527.8374
2006,THA,Tailandia,88253621360.6346
2007,THA,Tailandia,94671015663.2739
2008,THA,Tailandia,96915213381.1266
2009,THA,Tailandia,93699337660.3101
2010,THA,Tailandia,104386520416.955
2011,THA,Tailandia,99310181627.3817
2012,THA,Tailandia,106186222757.076
2013,THA,Tailandia,108182235318.626
2014,THA,Tailandia,108217655079.868
2015,THA,Tailandia,109851119028.373
2016,THA,Tailandia,112330749142.964
2017,THA,Tailandia,115593768936.236
2018,THA,Tailandia,119596613335.998
2019,THA,Tailandia,118583961950.691
2020,THA,Tailandia,112296522381.81
2021,THA,Tailandia,117606360085.22
2022,THA,Tailandia,118399746281.882
2023,THA,Tailandia,114569187550.046
1990,TJK,Tayikistán,3014177889.61175
1991,TJK,Tayikistán,2953894399.17984
1992,TJK,Tayikistán,2265637073.40533
1993,TJK,Tayikistán,1862353595.38116
1994,TJK,Tayikistán,1277574501.70487
1995,TJK,Tayikistán,1103824359.22897
1996,TJK,Tayikistán,840010459.844414
1997,TJK,Tayikistán,823210145.739431
1998,TJK,Tayikistán,890713491.404659
1999,TJK,Tayikistán,935249025.887258
2000,TJK,Tayikistán,1118690175.18794
2001,TJK,Tayikistán,1249389753.42994
2002,TJK,Tayikistán,1389618463.44223
2003,TJK,Tayikistán,1520221702.66278
2004,TJK,Tayikistán,1490665941.13773
2005,TJK,Tayikistán,1585486944.36399
2006,TJK,Tayikistán,1652082985.853
2007,TJK,Tayikistán,1508242846.50936
2008,TJK,Tayikistán,1374007050.47361
2009,TJK,Tayikistán,1284711338.38477
2010,TJK,Tayikistán,1185682241.11412
2011,TJK,Tayikistán,736286792.462088
2012,TJK,Tayikistán,831925542.731783
2013,TJK,Tayikistán,658433640.729321
2014,TJK,Tayikistán,684347069.171669
2015,TJK,Tayikistán,833745880.844918
2016,TJK,Tayikistán,1076797817.25622
2017,TJK,Tayikistán,1333892888.5177
2018,TJK,Tayikistán,1506873786.67245
2019,TJK,Tayikistán,1687033721.26636
2020,TJK,Tayikistán,2140913312.9277
2021,TJK,Tayikistán,2286820882.97756
2022,TJK,Tayikistán,2515769962.88913
2023,TJK,Tayikistán,2856149405.01457
1990,TKM,Turkmenistán,4101191038.09117
1991,TKM,Turkmenistán,4017519195.05936
1992,TKM,Turkmenistán,9888352321.58626
1993,TKM,Turkmenistán,6370999343.94932
1994,TKM,Turkmenistán,4345177898.614
1995,TKM,Turkmenistán,5644111345.16493
1996,TKM,Turkmenistán,6145154899.02729
1997,TKM,Turkmenistán,3332196578.07485
1998,TKM,Turkmenistán,3095301082.6248
1999,TKM,Turkmenistán,3588591516.49288
2000,TKM,Turkmenistán,4169127775.25244
2001,TKM,Turkmenistán,4375433757.8336
2002,TKM,Turkmenistán,4064547777.12134
2003,TKM,Turkmenistán,4186087474.82311
2004,TKM,Turkmenistán,4279856451.62927
2005,TKM,Turkmenistán,4684117662.35686
2006,TKM,Turkmenistán,5055866416.43366
2007,TKM,Turkmenistán,5908615216.20643
2008,TKM,Turkmenistán,10868695399.7312
2009,TKM,Turkmenistán,11621752786.3048
2010,TKM,Turkmenistán,13103402516.0055
2011,TKM,Turkmenistán,16469434789.5584
2012,TKM,Turkmenistán,17672837011.7637
2013,TKM,Turkmenistán,16777323279.0321
2014,TKM,Turkmenistán,16664132274.4379
2015,TKM,Turkmenistán,15358810815.203
2016,TKM,Turkmenistán,14406983371.0619
2017,TKM,Turkmenistán,14034247149.4045
2018,TKM,Turkmenistán,14227280454.2408
2019,TKM,Turkmenistán,14283543571.8393
2020,TKM,Turkmenistán,13332496377.3513
2021,TKM,Turkmenistán,14061219551.0186
2022,TKM,Turkmenistán,16322501109.8888
2023,TKM,Turkmenistán,16402973110.5538
1990,TLS,Timor-Leste,15307695
1991,TLS,Timor-Leste,17005147
1992,TLS,Timor-Leste,19319485
1993,TLS,Timor-Leste,19900892
1994,TLS,Timor-Leste,22984129
1995,TLS,Timor-Leste,27749131
1996,TLS,Timor-Leste,29991485
1997,TLS,Timor-Leste,33635311
1998,TLS,Timor-Leste,32233839
1999,TLS,Timor-Leste,16015555
2000,TLS,Timor-Leste,17691583
2001,TLS,Timor-Leste,21219673
2002,TLS,Timor-Leste,20123403
2003,TLS,Timor-Leste,20175396
2004,TLS,Timor-Leste,18629699
2005,TLS,Timor-Leste,17222102
2006,TLS,Timor-Leste,16787649
2007,TLS,Timor-Leste,15983016
2008,TLS,Timor-Leste,14812731
2009,TLS,Timor-Leste,13749216
2010,TLS,Timor-Leste,11866059
2011,TLS,Timor-Leste,11519383
2012,TLS,Timor-Leste,10280301
2013,TLS,Timor-Leste,10303042
2014,TLS,Timor-Leste,11370776
2015,TLS,Timor-Leste,15485448
2016,TLS,Timor-Leste,18128329
2017,TLS,Timor-Leste,24837514
2018,TLS,Timor-Leste,25521908
2019,TLS,Timor-Leste,35599533
2020,TLS,Timor-Leste,31598063
2021,TLS,Timor-Leste,25567226
2022,TLS,Timor-Leste,36289624
2023,TLS,Timor-Leste,27925045
1970,TON,Tonga,14739221.9558022
1971,TON,Tonga,15166650.6026725
1972,TON,Tonga,15450353.5224163
1973,TON,Tonga,15666797.4100669
1974,TON,Tonga,16521995.1618211
1975,TON,Tonga,16331145.937392
1976,TON,Tonga,16331145.937392
1977,TON,Tonga,19300445.4768555
1978,TON,Tonga,20785095.0280648
1979,TON,Tonga,20785095.0280648
1980,TON,Tonga,25239044.1187376
1981,TON,Tonga,31177642.3235748
1982,TON,Tonga,32662292.311829
1983,TON,Tonga,22269744.5792741
1984,TON,Tonga,28515461.2609717
1985,TON,Tonga,28329541.466498
1986,TON,Tonga,26828344.0824667
1987,TON,Tonga,24535292.4930957
1988,TON,Tonga,26435833.5786687
1989,TON,Tonga,29210967.5966466
1990,TON,Tonga,28604976.3699376
1991,TON,Tonga,26890355.5158833
1992,TON,Tonga,26601140.148225
1993,TON,Tonga,28129841.2078056
1994,TON,Tonga,23949971.7441923
1995,TON,Tonga,23061348.3578592
1996,TON,Tonga,23949794.3039439
1997,TON,Tonga,24303154.7584492
1998,TON,Tonga,24523470.4272838
1999,TON,Tonga,25324226.8011455
2000,TON,Tonga,24669939.0484966
2001,TON,Tonga,24765200.8614684
2002,TON,Tonga,25278995.7084627
2003,TON,Tonga,25959553.795821
2004,TON,Tonga,27015079.4028112
2005,TON,Tonga,25543361.1374889
2006,TON,Tonga,24860476.6598786
2007,TON,Tonga,22959040.5062545
2008,TON,Tonga,22349645.5734995
2009,TON,Tonga,21871600.5661115
2010,TON,Tonga,21983955.643999
2011,TON,Tonga,22534283.9521891
2012,TON,Tonga,22979792.2744201
2013,TON,Tonga,23434774.4199636
2014,TON,Tonga,23646389.8350416
2015,TON,Tonga,24361972.7044393
2016,TON,Tonga,26170914.8507399
2017,TON,Tonga,26573945.900498
2018,TON,Tonga,26101402.8519457
2019,TON,Tonga,24845927.8706434
2020,TON,Tonga,25736798.9791381
2021,TON,Tonga,27639669.0772328
2022,TON,Tonga,22049210.825011
2023,TON,Tonga,19161984.8302036
1970,TTO,Trinidad y Tobago,770478069.073515
1971,TTO,Trinidad y Tobago,766596567.652156
1972,TTO,Trinidad y Tobago,803470832.848124
1973,TTO,Trinidad y Tobago,789885577.183603
1974,TTO,Trinidad y Tobago,822878340.958213
1975,TTO,Trinidad y Tobago,716137046.791666
1976,TTO,Trinidad y Tobago,850048852.161843
1977,TTO,Trinidad y Tobago,824819091.731598
1978,TTO,Trinidad y Tobago,869456360.271932
1979,TTO,Trinidad y Tobago,892745369.928792
1980,TTO,Trinidad y Tobago,914093628.686854
1981,TTO,Trinidad y Tobago,853930353.834026
1982,TTO,Trinidad y Tobago,870772263.73112
1983,TTO,Trinidad y Tobago,884427866.435123
1984,TTO,Trinidad y Tobago,872593010.716517
1985,TTO,Trinidad y Tobago,777458978.942431
1986,TTO,Trinidad y Tobago,815694666.388228
1987,TTO,Trinidad y Tobago,755154827.838323
1988,TTO,Trinidad y Tobago,760617068.919925
1989,TTO,Trinidad y Tobago,799307943.018013
1990,TTO,Trinidad y Tobago,821156907.344418
1991,TTO,Trinidad y Tobago,889890107.516725
1992,TTO,Trinidad y Tobago,912649445.273122
1993,TTO,Trinidad y Tobago,884883053.087414
1994,TTO,Trinidad y Tobago,943146957.999632
1995,TTO,Trinidad y Tobago,982748205.527712
1996,TTO,Trinidad y Tobago,1074358660.51972
1997,TTO,Trinidad y Tobago,1122522955.54078
1998,TTO,Trinidad y Tobago,1278417999.74406
1999,TTO,Trinidad y Tobago,1500956701.3107
2000,TTO,Trinidad y Tobago,1710323942.62318
2001,TTO,Trinidad y Tobago,1727741601.41869
2002,TTO,Trinidad y Tobago,1943486844.80245
2003,TTO,Trinidad y Tobago,2569547430.5694
2004,TTO,Trinidad y Tobago,2786515520.20162
2005,TTO,Trinidad y Tobago,3093096977.37707
2006,TTO,Trinidad y Tobago,3899575407.67773
2007,TTO,Trinidad y Tobago,4063571992.60087
2008,TTO,Trinidad y Tobago,4282930591.34029
2009,TTO,Trinidad y Tobago,4043037689.53112
2010,TTO,Trinidad y Tobago,4044675913.25807
2011,TTO,Trinidad y Tobago,3929263915.34138
2012,TTO,Trinidad y Tobago,3819566690.94519
2013,TTO,Trinidad y Tobago,3818282679.42143
2014,TTO,Trinidad y Tobago,3732405055.59924
2015,TTO,Trinidad y Tobago,3800698160.15565
2016,TTO,Trinidad y Tobago,3676469565.59472
2017,TTO,Trinidad y Tobago,3595007728.48783
2018,TTO,Trinidad y Tobago,3561601376.35753
2019,TTO,Trinidad y Tobago,3462557894.67104
2020,TTO,Trinidad y Tobago,3055188376.97099
2021,TTO,Trinidad y Tobago,3052360077.69053
2022,TTO,Trinidad y Tobago,3199729274.76117
2023,TTO,Trinidad y Tobago,3047918401.36746
1970,TUN,Túnez,500608226.648701
1971,TUN,Túnez,628523893.564148
1972,TUN,Túnez,802236527.664636
1973,TUN,Túnez,799078115.998051
1974,TUN,Túnez,893830461.314557
1975,TUN,Túnez,907253710.807523
1976,TUN,Túnez,1117288076.73322
1977,TUN,Túnez,1164986509.20569
1978,TUN,Túnez,1246264637.82192
1979,TUN,Túnez,1382872948.0342
1980,TUN,Túnez,1592364462.28664
1981,TUN,Túnez,1751104845.13735
1982,TUN,Túnez,1839251547.42467
1983,TUN,Túnez,1991123355.88411
1984,TUN,Túnez,2121626266.43745
1985,TUN,Túnez,2230760279.80484
1986,TUN,Túnez,2376298057.77337
1987,TUN,Túnez,2472407910.89743
1988,TUN,Túnez,2638612920.59811
1989,TUN,Túnez,2783283542.00305
1990,TUN,Túnez,2639769129.10951
1991,TUN,Túnez,2742382657.00057
1992,TUN,Túnez,2919571649.71996
1993,TUN,Túnez,3064104899.40662
1994,TUN,Túnez,3328600747.06058
1995,TUN,Túnez,3474579329.22251
1996,TUN,Túnez,3568525941.91493
1997,TUN,Túnez,3835912454.15933
1998,TUN,Túnez,4065637187.06517
1999,TUN,Túnez,4349768010.54528
2000,TUN,Túnez,4599317861.84513
2001,TUN,Túnez,4914620757.412
2002,TUN,Túnez,4954776642.73578
2003,TUN,Túnez,4991423158.71821
2004,TUN,Túnez,5111151673.87757
2005,TUN,Túnez,5177898022.72321
2006,TUN,Túnez,5388416727.99203
2007,TUN,Túnez,5856343044.57192
2008,TUN,Túnez,6107967960.19733
2009,TUN,Túnez,6048476379.07639
2010,TUN,Túnez,6473346145.59171
2011,TUN,Túnez,6427510161.54466
2012,TUN,Túnez,6715800475.76393
2013,TUN,Túnez,6908793496.60589
2014,TUN,Túnez,6865286343.84254
2015,TUN,Túnez,6413880178.4235
2016,TUN,Túnez,6439915886.01708
2017,TUN,Túnez,6536656558.43398
2018,TUN,Túnez,6652107170.44443
2019,TUN,Túnez,6589831613.64808
2020,TUN,Túnez,5898957440.14194
2021,TUN,Túnez,6318450900.48942
2022,TUN,Túnez,6665690419.82247
2023,TUN,Túnez,6701013676.6759
1970,TUR,Turquía,11904164199.0034
1971,TUR,Turquía,12939826930.9338
1972,TUR,Turquía,14350267322.484
1973,TUR,Turquía,16201451894.6563
1974,TUR,Turquía,17384159265.8908
1975,TUR,Turquía,18896580347.1082
1976,TUR,Turquía,20597272115.7101
1977,TUR,Turquía,21956692436.8034
1978,TUR,Turquía,22659307792.5437
1979,TUR,Turquía,21277089067.9919
1980,TUR,Turquía,20443027286.1374
1981,TUR,Turquía,22372850277.3015
1982,TUR,Turquía,23809187135.7478
1983,TUR,Turquía,25585351000.9376
1984,TUR,Turquía,27951996601.2756
1985,TUR,Turquía,29545260196.3025
1986,TUR,Turquía,32647512120.3545
1987,TUR,Turquía,35931851815.921
1988,TUR,Turquía,36497084441.2351
1989,TUR,Turquía,37599486560.3742
1990,TUR,Turquía,41239412212.4519
1991,TUR,Turquía,42221053693.6818
1992,TUR,Turquía,44656926820.6999
1993,TUR,Turquía,48808178345.4505
1994,TUR,Turquía,45078426454.192
1995,TUR,Turquía,51350612100.0085
1996,TUR,Turquía,55002775875.3357
1997,TUR,Turquía,61298110026.0136
1998,TUR,Turquía,62017695467.0584
1999,TUR,Turquía,58546064812.2846
2000,TUR,Turquía,62934741139.4323
2001,TUR,Turquía,57513528216.7474
2002,TUR,Turquía,60042518670.8515
2003,TUR,Turquía,65886665798.301
2004,TUR,Turquía,74765209033.8748
2005,TUR,Turquía,81886298077.946
2006,TUR,Turquía,89748751575.4666
2007,TUR,Turquía,95772323977.9418
2008,TUR,Turquía,96212963778.0698
2009,TUR,Turquía,87595968127.8035
2010,TUR,Turquía,95631511865.5479
2011,TUR,Turquía,114981115372.104
2012,TUR,Turquía,117473227447.853
2013,TUR,Turquía,129001921549.327
2014,TUR,Turquía,136241787327.76
2015,TUR,Turquía,144307461529.251
2016,TUR,Turquía,150093713605.147
2017,TUR,Turquía,164000959459.915
2018,TUR,Turquía,166332045540.015
2019,TUR,Turquía,162576061863.736
2020,TUR,Turquía,167481921542.855
2021,TUR,Turquía,198708556483.283
2022,TUR,Turquía,207303052768.196
2023,TUR,Turquía,212578086141.006
1970,TUV,Tuvalu,233857.501199573
1971,TUV,Tuvalu,230010.862289659
1972,TUV,Tuvalu,225316.511257712
1973,TUV,Tuvalu,221128.755312391
1974,TUV,Tuvalu,218195.874588814
1975,TUV,Tuvalu,214361.57395465
1976,TUV,Tuvalu,211721.182944411
1977,TUV,Tuvalu,203288.334360584
1978,TUV,Tuvalu,201379.530524155
1979,TUV,Tuvalu,204136.772263544
1980,TUV,Tuvalu,196232.292194135
1981,TUV,Tuvalu,199173.882288829
1982,TUV,Tuvalu,168049.493041145
1983,TUV,Tuvalu,195598.685445389
1984,TUV,Tuvalu,222513.54531996
1985,TUV,Tuvalu,161711.973991832
1986,TUV,Tuvalu,222946.83653302
1987,TUV,Tuvalu,271863.019410443
1988,TUV,Tuvalu,446739.207845295
1989,TUV,Tuvalu,385388.220355883
1990,TUV,Tuvalu,261714.424716609
1991,TUV,Tuvalu,283166.331558177
1992,TUV,Tuvalu,314628.934717563
1993,TUV,Tuvalu,298182.013144441
1994,TUV,Tuvalu,282450.711564748
1995,TUV,Tuvalu,214520.519977531
1996,TUV,Tuvalu,200575.365257705
1997,TUV,Tuvalu,262898.899188492
1998,TUV,Tuvalu,290835.658607433
1999,TUV,Tuvalu,255017.644108728
2000,TUV,Tuvalu,200575.365257705
2001,TUV,Tuvalu,215423.391449971
2002,TUV,Tuvalu,255763.02112014
2003,TUV,Tuvalu,341620.001589406
2004,TUV,Tuvalu,266525.626477707
2005,TUV,Tuvalu,220485.713411602
2006,TUV,Tuvalu,242090.034247714
2007,TUV,Tuvalu,220506.761058468
2008,TUV,Tuvalu,303009.182085919
2009,TUV,Tuvalu,295878.384484051
2010,TUV,Tuvalu,310097.158613129
2011,TUV,Tuvalu,316112.430931122
2012,TUV,Tuvalu,336455.344517153
2013,TUV,Tuvalu,286278.480170575
2014,TUV,Tuvalu,355594.187546288
2015,TUV,Tuvalu,448070.29006431
2016,TUV,Tuvalu,508046.648479124
2017,TUV,Tuvalu,435468.555839249
2018,TUV,Tuvalu,580624.741118999
2019,TUV,Tuvalu,653202.833758874
2020,TUV,Tuvalu,145156.18527975
2021,TUV,Tuvalu,8431.39702197426
2022,TUV,Tuvalu,72578.0926398748
2023,TUV,Tuvalu,50719.7484795237
1970,UGA,Uganda,389599103.285442
1971,UGA,Uganda,400390369.770858
1972,UGA,Uganda,400198894.158039
1973,UGA,Uganda,400229890.033231
1974,UGA,Uganda,400742325.120674
1975,UGA,Uganda,394296141.090113
1976,UGA,Uganda,394985239.289127
1977,UGA,Uganda,402279630.383318
1978,UGA,Uganda,380420058.164595
1979,UGA,Uganda,338031211.283218
1980,UGA,Uganda,331189921.691301
1981,UGA,Uganda,318768913.286505
1982,UGA,Uganda,382323679.72575
1983,UGA,Uganda,410915354.314295
1984,UGA,Uganda,395723460.991167
1985,UGA,Uganda,368068901.603287
1986,UGA,Uganda,355210135.299121
1987,UGA,Uganda,387622728.049204
1988,UGA,Uganda,449887753.465266
1989,UGA,Uganda,502163324.067201
1990,UGA,Uganda,528827632.856859
1991,UGA,Uganda,591672317.160581
1992,UGA,Uganda,638552229.625237
1993,UGA,Uganda,718269818.022941
1994,UGA,Uganda,847074853.145632
1995,UGA,Uganda,979953787.858622
1996,UGA,Uganda,1186982745.3158
1997,UGA,Uganda,1341023719.1718
1998,UGA,Uganda,1467956692.36034
1999,UGA,Uganda,1606164307.92553
2000,UGA,Uganda,1665741708.16736
2001,UGA,Uganda,1803835455.54468
2002,UGA,Uganda,1867342234.12328
2003,UGA,Uganda,1983617519.78211
2004,UGA,Uganda,2071243668.84744
2005,UGA,Uganda,2268632643.96636
2006,UGA,Uganda,2347564870.55609
2007,UGA,Uganda,2525181940.36365
2008,UGA,Uganda,2705896888.13407
2009,UGA,Uganda,2835785007.10097
2010,UGA,Uganda,4517309358.06879
2011,UGA,Uganda,4604539762.7029
2012,UGA,Uganda,4717125278.42223
2013,UGA,Uganda,4432302234.16674
2014,UGA,Uganda,4882622834.90157
2015,UGA,Uganda,5283836076.49019
2016,UGA,Uganda,5075455386.64874
2017,UGA,Uganda,5393946490.8015
2018,UGA,Uganda,5750094037.18676
2019,UGA,Uganda,6215914208.78329
2020,UGA,Uganda,5922687059.65066
2021,UGA,Uganda,6250572897.73196
2022,UGA,Uganda,6505573682.07109
2023,UGA,Uganda,6674959934.18472
1990,UKR,Ucrania,30404575509.5962
1991,UKR,Ucrania,27101843719.7658
1992,UKR,Ucrania,23881107330.289
1993,UKR,Ucrania,18510268131.9253
1994,UKR,Ucrania,11337172674.7505
1995,UKR,Ucrania,10062616811.1642
1996,UKR,Ucrania,9633644750.73524
1997,UKR,Ucrania,9380964546.93053
1998,UKR,Ucrania,9369453673.97255
1999,UKR,Ucrania,9947104911.65193
2000,UKR,Ucrania,10418888138.8484
2001,UKR,Ucrania,11730775307.8626
2002,UKR,Ucrania,12976458159.1021
2003,UKR,Ucrania,15176795603.5781
2004,UKR,Ucrania,16998921827.2286
2005,UKR,Ucrania,16971229211.9564
2006,UKR,Ucrania,18401020636.0786
2007,UKR,Ucrania,20192225854.3446
2008,UKR,Ucrania,19241020498.5929
2009,UKR,Ucrania,15084949314.0239
2010,UKR,Ucrania,15383677705.1093
2011,UKR,Ucrania,15889587206.0321
2012,UKR,Ucrania,15528507826.8777
2013,UKR,Ucrania,13989053779.1172
2014,UKR,Ucrania,12782320908.5881
2015,UKR,Ucrania,10835215141.3682
2016,UKR,Ucrania,11232537986.4124
2017,UKR,Ucrania,11681587341.6983
2018,UKR,Ucrania,11874735239.806
2019,UKR,Ucrania,11977079395.044
2020,UKR,Ucrania,11286769710.727
2021,UKR,Ucrania,11510164988.583
2022,UKR,Ucrania,6647523938.65779
2023,UKR,Ucrania,7565561689.10439
1970,URY,Uruguay,3669328957.18545
1971,URY,Uruguay,3694719726.91408
1972,URY,Uruguay,3747677618.19793
1973,URY,Uruguay,3718659595.57617
1974,URY,Uruguay,3798459157.75986
1975,URY,Uruguay,4037132393.58578
1976,URY,Uruguay,4140871824.3269
1977,URY,Uruguay,4365036048.89428
1978,URY,Uruguay,4616767394.91221
1979,URY,Uruguay,4946121951.32214
1980,URY,Uruguay,5063644942.87575
1981,URY,Uruguay,4832951663.28214
1982,URY,Uruguay,4016094327.19634
1983,URY,Uruguay,3734619508.00593
1984,URY,Uruguay,3901893916.84872
1985,URY,Uruguay,3840929448.58152
1986,URY,Uruguay,4291697032.29256
1987,URY,Uruguay,4715593225.10036
1988,URY,Uruguay,4674530380.75216
1989,URY,Uruguay,4665545259.38651
1990,URY,Uruguay,4597527050.94136
1991,URY,Uruguay,4573510745.20538
1992,URY,Uruguay,4643712254.17515
1993,URY,Uruguay,4223846770.09529
1994,URY,Uruguay,4400190273.39278
1995,URY,Uruguay,4274230628.16533
1996,URY,Uruguay,4450574131.46283
1997,URY,Uruguay,4702493421.91772
1998,URY,Uruguay,4727526409.83256
1999,URY,Uruguay,4511126556.73736
2000,URY,Uruguay,4345716909.51114
2001,URY,Uruguay,4050711879.9858
2002,URY,Uruguay,3820424162.87301
2003,URY,Uruguay,4006866095.4828
2004,URY,Uruguay,4306543855.18816
2005,URY,Uruguay,4916179380.82749
2006,URY,Uruguay,5151972425.80813
2007,URY,Uruguay,5579778878.77914
2008,URY,Uruguay,6033777385.87893
2009,URY,Uruguay,6350046182.07575
2010,URY,Uruguay,6512500273.97952
2011,URY,Uruguay,6560127388.23977
2012,URY,Uruguay,6224030952.985
2013,URY,Uruguay,6221661053.34795
2014,URY,Uruguay,6402849760.57095
2015,URY,Uruguay,6634433001.66743
2016,URY,Uruguay,6645027617.89132
2017,URY,Uruguay,6449429674.45444
2018,URY,Uruguay,6795450006.35213
2019,URY,Uruguay,6637527429.22734
2020,URY,Uruguay,5931567810.65554
2021,URY,Uruguay,6392009625.42696
2022,URY,Uruguay,6444790022.8623
2023,URY,Uruguay,6344466122.29317
1970,USA,Estados Unidos,780186486284.276
1971,USA,Estados Unidos,790485779883.369
1972,USA,Estados Unidos,847936852404.695
1973,USA,Estados Unidos,927249619090.705
1974,USA,Estados Unidos,891141227965.47
1975,USA,Estados Unidos,838194959346.712
1976,USA,Estados Unidos,902610928424.169
1977,USA,Estados Unidos,941021435179.245
1978,USA,Estados Unidos,980503059213.023
1979,USA,Estados Unidos,988322471766.265
1980,USA,Estados Unidos,921024248980.486
1981,USA,Estados Unidos,951789150824.73
1982,USA,Estados Unidos,903334430419.049
1983,USA,Estados Unidos,931407403352.42
1984,USA,Estados Unidos,1004986793598.23
1985,USA,Estados Unidos,1031521521439.39
1986,USA,Estados Unidos,1041007366175.03
1987,USA,Estados Unidos,1119329678787.66
1988,USA,Estados Unidos,1198444045492.65
1989,USA,Estados Unidos,1189167832684.94
1990,USA,Estados Unidos,1179251881062.84
1991,USA,Estados Unidos,1140760929067.84
1992,USA,Estados Unidos,1160806078583.83
1993,USA,Estados Unidos,1201322870156.42
1994,USA,Estados Unidos,1290139942211.7
1995,USA,Estados Unidos,1374478842566.23
1996,USA,Estados Unidos,1407958507182.49
1997,USA,Estados Unidos,1479817719786.91
1998,USA,Estados Unidos,1540634999756.12
1999,USA,Estados Unidos,1626862239163.93
2000,USA,Estados Unidos,1742977422665.46
2001,USA,Estados Unidos,1673412451742.71
2002,USA,Estados Unidos,1688200215022.02
2003,USA,Estados Unidos,1782654449494.47
2004,USA,Estados Unidos,1908454576552.91
2005,USA,Estados Unidos,1966251820359.23
2006,USA,Estados Unidos,2079451106876.25
2007,USA,Estados Unidos,2150161608757.13
2008,USA,Estados Unidos,2105798318917.22
2009,USA,Estados Unidos,1907725602306.28
2010,USA,Estados Unidos,2016342764990.78
2011,USA,Estados Unidos,2026860821971.7
2012,USA,Estados Unidos,2014780677320.15
2013,USA,Estados Unidos,2078654033608.81
2014,USA,Estados Unidos,2114358627003.81
2015,USA,Estados Unidos,2141414684580
2016,USA,Estados Unidos,2137230047814.36
2017,USA,Estados Unidos,2104055439346.64
2018,USA,Estados Unidos,2207091143457.43
2019,USA,Estados Unidos,2218860469139.69
2020,USA,Estados Unidos,2122560637044.66
2021,USA,Estados Unidos,2283291069629.21
2022,USA,Estados Unidos,2304733362838.99
2023,USA,Estados Unidos,2311701609474.19
1990,UZB,Uzbekistán,6679118916.95972
1991,UZB,Uzbekistán,6949489528.24055
1992,UZB,Uzbekistán,5632730816.75156
1993,UZB,Uzbekistán,5278767052.77024
1994,UZB,Uzbekistán,4697764989.6761
1995,UZB,Uzbekistán,4453646801.82289
1996,UZB,Uzbekistán,4533791701.6166
1997,UZB,Uzbekistán,4647216958.68204
1998,UZB,Uzbekistán,4675002532.12648
1999,UZB,Uzbekistán,4731054608.56657
2000,UZB,Uzbekistán,4792956033.45441
2001,UZB,Uzbekistán,4921698606.60045
2002,UZB,Uzbekistán,5089149188.96546
2003,UZB,Uzbekistán,5243723106.42811
2004,UZB,Uzbekistán,5574908415.99548
2005,UZB,Uzbekistán,5789622847.0565
2006,UZB,Uzbekistán,6157082009.44442
2007,UZB,Uzbekistán,6535561505.01584
2008,UZB,Uzbekistán,7010464745.23392
2009,UZB,Uzbekistán,7327372364.07915
2010,UZB,Uzbekistán,7474485236.538
2011,UZB,Uzbekistán,8082285329.0251
2012,UZB,Uzbekistán,8588431119.19661
2013,UZB,Uzbekistán,9658900637.62663
2014,UZB,Uzbekistán,10427457401.9055
2015,UZB,Uzbekistán,11041283754.088
2016,UZB,Uzbekistán,11778835167.9417
2017,UZB,Uzbekistán,12275474862.218
2018,UZB,Uzbekistán,12991119713.539
2019,UZB,Uzbekistán,13851301674.2318
2020,UZB,Uzbekistán,14941671573.5257
2021,UZB,Uzbekistán,16182148317.7672
2022,UZB,Uzbekistán,17060120554.8785
2023,UZB,Uzbekistán,18206595911.9391
1970,VCT,San Vicente y las Granadinas,17730181.5235078
1971,VCT,San Vicente y las Granadinas,18093318.3810975
1972,VCT,San Vicente y las Granadinas,22841821.799601
1973,VCT,San Vicente y las Granadinas,20720562.6064628
1974,VCT,San Vicente y las Granadinas,17955308.3715079
1975,VCT,San Vicente y las Granadinas,17274105.167517
1976,VCT,San Vicente y las Granadinas,20422910.9195978
1977,VCT,San Vicente y las Granadinas,15880141.6134562
1978,VCT,San Vicente y las Granadinas,24084881.25804
1979,VCT,San Vicente y las Granadinas,28584254.5261508
1980,VCT,San Vicente y las Granadinas,30172269.0655667
1981,VCT,San Vicente y las Granadinas,30701606.7412783
1982,VCT,San Vicente y las Granadinas,32289620.9026239
1983,VCT,San Vicente y las Granadinas,33348297.3882579
1984,VCT,San Vicente y las Granadinas,35994987.279097
1985,VCT,San Vicente y las Granadinas,36524325.3328789
1986,VCT,San Vicente y las Granadinas,38641677.9260767
1987,VCT,San Vicente y las Granadinas,42347044.3025498
1988,VCT,San Vicente y las Granadinas,44464396.139607
1989,VCT,San Vicente y las Granadinas,49886883.5105903
1990,VCT,San Vicente y las Granadinas,42295401.0399856
1991,VCT,San Vicente y las Granadinas,42766135.5578165
1992,VCT,San Vicente y las Granadinas,49894740.9446911
1993,VCT,San Vicente y las Granadinas,48207828.8977322
1994,VCT,San Vicente y las Granadinas,48744366.543372
1995,VCT,San Vicente y las Granadinas,49286875.8086827
1996,VCT,San Vicente y las Granadinas,52153349.280614
1997,VCT,San Vicente y las Granadinas,52733799.4082524
1998,VCT,San Vicente y las Granadinas,49765995.1686197
1999,VCT,San Vicente y las Granadinas,50319874.5187665
2000,VCT,San Vicente y las Granadinas,46034212.2673189
2001,VCT,San Vicente y las Granadinas,44206998.7269574
2002,VCT,San Vicente y las Granadinas,42960879.1678779
2003,VCT,San Vicente y las Granadinas,46408123.7490937
2004,VCT,San Vicente y las Granadinas,45319281.4159174
2005,VCT,San Vicente y las Granadinas,49169926.9587648
2006,VCT,San Vicente y las Granadinas,48430043.4705613
2007,VCT,San Vicente y las Granadinas,45379772.6566494
2008,VCT,San Vicente y las Granadinas,44913990.1030129
2009,VCT,San Vicente y las Granadinas,44074674.1378561
2010,VCT,San Vicente y las Granadinas,38793788.8219511
2011,VCT,San Vicente y las Granadinas,40304935.6294878
2012,VCT,San Vicente y las Granadinas,38657683.5303041
2013,VCT,San Vicente y las Granadinas,38820631.810026
2014,VCT,San Vicente y las Granadinas,39616469.6959065
2015,VCT,San Vicente y las Granadinas,37716666.6666667
2016,VCT,San Vicente y las Granadinas,37822148.2676931
2017,VCT,San Vicente y las Granadinas,39839153.0758513
2018,VCT,San Vicente y las Granadinas,44037245.1826532
2019,VCT,San Vicente y las Granadinas,37608407.0054096
2020,VCT,San Vicente y las Granadinas,35360275.7523815
2021,VCT,San Vicente y las Granadinas,34239303.8747607
2022,VCT,San Vicente y las Granadinas,35311216.9780776
2023,VCT,San Vicente y las Granadinas,34254991.521904
1970,VEN,Venezuela,19788182663.9496
1971,VEN,Venezuela,20472546085.8395
1972,VEN,Venezuela,21390335791.1648
1973,VEN,Venezuela,22960658061.5479
1974,VEN,Venezuela,24371826047.7706
1975,VEN,Venezuela,25464685465.6724
1976,VEN,Venezuela,28531058007.1638
1977,VEN,Venezuela,29523119711.7639
1978,VEN,Venezuela,30886541412.7385
1979,VEN,Venezuela,31905128831.3653
1980,VEN,Venezuela,32706205394.973
1981,VEN,Venezuela,31899823688.56
1982,VEN,Venezuela,33194278533.065
1983,VEN,Venezuela,32626628252.8927
1984,VEN,Venezuela,34112068238.3903
1985,VEN,Venezuela,35809713936.1018
1986,VEN,Venezuela,38372097911.0851
1987,VEN,Venezuela,39316413330.4371
1988,VEN,Venezuela,42016731018.3594
1989,VEN,Venezuela,37045812209.748
1990,VEN,Venezuela,39305803044.8264
1991,VEN,Venezuela,43146726435.8986
1992,VEN,Venezuela,44228975568.1897
1993,VEN,Venezuela,43767428144.1244
1994,VEN,Venezuela,42701094440.2494
1995,VEN,Venezuela,46106996121.2831
1996,VEN,Venezuela,44748879563.1139
1997,VEN,Venezuela,47014175540.9976
1998,VEN,Venezuela,46229014405.8061
1999,VEN,Venezuela,42844333295.9938
2000,VEN,Venezuela,44897423561.6636
2001,VEN,Venezuela,45019441846.1866
2002,VEN,Venezuela,38833645335.1504
2003,VEN,Venezuela,35952952791.8462
2004,VEN,Venezuela,44536673850.8999
2005,VEN,Venezuela,47210465824.7955
2006,VEN,Venezuela,50674724076.688
2007,VEN,Venezuela,52314013203.5407
2008,VEN,Venezuela,53003681768.236
2009,VEN,Venezuela,49592474944.3969
2010,VEN,Venezuela,48430648670.0257
2011,VEN,Venezuela,50149514938.9585
2012,VEN,Venezuela,50908150360.1234
2013,VEN,Venezuela,51327256641.7459
2014,VEN,Venezuela,47693233820.0822
2015,VEN,Venezuela,44160008711.7202
2016,VEN,Venezuela,33390568816.8629
2017,VEN,Venezuela,25151682040.1568
2018,VEN,Venezuela,16079887843.011
2019,VEN,Venezuela,8138089063.40446
2020,VEN,Venezuela,5713638801.36024
2021,VEN,Venezuela,3798482248.62946
2022,VEN,Venezuela,2456281118.87631
2023,VEN,Venezuela,1543796556.35639
1970,VGB,Islas Vírgenes Británicas,805308.516675606
1971,VGB,Islas Vírgenes Británicas,673404.569015112
1972,VGB,Islas Vírgenes Británicas,624807.661520869
1973,VGB,Islas Vírgenes Británicas,708115.673741917
1974,VGB,Islas Vírgenes Británicas,756711.609181363
1975,VGB,Islas Vírgenes Británicas,909442.802910818
1976,VGB,Islas Vírgenes Británicas,837242.460848924
1977,VGB,Islas Vírgenes Británicas,846962.036758732
1978,VGB,Islas Vírgenes Británicas,817756.650399078
1979,VGB,Islas Vírgenes Británicas,856697.165545283
1980,VGB,Islas Vírgenes Británicas,1051401.6853859
1981,VGB,Islas Vírgenes Británicas,1109812.45810521
1982,VGB,Islas Vírgenes Británicas,1216899.84681207
1983,VGB,Islas Vírgenes Británicas,1285045.74831792
1984,VGB,Islas Vírgenes Británicas,1401868.26581133
1985,VGB,Islas Vírgenes Británicas,1416625.0296764
1986,VGB,Islas Vírgenes Británicas,1733890.10647393
1987,VGB,Islas Vírgenes Británicas,2383176.05187927
1988,VGB,Islas Vírgenes Británicas,2479093.55892
1989,VGB,Islas Vírgenes Británicas,2641415.04527134
1990,VGB,Islas Vírgenes Británicas,3771317.93190979
1991,VGB,Islas Vírgenes Británicas,2454860.23284424
1992,VGB,Islas Vírgenes Británicas,6427943.69063613
1993,VGB,Islas Vírgenes Británicas,10211644.628598
1994,VGB,Islas Vírgenes Británicas,13575059.2062691
1995,VGB,Islas Vírgenes Británicas,17874301.0701914
1996,VGB,Islas Vírgenes Británicas,20387750.9338375
1997,VGB,Islas Vírgenes Británicas,28782707.7725087
1998,VGB,Islas Vírgenes Británicas,31181266.5915419
1999,VGB,Islas Vírgenes Británicas,29981987.1820253
2000,VGB,Islas Vírgenes Británicas,28787705.1062173
2001,VGB,Islas Vírgenes Británicas,27932275.5001266
2002,VGB,Islas Vírgenes Británicas,27825037.4429263
2003,VGB,Islas Vírgenes Británicas,26845451.1659028
2004,VGB,Islas Vírgenes Británicas,26608655.7013207
2005,VGB,Islas Vírgenes Británicas,26108716.2548435
2006,VGB,Islas Vírgenes Británicas,23829296.3598837
2007,VGB,Islas Vírgenes Británicas,22042092.9360431
2008,VGB,Islas Vírgenes Británicas,22138934.8671952
2009,VGB,Islas Vírgenes Británicas,24737666.0142992
2010,VGB,Islas Vírgenes Británicas,23335120.2262947
2011,VGB,Islas Vírgenes Británicas,22174653.0206912
2012,VGB,Islas Vírgenes Británicas,21300539.5493577
2013,VGB,Islas Vírgenes Británicas,23160713.182659
2014,VGB,Islas Vírgenes Británicas,25377566.7706447
2015,VGB,Islas Vírgenes Británicas,27457000
2016,VGB,Islas Vírgenes Británicas,29842082.2513351
2017,VGB,Islas Vírgenes Británicas,26446694.8472989
2018,VGB,Islas Vírgenes Británicas,27965044.43937
2019,VGB,Islas Vírgenes Británicas,27742443.8909806
2020,VGB,Islas Vírgenes Británicas,23870749.6366787
2021,VGB,Islas Vírgenes Británicas,23211790.7739938
2022,VGB,Islas Vírgenes Británicas,22074178.5207646
2023,VGB,Islas Vírgenes Británicas,21290564.3230364
1970,VNM,Vietnam,1684024922.86872
1971,VNM,Vietnam,1748119479.08919
1972,VNM,Vietnam,1782357117.84337
1973,VNM,Vietnam,1757049509.41042
1974,VNM,Vietnam,1800731200.97145
1975,VNM,Vietnam,1854282446.56854
1976,VNM,Vietnam,2058469432.33585
1977,VNM,Vietnam,2337942454.58578
1978,VNM,Vietnam,2377860204.75301
1979,VNM,Vietnam,2539719401.99631
1980,VNM,Vietnam,2451295789.33145
1981,VNM,Vietnam,2586077370.85393
1982,VNM,Vietnam,2811378545.21967
1983,VNM,Vietnam,3005127339.7173
1984,VNM,Vietnam,3219157047.51222
1985,VNM,Vietnam,3500454189.37108
1986,VNM,Vietnam,3535926177.39025
1987,VNM,Vietnam,3475082651.55491
1988,VNM,Vietnam,4234922825.35495
1989,VNM,Vietnam,3711930072.95017
1990,VNM,Vietnam,3494822157.24605
1991,VNM,Vietnam,3854324738.31079
1992,VNM,Vietnam,4308757096.28267
1993,VNM,Vietnam,4757036598.34389
1994,VNM,Vietnam,5240475277.03743
1995,VNM,Vietnam,5950451025.39503
1996,VNM,Vietnam,6759039984.15666
1997,VNM,Vietnam,7625891438.48631
1998,VNM,Vietnam,8403577654.66625
1999,VNM,Vietnam,9074974182.98565
2000,VNM,Vietnam,10135294127.1591
2001,VNM,Vietnam,11285356423.1209
2002,VNM,Vietnam,12593950182.1921
2003,VNM,Vietnam,14046575916.2868
2004,VNM,Vietnam,15572620268.1074
2005,VNM,Vietnam,17584644692.7572
2006,VNM,Vietnam,22096204159.8786
2007,VNM,Vietnam,27431710884.2885
2008,VNM,Vietnam,33284220986.4174
2009,VNM,Vietnam,37633005424.425
2010,VNM,Vietnam,33184832424.4656
2011,VNM,Vietnam,37363245304.2114
2012,VNM,Vietnam,40494959243.6614
2013,VNM,Vietnam,43127194785.025
2014,VNM,Vietnam,45929759124.3013
2015,VNM,Vietnam,50148764986.0912
2016,VNM,Vietnam,55735447392.9275
2017,VNM,Vietnam,62493948698.5184
2018,VNM,Vietnam,69668487506.0024
2019,VNM,Vietnam,76353057774.9554
2020,VNM,Vietnam,80164709285.1846
2021,VNM,Vietnam,84465595988.8999
2022,VNM,Vietnam,91387100505.0103
2023,VNM,Vietnam,94696999920.957
1970,VUT,Vanuatu,3936758.76312516
1971,VUT,Vanuatu,4039864.34530401
1972,VUT,Vanuatu,4152343.14499867
1973,VUT,Vanuatu,4855335.80101113
1974,VUT,Vanuatu,6533144.87896479
1975,VUT,Vanuatu,6233201.36573612
1976,VUT,Vanuatu,6355053.41453075
1977,VUT,Vanuatu,6294127.39802948
1978,VUT,Vanuatu,7400169.14944946
1979,VUT,Vanuatu,7686052.82850838
1980,VUT,Vanuatu,6804968.70806189
1981,VUT,Vanuatu,7088040.41712845
1982,VUT,Vanuatu,7843523.14808091
1983,VUT,Vanuatu,7009796.15426131
1984,VUT,Vanuatu,9444066.18799478
1985,VUT,Vanuatu,10503424.4556986
1986,VUT,Vanuatu,10525963.9912933
1987,VUT,Vanuatu,13253248.0193421
1988,VUT,Vanuatu,15417043.6259391
1989,VUT,Vanuatu,17445601.9873837
1990,VUT,Vanuatu,19631937.1295753
1991,VUT,Vanuatu,22584616.5293634
1992,VUT,Vanuatu,20961769.8402077
1993,VUT,Vanuatu,19474160.3646203
1994,VUT,Vanuatu,20263044.1736034
1995,VUT,Vanuatu,20871611.6820368
1996,VUT,Vanuatu,21097007.053776
1997,VUT,Vanuatu,21254783.818731
1998,VUT,Vanuatu,20713834.9170818
1999,VUT,Vanuatu,21351944.5657861
2000,VUT,Vanuatu,22762058.2916855
2001,VUT,Vanuatu,22865796.346813
2002,VUT,Vanuatu,20715041.1795965
2003,VUT,Vanuatu,20640253.2826936
2004,VUT,Vanuatu,21019263.2894148
2005,VUT,Vanuatu,20592877.0318534
2006,VUT,Vanuatu,27730898.8251032
2007,VUT,Vanuatu,17244955.3058159
2008,VUT,Vanuatu,16486935.2923734
2009,VUT,Vanuatu,18824163.6671543
2010,VUT,Vanuatu,34710999.7822191
2011,VUT,Vanuatu,32073721.8187839
2012,VUT,Vanuatu,27651938.4070363
2013,VUT,Vanuatu,25993769.6276309
2014,VUT,Vanuatu,28552087.1729992
2015,VUT,Vanuatu,24919907.9419208
2016,VUT,Vanuatu,25662135.8717498
2017,VUT,Vanuatu,26167482.5473781
2018,VUT,Vanuatu,27178175.8986347
2019,VUT,Vanuatu,28552087.1729992
2020,VUT,Vanuatu,23593372.9183965
2021,VUT,Vanuatu,25472630.8683892
2022,VUT,Vanuatu,25434898.132368
2023,VUT,Vanuatu,25290860.9855033
1970,WSM,Samoa,53431504.4010569
1971,WSM,Samoa,60651991.0843938
1972,WSM,Samoa,61614704.3314099
1973,WSM,Samoa,66107435.4967408
1974,WSM,Samoa,59047480.4681694
1975,WSM,Samoa,56801008.2876401
1976,WSM,Samoa,62096040.9678185
1977,WSM,Samoa,61614956.6416763
1978,WSM,Samoa,65465221.1923395
1979,WSM,Samoa,74130241.7477892
1980,WSM,Samoa,69638688.7467514
1981,WSM,Samoa,63329018.9141295
1982,WSM,Samoa,62690578.088141
1983,WSM,Samoa,62963807.3256079
1984,WSM,Samoa,63757310.2183902
1985,WSM,Samoa,66282502.2860327
1986,WSM,Samoa,69932284.6236573
1987,WSM,Samoa,70184280.2543817
1988,WSM,Samoa,69337631.0193789
1989,WSM,Samoa,71827906.6988327
1990,WSM,Samoa,68313054.0459652
1991,WSM,Samoa,67629206.3984649
1992,WSM,Samoa,66714460.9006725
1993,WSM,Samoa,68306976.6782378
1994,WSM,Samoa,71170458.7859989
1995,WSM,Samoa,69253527.0241539
1996,WSM,Samoa,72080312.8172987
1997,WSM,Samoa,67611482.3544562
1998,WSM,Samoa,67987030.0672964
1999,WSM,Samoa,74391129.7035396
2000,WSM,Samoa,81641378.682384
2001,WSM,Samoa,97756569.9312714
2002,WSM,Samoa,102600501.083654
2003,WSM,Samoa,115286336.75424
2004,WSM,Samoa,108857625.0467
2005,WSM,Samoa,110339401.547481
2006,WSM,Samoa,92236804.0240379
2007,WSM,Samoa,105281168.284813
2008,WSM,Samoa,87843425.936248
2009,WSM,Samoa,70483129.0848908
2010,WSM,Samoa,70336639.1197017
2011,WSM,Samoa,70108354.6363933
2012,WSM,Samoa,63025431.2068118
2013,WSM,Samoa,57408833.6053806
2014,WSM,Samoa,53319749.0059259
2015,WSM,Samoa,51878929.2956726
2016,WSM,Samoa,55433251.5269358
2017,WSM,Samoa,48558039.6227776
2018,WSM,Samoa,38192427.6700834
2019,WSM,Samoa,42889850.374583
2020,WSM,Samoa,37479685.9838695
2021,WSM,Samoa,37327070.9398123
2022,WSM,Samoa,41930081.0338944
2023,WSM,Samoa,33010276.9697177
1970,YDR,Yemen Democrático,173786945.91704
1971,YDR,Yemen Democrático,98683840.8268713
1972,YDR,Yemen Democrático,173725931.143742
1973,YDR,Yemen Democrático,117879237.394765
1974,YDR,Yemen Democrático,143246052.000793
1975,YDR,Yemen Democrático,72242796.2009433
1976,YDR,Yemen Democrático,119970500.691294
1977,YDR,Yemen Democrático,175899920.881107
1978,YDR,Yemen Democrático,201346420.279854
1979,YDR,Yemen Democrático,144312999.754926
1980,YDR,Yemen Democrático,116020682.291345
1981,YDR,Yemen Democrático,112242522.914539
1982,YDR,Yemen Democrático,123999640.262055
1983,YDR,Yemen Democrático,134059373.00279
1984,YDR,Yemen Democrático,133660452.744434
1985,YDR,Yemen Democrático,173560048.303735
1986,YDR,Yemen Democrático,161163978.471605
1987,YDR,Yemen Democrático,150675609.209203
1988,YDR,Yemen Democrático,93123919.362438
1989,YDR,Yemen Democrático,157796360.512764
1990,YDR,Yemen Democrático,146194870.884705
1989,YEM,Yemen,586772672.985738
1990,YEM,Yemen,626086132.281879
1991,YEM,Yemen,736307731.936161
1992,YEM,Yemen,804299550.628895
1993,YEM,Yemen,852644734.584934
1994,YEM,Yemen,807080188.656614
1995,YEM,Yemen,948576746.677181
1996,YEM,Yemen,2115939149.37632
1997,YEM,Yemen,2132433388.60984
1998,YEM,Yemen,2199905600.67228
1999,YEM,Yemen,2188953298.18944
2000,YEM,Yemen,2310986062.9681
2001,YEM,Yemen,2381001521.5303
2002,YEM,Yemen,2398310937.43123
2003,YEM,Yemen,2533540139.27223
2004,YEM,Yemen,2749595554.23028
2005,YEM,Yemen,2813532492.90499
2006,YEM,Yemen,2982401092.79755
2007,YEM,Yemen,3086015344.93416
2008,YEM,Yemen,3262269338.42152
2009,YEM,Yemen,3499588146.50475
2010,YEM,Yemen,3895203588.72603
2011,YEM,Yemen,3376285160.94451
2012,YEM,Yemen,3449852015.83279
2013,YEM,Yemen,3706635840.09785
2014,YEM,Yemen,3403462709.03076
2015,YEM,Yemen,2547444784.90831
2016,YEM,Yemen,2326833518.68593
2017,YEM,Yemen,2136213342.0491
2018,YEM,Yemen,2044997032.34862
2019,YEM,Yemen,1915645265.29147
2020,YEM,Yemen,1892657522.10806
2021,YEM,Yemen,1817807283.17336
2022,YEM,Yemen,1747831484.08606
2023,YEM,Yemen,1695226426.93958
1970,YMD,República Arábica de Yemen,101727813.617906
1971,YMD,República Arábica de Yemen,113517840.395014
1972,YMD,República Arábica de Yemen,133199171.013589
1973,YMD,República Arábica de Yemen,156653705.317522
1974,YMD,República Arábica de Yemen,159987212.243179
1975,YMD,República Arábica de Yemen,184085857.27523
1976,YMD,República Arábica de Yemen,207941902.355959
1977,YMD,República Arábica de Yemen,248693014.043714
1978,YMD,República Arábica de Yemen,286888775.292062
1979,YMD,República Arábica de Yemen,323371419.765885
1980,YMD,República Arábica de Yemen,343273321.020616
1981,YMD,República Arábica de Yemen,371997809.735472
1982,YMD,República Arábica de Yemen,441876441.105079
1983,YMD,República Arábica de Yemen,538560920.840526
1984,YMD,República Arábica de Yemen,595479469.887841
1985,YMD,República Arábica de Yemen,692785884.493887
1986,YMD,República Arábica de Yemen,766733484.999176
1987,YMD,República Arábica de Yemen,762001711.60875
1988,YMD,República Arábica de Yemen,817501621.319185
1989,YMD,República Arábica de Yemen,859934283.596231
1990,YMD,República Arábica de Yemen,896134791.556366
1970,YUG,Yugoslavia,14922004759.0985
1971,YUG,Yugoslavia,16069276292.7296
1972,YUG,Yugoslavia,16626479121.1903
1973,YUG,Yugoslavia,17326416038.3923
1974,YUG,Yugoslavia,20524442117.821
1975,YUG,Yugoslavia,20434406444.7346
1976,YUG,Yugoslavia,20456428608.9921
1977,YUG,Yugoslavia,22276946970.6378
1978,YUG,Yugoslavia,24608363573.8421
1979,YUG,Yugoslavia,25544368510.355
1980,YUG,Yugoslavia,27440783646.1551
1981,YUG,Yugoslavia,28926455169.1697
1982,YUG,Yugoslavia,29112653166.813
1983,YUG,Yugoslavia,29164417997.4818
1984,YUG,Yugoslavia,31116341516.9042
1985,YUG,Yugoslavia,34956287120.2628
1986,YUG,Yugoslavia,34334240058.3202
1987,YUG,Yugoslavia,37343964502.884
1988,YUG,Yugoslavia,39277984073.3981
1989,YUG,Yugoslavia,42278771898.5239
1990,YUG,Yugoslavia,24828741837.5831
1970,ZAF,Sudáfrica,12485090036.8304
1971,ZAF,Sudáfrica,13278610474.511
1972,ZAF,Sudáfrica,13782911697.5842
1973,ZAF,Sudáfrica,15061508150.9309
1974,ZAF,Sudáfrica,16038629319.8756
1975,ZAF,Sudáfrica,16655638321.7714
1976,ZAF,Sudáfrica,17073185796.1707
1977,ZAF,Sudáfrica,16501356031.9092
1978,ZAF,Sudáfrica,17698725983.7134
1979,ZAF,Sudáfrica,19160082065.4521
1980,ZAF,Sudáfrica,20728017891.0376
1981,ZAF,Sudáfrica,22638643039.4837
1982,ZAF,Sudáfrica,21456533096.0678
1983,ZAF,Sudáfrica,21070947529.0045
1984,ZAF,Sudáfrica,22469941844.1053
1985,ZAF,Sudáfrica,21730732617.3931
1986,ZAF,Sudáfrica,21695165983.6192
1987,ZAF,Sudáfrica,22173513176.5438
1988,ZAF,Sudáfrica,23616364996.1158
1989,ZAF,Sudáfrica,24057583507.2323
1990,ZAF,Sudáfrica,23516874547.5131
1991,ZAF,Sudáfrica,24554389431.0817
1992,ZAF,Sudáfrica,25309035027.1873
1993,ZAF,Sudáfrica,26336762320.065
1994,ZAF,Sudáfrica,27047854902.7122
1995,ZAF,Sudáfrica,28805965471.3783
1996,ZAF,Sudáfrica,29209248987.9533
1997,ZAF,Sudáfrica,29997898710.6693
1998,ZAF,Sudáfrica,29937902913.2194
1999,ZAF,Sudáfrica,30117530330.6785
2000,ZAF,Sudáfrica,32557050287.4781
2001,ZAF,Sudáfrica,33598875896.6461
2002,ZAF,Sudáfrica,34539644421.8023
2003,ZAF,Sudáfrica,34020086304.1595
2004,ZAF,Sudáfrica,35685246667.6162
2005,ZAF,Sudáfrica,37899219547.1376
2006,ZAF,Sudáfrica,40339241164.0455
2007,ZAF,Sudáfrica,42498330500.9771
2008,ZAF,Sudáfrica,43482193237.931
2009,ZAF,Sudáfrica,38861354873.362
2010,ZAF,Sudáfrica,41157024433.92
2011,ZAF,Sudáfrica,42405736215.1462
2012,ZAF,Sudáfrica,43294751020.201
2013,ZAF,Sudáfrica,43735697420.2103
2014,ZAF,Sudáfrica,43453503245.1534
2015,ZAF,Sudáfrica,43372940777.3464
2016,ZAF,Sudáfrica,43567890507.1567
2017,ZAF,Sudáfrica,43485824026.7392
2018,ZAF,Sudáfrica,44145522959.8732
2019,ZAF,Sudáfrica,43837090447.5549
2020,ZAF,Sudáfrica,38692957247.289
2021,ZAF,Sudáfrica,41281732003.3983
2022,ZAF,Sudáfrica,41129681654.417
2023,ZAF,Sudáfrica,41315051317.339
1970,ZMB,Zambia,395414079.785558
1971,ZMB,Zambia,433810336.323781
1972,ZMB,Zambia,456713366.38544
1973,ZMB,Zambia,482984489.370836
1974,ZMB,Zambia,534516307.244882
1975,ZMB,Zambia,509592421.460355
1976,ZMB,Zambia,490731102.53068
1977,ZMB,Zambia,475911494.732989
1978,ZMB,Zambia,495446432.184661
1979,ZMB,Zambia,464796788.806283
1980,ZMB,Zambia,457386985.064312
1981,ZMB,Zambia,499151334.212522
1982,ZMB,Zambia,499488143.473521
1983,ZMB,Zambia,542936538.926723
1984,ZMB,Zambia,551019961.347566
1985,ZMB,Zambia,594131547.53977
1986,ZMB,Zambia,557756146.724415
1987,ZMB,Zambia,583353651.030938
1988,ZMB,Zambia,631180566.877123
1989,ZMB,Zambia,640948035.60296
1990,ZMB,Zambia,685070049.735035
1991,ZMB,Zambia,632864613.182117
1992,ZMB,Zambia,708817099.188498
1993,ZMB,Zambia,653039573.507147
1994,ZMB,Zambia,596722599.489081
1995,ZMB,Zambia,595640159.314394
1996,ZMB,Zambia,630278244.904379
1997,ZMB,Zambia,664069203.401132
1998,ZMB,Zambia,678564489.218681
1999,ZMB,Zambia,700166230.096131
2000,ZMB,Zambia,728246924.482941
2001,ZMB,Zambia,762445758.987546
2002,ZMB,Zambia,810402564.987813
2003,ZMB,Zambia,877630965.648411
2004,ZMB,Zambia,925174071.171432
2005,ZMB,Zambia,959568069.796409
2006,ZMB,Zambia,1024137787.17496
2007,ZMB,Zambia,1065972399.08366
2008,ZMB,Zambia,1098109517.00381
2009,ZMB,Zambia,1138115315.33292
2010,ZMB,Zambia,1155748043.32928
2011,ZMB,Zambia,1278220658.45655
2012,ZMB,Zambia,1339715810.40979
2013,ZMB,Zambia,1422922516.01182
2014,ZMB,Zambia,1515996683.49614
2015,ZMB,Zambia,1598125854.10311
2016,ZMB,Zambia,1628763999.45683
2017,ZMB,Zambia,1700073891.0827
2018,ZMB,Zambia,1769289851.76327
2019,ZMB,Zambia,1812223461.10257
2020,ZMB,Zambia,1829998459.38797
2021,ZMB,Zambia,1906255739.05562
2022,ZMB,Zambia,2167126793.47317
2023,ZMB,Zambia,2208472103.36094
1990,ZPM,Zanzibar,26529555.0939801
1991,ZPM,Zanzibar,29581929.0549165
1992,ZPM,Zanzibar,28285651.084905
1993,ZPM,Zanzibar,26228427.7706581
1994,ZPM,Zanzibar,25761897.2471102
1995,ZPM,Zanzibar,27238867.3182142
1996,ZPM,Zanzibar,41783212.2512365
1997,ZPM,Zanzibar,47879304.1803157
1998,ZPM,Zanzibar,46666935.9697184
1999,ZPM,Zanzibar,45974303.0511505
2000,ZPM,Zanzibar,45580859.1797182
2001,ZPM,Zanzibar,41864952.1101376
2002,ZPM,Zanzibar,48323873.6673488
2003,ZPM,Zanzibar,54448101.6097811
2004,ZPM,Zanzibar,51648678.4243768
2005,ZPM,Zanzibar,52876282.541931
2006,ZPM,Zanzibar,54738150.2939336
2007,ZPM,Zanzibar,55014852.5494915
2008,ZPM,Zanzibar,54772944.2798906
2009,ZPM,Zanzibar,57327154.0446247
2010,ZPM,Zanzibar,59332228.5170517
2011,ZPM,Zanzibar,64119361.5941048
2012,ZPM,Zanzibar,70537524.5918826
2013,ZPM,Zanzibar,74765748.7090322
2014,ZPM,Zanzibar,81544967.8992364
2015,ZPM,Zanzibar,90446835.9425512
2016,ZPM,Zanzibar,97701604.8048386
2017,ZPM,Zanzibar,106118382.052766
2018,ZPM,Zanzibar,108317359.892314
2019,ZPM,Zanzibar,125323658.936422
2020,ZPM,Zanzibar,139394304.988979
2021,ZPM,Zanzibar,145760242.890773
2022,ZPM,Zanzibar,155129625.97602
2023,ZPM,Zanzibar,162760013.797883
1970,ZWE,Zimbabwe,790902617.367467
1971,ZWE,Zimbabwe,827903909.396114
1972,ZWE,Zimbabwe,982075959.85566
1973,ZWE,Zimbabwe,1059161984.74525
1974,ZWE,Zimbabwe,1134706289.55887
1975,ZWE,Zimbabwe,1123914246.30566
1976,ZWE,Zimbabwe,1059161984.74525
1977,ZWE,Zimbabwe,1006743488.55512
1978,ZWE,Zimbabwe,969742195.846111
1979,ZWE,Zimbabwe,1074579190.26746
1980,ZWE,Zimbabwe,1236459843.14793
1981,ZWE,Zimbabwe,1358255762.48709
1982,ZWE,Zimbabwe,1352088880.14213
1983,ZWE,Zimbabwe,1313545868.03752
1984,ZWE,Zimbabwe,1247251886.40115
1985,ZWE,Zimbabwe,1390631892.92711
1986,ZWE,Zimbabwe,1433600855.98152
1987,ZWE,Zimbabwe,1451960321.51905
1988,ZWE,Zimbabwe,1528913828.69866
1989,ZWE,Zimbabwe,1624617427.73413
1990,ZWE,Zimbabwe,1719930400.45126
1991,ZWE,Zimbabwe,1898056283.28755
1992,ZWE,Zimbabwe,1789071367.65667
1993,ZWE,Zimbabwe,1760946229.1925
1994,ZWE,Zimbabwe,1807040206.87586
1995,ZWE,Zimbabwe,1676570811.07851
1996,ZWE,Zimbabwe,1922665780.12407
1997,ZWE,Zimbabwe,1907431329.89585
1998,ZWE,Zimbabwe,1843368512.31294
1999,ZWE,Zimbabwe,1761336856.19121
2000,ZWE,Zimbabwe,1535296473.63931
2001,ZWE,Zimbabwe,1436611861.59149
2002,ZWE,Zimbabwe,1289148812.24731
2003,ZWE,Zimbabwe,1187036780.3387
2004,ZWE,Zimbabwe,1082863688.25504
2005,ZWE,Zimbabwe,1115092409.80289
2006,ZWE,Zimbabwe,1080106539.643
2007,ZWE,Zimbabwe,1025455571.73495
2008,ZWE,Zimbabwe,956503025.915976
2009,ZWE,Zimbabwe,1208731869.32442
2010,ZWE,Zimbabwe,2093454223.61253
2011,ZWE,Zimbabwe,2383354217.3159
2012,ZWE,Zimbabwe,2510749542.96913
2013,ZWE,Zimbabwe,2495654856.35442
2014,ZWE,Zimbabwe,2368598249.81606
2015,ZWE,Zimbabwe,2373335446
2016,ZWE,Zimbabwe,2386507596.42536
2017,ZWE,Zimbabwe,2417532195.76809
2018,ZWE,Zimbabwe,2451085448.74797
2019,ZWE,Zimbabwe,2186340126.8579702
2020,ZWE,Zimbabwe,1781972860.78663
2021,ZWE,Zimbabwe,1803333953.08155
2022,ZWE,Zimbabwe,1827736744.36158
2023,ZWE,Zimbabwe,1866652052.34956
